gene	GM_rep1	GM_rep2	GM_rep3	GM_rep4	OM_rep1	OM_rep2	OM_rep3	OM_rep4
Ar	24.5704825962392	25.1214593660955	24.5704825962392	25.1214593660955	27.5027061173626	23.3787240287429	27.5027061173626	23.3787240287429
Ascl2	24.5704825962392	25.1214593660955	24.5704825962392	25.1214593660955	27.5027061173626	25.4415526195143	27.5027061173626	25.4415526195143
Atf6	43.4708538241154	30.3190026832188	43.4708538241154	30.3190026832188	49.8486548377197	50.1954957087715	49.8486548377197	50.1954957087715
Atf6b	44.4158723855092	32.0515171222598	44.4158723855092	32.0515171222598	48.1297357053845	50.8831052390286	48.1297357053845	50.8831052390286
Bbx	18.9003712278763	17.3251443904107	18.9003712278763	17.3251443904107	15.4702721910164	15.8150191959143	15.4702721910164	15.8150191959143
Bcl6	18.9003712278763	19.9239160489723	18.9003712278763	19.9239160489723	17.1891913233516	19.2530668472	17.1891913233516	19.2530668472
E2f6	40.635798139934	33.7840315613009	40.635798139934	33.7840315613009	48.1297357053845	51.5707147692858	48.1297357053845	51.5707147692858
E2f7	46.3059095082969	38.1153176589036	46.3059095082969	38.1153176589036	55.0054122347251	57.7592005416	55.0054122347251	57.7592005416
Egr2	45.3608909469031	34.6502887808214	45.3608909469031	34.6502887808214	56.7243313670603	55.6963719508286	56.7243313670603	55.6963719508286
Elf5	40.635798139934	35.516546000342	40.635798139934	35.516546000342	42.972978308379	40.5689622851715	42.972978308379	40.5689622851715
Fezf1	19.8453897892701	20.7901732684929	19.8453897892701	20.7901732684929	18.9081104556868	18.5654573169429	18.9081104556868	18.5654573169429
Fezf2	19.8453897892701	20.7901732684929	19.8453897892701	20.7901732684929	18.9081104556868	18.5654573169429	18.9081104556868	18.5654573169429
Figla	18.9003712278763	23.3889449270545	18.9003712278763	23.3889449270545	20.6270295880219	20.6282859077143	20.6270295880219	20.6282859077143
Foxm1	33.0756496487835	33.7840315613009	33.0756496487835	33.7840315613009	32.659463514368	38.5061336944	32.659463514368	38.5061336944
Gata1	16.0653155436948	16.4588871708902	16.0653155436948	16.4588871708902	12.0324339263461	11.0017524841143	12.0324339263461	11.0017524841143
Gata2	17.0103341050886	15.5926299513696	17.0103341050886	15.5926299513696	15.4702721910164	12.3769715446286	15.4702721910164	12.3769715446286
Gata3	17.9553526664825	17.3251443904107	17.9553526664825	17.3251443904107	15.4702721910164	13.0645810748857	15.4702721910164	13.0645810748857
Gata4	16.0653155436948	18.1914016099313	16.0653155436948	18.1914016099313	17.1891913233516	14.4398001354	17.1891913233516	14.4398001354
Gata5	17.9553526664825	20.7901732684929	17.9553526664825	20.7901732684929	20.6270295880219	17.8778477866857	20.6270295880219	17.8778477866857
Gata6	19.8453897892701	18.1914016099313	19.8453897892701	18.1914016099313	17.1891913233516	15.1274096656572	17.1891913233516	15.1274096656572
Grhl2	19.8453897892701	20.7901732684929	19.8453897892701	20.7901732684929	25.7837869850274	22.6911144984857	25.7837869850274	22.6911144984857
Hsf1	30.240593964602	32.0515171222598	30.240593964602	32.0515171222598	29.2216252496977	32.3176479220857	29.2216252496977	32.3176479220857
Ikzf1	24.5704825962392	25.1214593660955	24.5704825962392	25.1214593660955	24.0648678526922	25.4415526195143	24.0648678526922	25.4415526195143
Ikzf2	24.5704825962392	25.1214593660955	24.5704825962392	25.1214593660955	24.0648678526922	25.4415526195143	24.0648678526922	25.4415526195143
Ikzf3	26.4605197190268	24.255202146575	26.4605197190268	24.255202146575	29.2216252496977	30.9424288615715	29.2216252496977	30.9424288615715
Insm1	39.6907795785402	38.1153176589036	39.6907795785402	38.1153176589036	48.1297357053845	48.8202766482572	48.1297357053845	48.8202766482572
Klf1	56.7011136836288	39.8478320979447	56.7011136836288	39.8478320979447	65.3189270287361	63.2600767836572	65.3189270287361	63.2600767836572
Klf15	46.3059095082969	37.2490604393831	46.3059095082969	37.2490604393831	55.0054122347251	56.3839814810858	55.0054122347251	56.3839814810858
Klf3	56.7011136836288	42.4466037565063	56.7011136836288	42.4466037565063	68.7567652934064	68.7609530257143	68.7567652934064	68.7609530257143
Klf4	57.6461322450226	40.7140893174652	57.6461322450226	40.7140893174652	68.7567652934064	68.0733434954572	68.7567652934064	68.0733434954572
Klf5	51.9760208766598	38.9815748784241	51.9760208766598	38.9815748784241	63.6000078964009	62.5724672534	63.6000078964009	62.5724672534
Klf6	50.0859837538721	39.8478320979447	50.0859837538721	39.8478320979447	61.8810887640658	61.8848577231429	61.8810887640658	61.8848577231429
Lyl1	31.1856125259959	28.5864882441777	31.1856125259959	28.5864882441777	34.3783826467032	32.3176479220857	34.3783826467032	32.3176479220857
Maff	19.8453897892701	23.3889449270545	19.8453897892701	23.3889449270545	20.6270295880219	15.8150191959143	20.6270295880219	15.8150191959143
Maz	41.5808167013278	36.3828032198625	41.5808167013278	36.3828032198625	49.8486548377197	50.1954957087715	49.8486548377197	50.1954957087715
Mitf	36.8557238943587	27.7202310246572	36.8557238943587	27.7202310246572	36.0973017790384	35.0680860431143	36.0973017790384	35.0680860431143
Mtf1	36.8557238943587	30.3190026832188	36.8557238943587	30.3190026832188	42.972978308379	45.3822289969715	42.972978308379	45.3822289969715
Mxd1	32.1306310873897	33.7840315613009	32.1306310873897	33.7840315613009	39.5351400437087	43.3194004062	39.5351400437087	43.3194004062
Mxi1	32.1306310873897	33.7840315613009	32.1306310873897	33.7840315613009	39.5351400437087	43.3194004062	39.5351400437087	43.3194004062
Myf5	25.515501157633	24.255202146575	25.515501157633	24.255202146575	27.5027061173626	25.4415526195143	27.5027061173626	25.4415526195143
Mynn	17.0103341050886	15.5926299513696	17.0103341050886	15.5926299513696	15.4702721910164	15.8150191959143	15.4702721910164	15.8150191959143
Nfat5	16.0653155436948	17.3251443904107	16.0653155436948	17.3251443904107	15.4702721910164	15.8150191959143	15.4702721910164	15.8150191959143
Nfib	26.4605197190268	24.255202146575	26.4605197190268	24.255202146575	25.7837869850274	26.1291621497714	25.7837869850274	26.1291621497714
Nfkb1	32.1306310873897	32.9177743417804	32.1306310873897	32.9177743417804	39.5351400437087	41.2565718154286	39.5351400437087	41.2565718154286
Nfkb2	33.0756496487835	32.9177743417804	33.0756496487835	32.9177743417804	41.2540591760439	41.2565718154286	41.2540591760439	41.2565718154286
Nhlh2	25.515501157633	25.9877165856161	25.515501157633	25.9877165856161	30.9405443820329	28.1919907405429	30.9405443820329	28.1919907405429
Nkx21	24.5704825962392	22.5226877075339	24.5704825962392	22.5226877075339	25.7837869850274	22.0035049682286	25.7837869850274	22.0035049682286
Nkx22	17.9553526664825	18.1914016099313	17.9553526664825	18.1914016099313	17.1891913233516	13.7521906051429	17.1891913233516	13.7521906051429
Nkx23	16.0653155436948	18.1914016099313	16.0653155436948	18.1914016099313	15.4702721910164	11.6893620143714	15.4702721910164	11.6893620143714
Nkx24	17.9553526664825	17.3251443904107	17.9553526664825	17.3251443904107	13.7513530586813	12.3769715446286	13.7513530586813	12.3769715446286
Nkx26	17.9553526664825	18.1914016099313	17.9553526664825	18.1914016099313	15.4702721910164	13.7521906051429	15.4702721910164	13.7521906051429
Nkx29	18.9003712278763	20.7901732684929	18.9003712278763	20.7901732684929	18.9081104556868	15.1274096656572	18.9081104556868	15.1274096656572
Nr1d2	23.6254640348453	25.1214593660955	23.6254640348453	25.1214593660955	24.0648678526922	22.6911144984857	24.0648678526922	22.6911144984857
Olig2	22.6804454734515	24.255202146575	22.6804454734515	24.255202146575	22.3459487203571	24.066333559	22.3459487203571	24.066333559
Pax5	37.8007424557525	33.7840315613009	37.8007424557525	33.7840315613009	44.6918974407142	47.4450575877429	44.6918974407142	47.4450575877429
Pbx2	19.8453897892701	17.3251443904107	19.8453897892701	17.3251443904107	20.6270295880219	15.8150191959143	20.6270295880219	15.8150191959143
Pbx4	28.3505568418144	25.9877165856161	28.3505568418144	25.9877165856161	30.9405443820329	30.2548193313143	30.9405443820329	30.2548193313143
Ppara	20.7904083506639	23.3889449270545	20.7904083506639	23.3889449270545	22.3459487203571	22.6911144984857	22.3459487203571	22.6911144984857
Pparg	23.6254640348453	23.3889449270545	23.6254640348453	23.3889449270545	22.3459487203571	24.066333559	22.3459487203571	24.066333559
Prdm16	26.4605197190268	25.9877165856161	26.4605197190268	25.9877165856161	30.9405443820329	28.8796002708	30.9405443820329	28.8796002708
Prdm5	32.1306310873897	32.0515171222598	32.1306310873897	32.0515171222598	34.3783826467032	35.0680860431143	34.3783826467032	35.0680860431143
Rbpj	22.6804454734515	22.5226877075339	22.6804454734515	22.5226877075339	22.3459487203571	23.3787240287429	22.3459487203571	23.3787240287429
Rbpjl	20.7904083506639	22.5226877075339	20.7904083506639	22.5226877075339	22.3459487203571	22.0035049682286	22.3459487203571	22.0035049682286
Rreb1	31.1856125259959	31.1852599027393	31.1856125259959	31.1852599027393	32.659463514368	31.6300383918286	32.659463514368	31.6300383918286
Sp5	46.3059095082969	38.9815748784241	46.3059095082969	38.9815748784241	56.7243313670603	56.3839814810858	56.7243313670603	56.3839814810858
Stat1	17.0103341050886	18.1914016099313	17.0103341050886	18.1914016099313	15.4702721910164	15.8150191959143	15.4702721910164	15.8150191959143
Stat2	16.0653155436948	18.1914016099313	16.0653155436948	18.1914016099313	13.7513530586813	15.1274096656572	13.7513530586813	15.1274096656572
T	28.3505568418144	31.1852599027393	28.3505568418144	31.1852599027393	27.5027061173626	21.3158954379714	27.5027061173626	21.3158954379714
Tal1	24.5704825962392	21.6564304880134	24.5704825962392	21.6564304880134	24.0648678526922	17.8778477866857	24.0648678526922	17.8778477866857
Tal2	31.1856125259959	28.5864882441777	31.1856125259959	28.5864882441777	34.3783826467032	32.3176479220857	34.3783826467032	32.3176479220857
Tcf7	16.0653155436948	16.4588871708902	16.0653155436948	16.4588871708902	12.0324339263461	13.0645810748857	12.0324339263461	13.0645810748857
Trps1	21.7354269120577	17.3251443904107	21.7354269120577	17.3251443904107	18.9081104556868	15.8150191959143	18.9081104556868	15.8150191959143
Usf2	41.5808167013278	27.7202310246572	41.5808167013278	27.7202310246572	41.2540591760439	43.3194004062	41.2540591760439	43.3194004062
Wt1	44.4158723855092	37.2490604393831	44.4158723855092	37.2490604393831	55.0054122347251	55.6963719508286	55.0054122347251	55.6963719508286
Xbp1	34.9656867715711	22.5226877075339	34.9656867715711	22.5226877075339	39.5351400437087	40.5689622851715	39.5351400437087	40.5689622851715
Zbtb17	47.2509280696907	38.9815748784241	47.2509280696907	38.9815748784241	58.4432504993955	58.4468100718572	58.4432504993955	58.4468100718572
Zbtb7c	31.1856125259959	29.4527454636982	31.1856125259959	29.4527454636982	36.0973017790384	34.3804765128572	36.0973017790384	34.3804765128572
Zeb2	18.9003712278763	20.7901732684929	18.9003712278763	20.7901732684929	17.1891913233516	17.8778477866857	17.1891913233516	17.8778477866857
Zfp1	36.8557238943587	40.7140893174652	36.8557238943587	40.7140893174652	39.5351400437087	46.0698385272286	39.5351400437087	46.0698385272286
Zfp14	29.2955754032082	26.8539738051366	29.2955754032082	26.8539738051366	34.3783826467032	31.6300383918286	34.3783826467032	31.6300383918286
Zfp143	40.635798139934	35.516546000342	40.635798139934	35.516546000342	44.6918974407142	48.8202766482572	44.6918974407142	48.8202766482572
Zfp212	34.9656867715711	34.6502887808214	34.9656867715711	34.6502887808214	36.0973017790384	34.3804765128572	36.0973017790384	34.3804765128572
Zfp213	36.8557238943587	32.0515171222598	36.8557238943587	32.0515171222598	46.4108165730493	47.4450575877429	46.4108165730493	47.4450575877429
Zfp260	31.1856125259959	29.4527454636982	31.1856125259959	29.4527454636982	37.8162209113735	37.8185241641429	37.8162209113735	37.8185241641429
Zfp281	42.5258352627216	34.6502887808214	42.5258352627216	34.6502887808214	51.5675739700548	52.2583242995429	51.5675739700548	52.2583242995429
Zfp324	21.7354269120577	24.255202146575	21.7354269120577	24.255202146575	22.3459487203571	25.4415526195143	22.3459487203571	25.4415526195143
Zfp335	34.0206682101773	32.0515171222598	34.0206682101773	32.0515171222598	41.2540591760439	39.8813527549143	41.2540591760439	39.8813527549143
Zfp341	44.4158723855092	37.2490604393831	44.4158723855092	37.2490604393831	53.28649310239	54.3211528903143	53.28649310239	54.3211528903143
Zfp41	27.4055382804206	24.255202146575	27.4055382804206	24.255202146575	32.659463514368	30.9424288615715	32.659463514368	30.9424288615715
Zfp46	34.0206682101773	31.1852599027393	34.0206682101773	31.1852599027393	37.8162209113735	36.4433051036286	37.8162209113735	36.4433051036286
Zfp467	40.635798139934	35.516546000342	40.635798139934	35.516546000342	48.1297357053845	49.5078861785143	48.1297357053845	49.5078861785143
Zfp513	28.3505568418144	26.8539738051366	28.3505568418144	26.8539738051366	32.659463514368	29.5672098010572	32.659463514368	29.5672098010572
Zfp580	32.1306310873897	29.4527454636982	32.1306310873897	29.4527454636982	37.8162209113735	37.8185241641429	37.8162209113735	37.8185241641429
Zfp661	42.5258352627216	36.3828032198625	42.5258352627216	36.3828032198625	49.8486548377197	52.9459338298	49.8486548377197	52.9459338298
Zfp770	33.0756496487835	31.1852599027393	33.0756496487835	31.1852599027393	39.5351400437087	39.1937432246572	39.5351400437087	39.1937432246572
Zfp932	23.6254640348453	25.1214593660955	23.6254640348453	25.1214593660955	24.0648678526922	22.0035049682286	24.0648678526922	22.0035049682286
Zkscan6	28.3505568418144	28.5864882441777	28.3505568418144	28.5864882441777	29.2216252496977	28.8796002708	29.2216252496977	28.8796002708
Ascl1	24.5704825962392	25.9877165856161	24.5704825962392	25.9877165856161	29.2216252496977	26.8167716800286	29.2216252496977	26.8167716800286
ENSMUSG00000097436	24.5704825962392	23.3889449270545	24.5704825962392	23.3889449270545	30.9405443820329	22.0035049682286	30.9405443820329	22.0035049682286
Egr3	41.5808167013278	33.7840315613009	41.5808167013278	33.7840315613009	49.8486548377197	52.2583242995429	49.8486548377197	52.2583242995429
Elk4	41.5808167013278	33.7840315613009	41.5808167013278	33.7840315613009	49.8486548377197	48.132667118	49.8486548377197	48.132667118
Erg	37.8007424557525	32.9177743417804	37.8007424557525	32.9177743417804	42.972978308379	41.9441813456857	42.972978308379	41.9441813456857
Esr1	17.9553526664825	21.6564304880134	17.9553526664825	21.6564304880134	20.6270295880219	19.2530668472	20.6270295880219	19.2530668472
Esr2	18.9003712278763	20.7901732684929	18.9003712278763	20.7901732684929	18.9081104556868	17.1902382564286	18.9081104556868	17.1902382564286
Ets2	23.6254640348453	23.3889449270545	23.6254640348453	23.3889449270545	25.7837869850274	26.1291621497714	25.7837869850274	26.1291621497714
Etv2	30.240593964602	28.5864882441777	30.240593964602	28.5864882441777	34.3783826467032	32.3176479220857	34.3783826467032	32.3176479220857
Ferd3l	29.2955754032082	27.7202310246572	29.2955754032082	27.7202310246572	32.659463514368	29.5672098010572	32.659463514368	29.5672098010572
Foxn3	16.0653155436948	17.3251443904107	16.0653155436948	17.3251443904107	13.7513530586813	15.1274096656572	13.7513530586813	15.1274096656572
Gli1	30.240593964602	29.4527454636982	30.240593964602	29.4527454636982	32.659463514368	29.5672098010572	32.659463514368	29.5672098010572
Gli2	25.515501157633	25.9877165856161	25.515501157633	25.9877165856161	29.2216252496977	27.5043812102857	29.2216252496977	27.5043812102857
Gli3	28.3505568418144	26.8539738051366	28.3505568418144	26.8539738051366	32.659463514368	30.2548193313143	32.659463514368	30.2548193313143
Glis2	79.3815591570804	78.8294069763688	79.3815591570804	78.8294069763688	99.6973096754393	108.642305780629	99.6973096754393	108.642305780629
Gsc	24.5704825962392	23.3889449270545	24.5704825962392	23.3889449270545	30.9405443820329	22.0035049682286	30.9405443820329	22.0035049682286
Gsc2	22.6804454734515	22.5226877075339	22.6804454734515	22.5226877075339	29.2216252496977	19.9406763774572	29.2216252496977	19.9406763774572
Hand1	21.7354269120577	24.255202146575	21.7354269120577	24.255202146575	20.6270295880219	23.3787240287429	20.6270295880219	23.3787240287429
Hhex	17.0103341050886	18.1914016099313	17.0103341050886	18.1914016099313	17.1891913233516	15.8150191959143	17.1891913233516	15.8150191959143
Lef1	17.0103341050886	18.1914016099313	17.0103341050886	18.1914016099313	12.0324339263461	12.3769715446286	12.0324339263461	12.3769715446286
Myod1	24.5704825962392	25.1214593660955	24.5704825962392	25.1214593660955	29.2216252496977	26.1291621497714	29.2216252496977	26.1291621497714
Myrf	25.515501157633	27.7202310246572	25.515501157633	27.7202310246572	30.9405443820329	28.1919907405429	30.9405443820329	28.1919907405429
Nfic	20.7904083506639	20.7901732684929	20.7904083506639	20.7901732684929	22.3459487203571	22.6911144984857	22.3459487203571	22.6911144984857
Nfix	25.515501157633	26.8539738051366	25.515501157633	26.8539738051366	25.7837869850274	28.8796002708	25.7837869850274	28.8796002708
Nfyc	79.3815591570804	48.51040429315	79.3815591570804	48.51040429315	94.5405522784338	95.5777247057429	94.5405522784338	95.5777247057429
Nhlh1	32.1306310873897	30.3190026832188	32.1306310873897	30.3190026832188	36.0973017790384	36.4433051036286	36.0973017790384	36.4433051036286
Nr1h2	23.6254640348453	24.255202146575	23.6254640348453	24.255202146575	17.1891913233516	19.9406763774572	17.1891913233516	19.9406763774572
Nr1h4	36.8557238943587	32.9177743417804	36.8557238943587	32.9177743417804	44.6918974407142	42.6317908759429	44.6918974407142	42.6317908759429
Nr1h5	20.7904083506639	22.5226877075339	20.7904083506639	22.5226877075339	18.9081104556868	22.0035049682286	18.9081104556868	22.0035049682286
Nr2c1	17.0103341050886	19.0576588294518	17.0103341050886	19.0576588294518	18.9081104556868	15.8150191959143	18.9081104556868	15.8150191959143
Nr2f1	21.7354269120577	23.3889449270545	21.7354269120577	23.3889449270545	22.3459487203571	22.6911144984857	22.3459487203571	22.6911144984857
Nr2f2	20.7904083506639	21.6564304880134	20.7904083506639	21.6564304880134	18.9081104556868	23.3787240287429	18.9081104556868	23.3787240287429
Nr3c1	22.6804454734515	24.255202146575	22.6804454734515	24.255202146575	25.7837869850274	22.0035049682286	25.7837869850274	22.0035049682286
Nr4a1	16.0653155436948	18.1914016099313	16.0653155436948	18.1914016099313	15.4702721910164	15.1274096656572	15.4702721910164	15.1274096656572
Nrf1	54.8110765608412	44.1791181955473	54.8110765608412	44.1791181955473	70.4756844257416	72.8866102072572	70.4756844257416	72.8866102072572
Pitx1	21.7354269120577	24.255202146575	21.7354269120577	24.255202146575	20.6270295880219	15.8150191959143	20.6270295880219	15.8150191959143
Pitx2	20.7904083506639	24.255202146575	20.7904083506639	24.255202146575	18.9081104556868	15.1274096656572	18.9081104556868	15.1274096656572
Pitx3	21.7354269120577	25.1214593660955	21.7354269120577	25.1214593660955	22.3459487203571	16.5026287261714	22.3459487203571	16.5026287261714
Plag1	36.8557238943587	34.6502887808214	36.8557238943587	34.6502887808214	42.972978308379	44.0070099364572	42.972978308379	44.0070099364572
Pou2f2	21.7354269120577	19.0576588294518	21.7354269120577	19.0576588294518	15.4702721910164	16.5026287261714	15.4702721910164	16.5026287261714
Ptf1a	32.1306310873897	30.3190026832188	32.1306310873897	30.3190026832188	36.0973017790384	33.6928669826	36.0973017790384	33.6928669826
Rara	20.7904083506639	22.5226877075339	20.7904083506639	22.5226877075339	18.9081104556868	22.0035049682286	18.9081104556868	22.0035049682286
Rarb	20.7904083506639	22.5226877075339	20.7904083506639	22.5226877075339	20.6270295880219	22.6911144984857	20.6270295880219	22.6911144984857
Rhox9	24.5704825962392	23.3889449270545	24.5704825962392	23.3889449270545	30.9405443820329	22.0035049682286	30.9405443820329	22.0035049682286
Runx1	24.5704825962392	22.5226877075339	24.5704825962392	22.5226877075339	22.3459487203571	22.0035049682286	22.3459487203571	22.0035049682286
Rxra	21.7354269120577	22.5226877075339	21.7354269120577	22.5226877075339	22.3459487203571	20.6282859077143	22.3459487203571	20.6282859077143
Rxrb	21.7354269120577	24.255202146575	21.7354269120577	24.255202146575	22.3459487203571	23.3787240287429	22.3459487203571	23.3787240287429
Rxrg	21.7354269120577	24.255202146575	21.7354269120577	24.255202146575	24.0648678526922	24.066333559	24.0648678526922	24.066333559
Sall4	35.9107053329649	31.1852599027393	35.9107053329649	31.1852599027393	41.2540591760439	44.0070099364572	41.2540591760439	44.0070099364572
Smad9	29.2955754032082	27.7202310246572	29.2955754032082	27.7202310246572	32.659463514368	31.6300383918286	32.659463514368	31.6300383918286
Spic	33.0756496487835	30.3190026832188	33.0756496487835	30.3190026832188	36.0973017790384	38.5061336944	36.0973017790384	38.5061336944
Taf1	36.8557238943587	31.1852599027393	36.8557238943587	31.1852599027393	39.5351400437087	46.0698385272286	39.5351400437087	46.0698385272286
Tbx21	29.2955754032082	27.7202310246572	29.2955754032082	27.7202310246572	27.5027061173626	30.9424288615715	27.5027061173626	30.9424288615715
Tcf12	21.7354269120577	24.255202146575	21.7354269120577	24.255202146575	25.7837869850274	22.6911144984857	25.7837869850274	22.6911144984857
Tcf21	17.0103341050886	23.3889449270545	17.0103341050886	23.3889449270545	17.1891913233516	17.1902382564286	17.1891913233516	17.1902382564286
Tcf7l2	17.9553526664825	18.1914016099313	17.9553526664825	18.1914016099313	12.0324339263461	12.3769715446286	12.0324339263461	12.3769715446286
Tfap4	19.8453897892701	22.5226877075339	19.8453897892701	22.5226877075339	24.0648678526922	19.9406763774572	24.0648678526922	19.9406763774572
Thap11	39.6907795785402	33.7840315613009	39.6907795785402	33.7840315613009	42.972978308379	44.6946194667143	42.972978308379	44.6946194667143
Thra	26.4605197190268	26.8539738051366	26.4605197190268	26.8539738051366	27.5027061173626	27.5043812102857	27.5027061173626	27.5043812102857
Trp53	19.8453897892701	21.6564304880134	19.8453897892701	21.6564304880134	20.6270295880219	18.5654573169429	20.6270295880219	18.5654573169429
Usf1	47.2509280696907	32.0515171222598	47.2509280696907	32.0515171222598	48.1297357053845	49.5078861785143	48.1297357053845	49.5078861785143
Vdr	22.6804454734515	23.3889449270545	22.6804454734515	23.3889449270545	24.0648678526922	25.4415526195143	24.0648678526922	25.4415526195143
Zbtb12	18.9003712278763	19.0576588294518	18.9003712278763	19.0576588294518	17.1891913233516	17.8778477866857	17.1891913233516	17.8778477866857
Zbtb18	18.9003712278763	21.6564304880134	18.9003712278763	21.6564304880134	18.9081104556868	16.5026287261714	18.9081104556868	16.5026287261714
Zbtb43	26.4605197190268	25.9877165856161	26.4605197190268	25.9877165856161	29.2216252496977	26.1291621497714	29.2216252496977	26.1291621497714
Zbtb6	35.9107053329649	32.9177743417804	35.9107053329649	32.9177743417804	42.972978308379	41.2565718154286	42.972978308379	41.2565718154286
Zbtb7b	38.7457610171464	37.2490604393831	38.7457610171464	37.2490604393831	46.4108165730493	46.0698385272286	46.4108165730493	46.0698385272286
Zfp13	23.6254640348453	22.5226877075339	23.6254640348453	22.5226877075339	25.7837869850274	26.1291621497714	25.7837869850274	26.1291621497714
Zfp383	46.3059095082969	39.8478320979447	46.3059095082969	39.8478320979447	55.0054122347251	56.3839814810858	55.0054122347251	56.3839814810858
Zfp398	31.1856125259959	28.5864882441777	31.1856125259959	28.5864882441777	36.0973017790384	36.4433051036286	36.0973017790384	36.4433051036286
Zfp523	48.1959466310845	36.3828032198625	48.1959466310845	36.3828032198625	56.7243313670603	57.7592005416	56.7243313670603	57.7592005416
Zfp768	27.4055382804206	25.9877165856161	27.4055382804206	25.9877165856161	29.2216252496977	28.1919907405429	29.2216252496977	28.1919907405429
Zfp787	33.0756496487835	32.0515171222598	33.0756496487835	32.0515171222598	30.9405443820329	29.5672098010572	30.9405443820329	29.5672098010572
Zfx	47.2509280696907	40.7140893174652	47.2509280696907	40.7140893174652	60.1621696317306	59.1344196021143	60.1621696317306	59.1344196021143
Zic4	36.8557238943587	32.0515171222598	36.8557238943587	32.0515171222598	44.6918974407142	43.3194004062	44.6918974407142	43.3194004062
AC1689771	28.3505568418144	26.8539738051366	28.3505568418144	26.8539738051366	34.3783826467032	33.0052574523429	34.3783826467032	33.0052574523429
Aire	17.0103341050886	19.9239160489723	17.0103341050886	19.9239160489723	13.7513530586813	12.3769715446286	13.7513530586813	12.3769715446286
Arid3a	13.2302598595134	12.993858292808	13.2302598595134	12.993858292808	8.5945956616758	11.0017524841143	8.5945956616758	11.0017524841143
Arid3c	16.0653155436948	14.7263727318491	16.0653155436948	14.7263727318491	10.313514794011	13.0645810748857	10.313514794011	13.0645810748857
Bach1	24.5704825962392	24.255202146575	24.5704825962392	24.255202146575	20.6270295880219	24.7539430892572	20.6270295880219	24.7539430892572
Batf3	30.240593964602	30.3190026832188	30.240593964602	30.3190026832188	30.9405443820329	33.6928669826	30.9405443820329	33.6928669826
Bcl11a	19.8453897892701	19.9239160489723	19.8453897892701	19.9239160489723	20.6270295880219	18.5654573169429	20.6270295880219	18.5654573169429
Crx	19.8453897892701	20.7901732684929	19.8453897892701	20.7901732684929	24.0648678526922	17.1902382564286	24.0648678526922	17.1902382564286
Cux1	18.9003712278763	21.6564304880134	18.9003712278763	21.6564304880134	18.9081104556868	19.2530668472	18.9081104556868	19.2530668472
Dmrt1	17.0103341050886	19.0576588294518	17.0103341050886	19.0576588294518	15.4702721910164	17.1902382564286	15.4702721910164	17.1902382564286
Dmrt2	14.1752784209072	14.7263727318491	14.1752784209072	14.7263727318491	8.5945956616758	11.0017524841143	8.5945956616758	11.0017524841143
Dmrt3	13.2302598595134	14.7263727318491	13.2302598595134	14.7263727318491	15.4702721910164	11.6893620143714	15.4702721910164	11.6893620143714
Dmrta1	14.1752784209072	14.7263727318491	14.1752784209072	14.7263727318491	13.7513530586813	12.3769715446286	13.7513530586813	12.3769715446286
Dmrta2	14.1752784209072	14.7263727318491	14.1752784209072	14.7263727318491	12.0324339263461	11.0017524841143	12.0324339263461	11.0017524841143
Dnmt1	37.8007424557525	32.0515171222598	37.8007424557525	32.0515171222598	44.6918974407142	47.4450575877429	44.6918974407142	47.4450575877429
E2f1	54.8110765608412	40.7140893174652	54.8110765608412	40.7140893174652	68.7567652934064	68.0733434954572	68.7567652934064	68.0733434954572
E2f4	62.3712250519917	45.0453754150679	62.3712250519917	45.0453754150679	77.3513609550822	76.3246578585429	77.3513609550822	76.3246578585429
E2f8	23.6254640348453	21.6564304880134	23.6254640348453	21.6564304880134	25.7837869850274	26.1291621497714	25.7837869850274	26.1291621497714
Elf1	44.4158723855092	37.2490604393831	44.4158723855092	37.2490604393831	51.5675739700548	51.5707147692858	51.5675739700548	51.5707147692858
Esrrg	17.9553526664825	18.1914016099313	17.9553526664825	18.1914016099313	17.1891913233516	15.8150191959143	17.1891913233516	15.8150191959143
Foxa2	19.8453897892701	18.1914016099313	19.8453897892701	18.1914016099313	15.4702721910164	16.5026287261714	15.4702721910164	16.5026287261714
Foxd3	16.0653155436948	16.4588871708902	16.0653155436948	16.4588871708902	15.4702721910164	15.1274096656572	15.4702721910164	15.1274096656572
Foxe1	18.9003712278763	18.1914016099313	18.9003712278763	18.1914016099313	13.7513530586813	15.8150191959143	13.7513530586813	15.8150191959143
Foxe3	18.9003712278763	18.1914016099313	18.9003712278763	18.1914016099313	13.7513530586813	15.8150191959143	13.7513530586813	15.8150191959143
Foxj1	14.1752784209072	16.4588871708902	14.1752784209072	16.4588871708902	12.0324339263461	13.7521906051429	12.0324339263461	13.7521906051429
Foxl2	15.120296982301	16.4588871708902	15.120296982301	16.4588871708902	12.0324339263461	13.0645810748857	12.0324339263461	13.0645810748857
Foxn1	38.7457610171464	32.9177743417804	38.7457610171464	32.9177743417804	46.4108165730493	48.132667118	46.4108165730493	48.132667118
Foxo1	19.8453897892701	21.6564304880134	19.8453897892701	21.6564304880134	18.9081104556868	20.6282859077143	18.9081104556868	20.6282859077143
Gcm1	41.5808167013278	34.6502887808214	41.5808167013278	34.6502887808214	37.8162209113735	41.9441813456857	37.8162209113735	41.9441813456857
Gfi1	23.6254640348453	20.7901732684929	23.6254640348453	20.7901732684929	22.3459487203571	23.3787240287429	22.3459487203571	23.3787240287429
Gfi1b	25.515501157633	20.7901732684929	25.515501157633	20.7901732684929	22.3459487203571	22.0035049682286	22.3459487203571	22.0035049682286
Hinfp	34.9656867715711	30.3190026832188	34.9656867715711	30.3190026832188	37.8162209113735	41.9441813456857	37.8162209113735	41.9441813456857
Hmga1	14.1752784209072	14.7263727318491	14.1752784209072	14.7263727318491	10.313514794011	11.6893620143714	10.313514794011	11.6893620143714
Hmga1rs1	14.1752784209072	14.7263727318491	14.1752784209072	14.7263727318491	10.313514794011	11.6893620143714	10.313514794011	11.6893620143714
Irf2	30.240593964602	31.1852599027393	30.240593964602	31.1852599027393	30.9405443820329	35.7556955733715	30.9405443820329	35.7556955733715
Junb	18.9003712278763	23.3889449270545	18.9003712278763	23.3889449270545	24.0648678526922	19.9406763774572	24.0648678526922	19.9406763774572
Klf11	51.0310023152659	37.2490604393831	51.0310023152659	37.2490604393831	63.6000078964009	62.5724672534	63.6000078964009	62.5724672534
Klf12	63.3162436133855	45.0453754150679	63.3162436133855	45.0453754150679	75.6324418227471	77.6998769190572	75.6324418227471	77.6998769190572
Klf13	61.4262064905979	39.8478320979447	61.4262064905979	39.8478320979447	70.4756844257416	72.8866102072572	70.4756844257416	72.8866102072572
Klf14	68.9863549817484	45.9116326345884	68.9863549817484	45.9116326345884	84.2270374844229	83.2007531611143	84.2270374844229	83.2007531611143
Klf16	57.6461322450226	40.7140893174652	57.6461322450226	40.7140893174652	70.4756844257416	70.1361720862286	70.4756844257416	70.1361720862286
Klf2	52.9210394380536	38.9815748784241	52.9210394380536	38.9815748784241	63.6000078964009	63.9476863139143	63.6000078964009	63.9476863139143
Klf7	62.3712250519917	43.3128609760268	62.3712250519917	43.3128609760268	75.6324418227471	77.0122673888001	75.6324418227471	77.0122673888001
Klf8	60.4811879292041	43.3128609760268	60.4811879292041	43.3128609760268	72.1946035580767	72.8866102072572	72.1946035580767	72.8866102072572
Lin28a	39.6907795785402	32.9177743417804	39.6907795785402	32.9177743417804	49.8486548377197	48.8202766482572	49.8486548377197	48.8202766482572
Lin28b	39.6907795785402	32.9177743417804	39.6907795785402	32.9177743417804	49.8486548377197	48.8202766482572	49.8486548377197	48.8202766482572
Lmx1a	12.2852412981196	13.8601155123286	12.2852412981196	13.8601155123286	6.87567652934064	10.3141429538572	6.87567652934064	10.3141429538572
Nr5a1	27.4055382804206	28.5864882441777	27.4055382804206	28.5864882441777	29.2216252496977	31.6300383918286	29.2216252496977	31.6300383918286
Otx2	19.8453897892701	21.6564304880134	19.8453897892701	21.6564304880134	22.3459487203571	19.9406763774572	22.3459487203571	19.9406763774572
Patz1	43.4708538241154	34.6502887808214	43.4708538241154	34.6502887808214	53.28649310239	53.6335433600572	53.28649310239	53.6335433600572
Pou4f1	15.120296982301	14.7263727318491	15.120296982301	14.7263727318491	10.313514794011	13.0645810748857	10.313514794011	13.0645810748857
Prdm6	17.0103341050886	18.1914016099313	17.0103341050886	18.1914016099313	15.4702721910164	15.1274096656572	15.4702721910164	15.1274096656572
Prdm9	22.6804454734515	25.9877165856161	22.6804454734515	25.9877165856161	25.7837869850274	23.3787240287429	25.7837869850274	23.3787240287429
Rfx1	33.0756496487835	25.1214593660955	33.0756496487835	25.1214593660955	34.3783826467032	34.3804765128572	34.3783826467032	34.3804765128572
Rfx6	31.1856125259959	25.9877165856161	31.1856125259959	25.9877165856161	36.0973017790384	36.4433051036286	36.0973017790384	36.4433051036286
Rfx7	33.0756496487835	26.8539738051366	33.0756496487835	26.8539738051366	39.5351400437087	33.6928669826	39.5351400437087	33.6928669826
Rora	21.7354269120577	23.3889449270545	21.7354269120577	23.3889449270545	24.0648678526922	19.2530668472	24.0648678526922	19.2530668472
Six3	19.8453897892701	17.3251443904107	19.8453897892701	17.3251443904107	15.4702721910164	15.1274096656572	15.4702721910164	15.1274096656572
Sohlh2	47.2509280696907	43.3128609760268	47.2509280696907	42.4466037565063	58.4432504993955	63.2600767836572	58.4432504993955	63.2600767836572
Sp1	54.8110765608412	38.9815748784241	54.8110765608412	38.9815748784241	68.7567652934064	68.0733434954572	68.7567652934064	68.0733434954572
Sp110	28.3505568418144	26.8539738051366	28.3505568418144	26.8539738051366	34.3783826467032	33.0052574523429	34.3783826467032	33.0052574523429
Sp140	15.120296982301	18.1914016099313	15.120296982301	18.1914016099313	6.87567652934064	17.8778477866857	6.87567652934064	17.8778477866857
Sp2	54.8110765608412	44.1791181955473	54.8110765608412	44.1791181955473	67.0378461610713	68.0733434954572	67.0378461610713	68.0733434954572
Sp3	53.8660579994474	42.4466037565063	53.8660579994474	42.4466037565063	67.0378461610713	67.3857339652	67.0378461610713	67.3857339652
Sp4	54.8110765608412	38.9815748784241	54.8110765608412	38.9815748784241	67.0378461610713	66.6981244349429	67.0378461610713	66.6981244349429
Sp6	61.4262064905979	42.4466037565063	61.4262064905979	42.4466037565063	72.1946035580767	72.8866102072572	72.1946035580767	72.8866102072572
Sp8	49.1409651924783	37.2490604393831	49.1409651924783	37.2490604393831	60.1621696317306	60.5096386626286	60.1621696317306	60.5096386626286
Sp9	55.756095122235	39.8478320979447	55.756095122235	39.8478320979447	68.7567652934064	68.7609530257143	68.7567652934064	68.7609530257143
Tbr1	17.0103341050886	21.6564304880134	17.0103341050886	21.6564304880134	15.4702721910164	13.7521906051429	15.4702721910164	13.7521906051429
Tfap2a	37.8007424557525	32.9177743417804	37.8007424557525	32.9177743417804	44.6918974407142	44.0070099364572	44.6918974407142	44.0070099364572
Tfap2d	37.8007424557525	32.9177743417804	37.8007424557525	32.9177743417804	44.6918974407142	44.0070099364572	44.6918974407142	44.0070099364572
Tfec	50.0859837538721	32.9177743417804	50.0859837538721	32.9177743417804	49.8486548377197	53.6335433600572	49.8486548377197	53.6335433600572
Trp63	27.4055382804206	27.7202310246572	27.4055382804206	27.7202310246572	30.9405443820329	28.1919907405429	30.9405443820329	28.1919907405429
Zbtb32	17.0103341050886	20.7901732684929	17.0103341050886	20.7901732684929	13.7513530586813	19.2530668472	13.7513530586813	19.2530668472
Zbtb37	39.6907795785402	33.7840315613009	39.6907795785402	33.7840315613009	44.6918974407142	48.8202766482572	44.6918974407142	48.8202766482572
Zfp105	15.120296982301	16.4588871708902	15.120296982301	16.4588871708902	12.0324339263461	13.0645810748857	12.0324339263461	13.0645810748857
Zfp113	17.0103341050886	18.1914016099313	17.0103341050886	18.1914016099313	13.7513530586813	13.7521906051429	13.7513530586813	13.7521906051429
Zfp184	21.7354269120577	22.5226877075339	21.7354269120577	22.5226877075339	20.6270295880219	21.3158954379714	20.6270295880219	21.3158954379714
Zfp282	22.6804454734515	22.5226877075339	22.6804454734515	22.5226877075339	24.0648678526922	22.6911144984857	24.0648678526922	22.6911144984857
Zfp287	17.0103341050886	19.9239160489723	17.0103341050886	19.9239160489723	15.4702721910164	15.8150191959143	15.4702721910164	15.8150191959143
Zfp384	14.1752784209072	17.3251443904107	14.1752784209072	17.3251443904107	10.313514794011	14.4398001354	10.313514794011	14.4398001354
Zfp566	42.5258352627216	35.516546000342	42.5258352627216	35.516546000342	49.8486548377197	52.2583242995429	49.8486548377197	52.2583242995429
Zfp637	19.8453897892701	29.4527454636982	19.8453897892701	29.4527454636982	15.4702721910164	15.1274096656572	15.4702721910164	15.1274096656572
Zfp64	36.8557238943587	32.9177743417804	36.8557238943587	32.9177743417804	42.972978308379	44.0070099364572	42.972978308379	44.0070099364572
Zfp653	19.8453897892701	20.7901732684929	19.8453897892701	20.7901732684929	13.7513530586813	19.2530668472	13.7513530586813	19.2530668472
Zfp879	18.9003712278763	22.5226877075339	18.9003712278763	22.5226877075339	15.4702721910164	15.1274096656572	15.4702721910164	15.1274096656572
Zfp90	19.8453897892701	21.6564304880134	19.8453897892701	21.6564304880134	15.4702721910164	17.8778477866857	15.4702721910164	17.8778477866857
Zkscan17	26.4605197190268	27.7202310246572	26.4605197190268	27.7202310246572	32.659463514368	26.1291621497714	32.659463514368	26.1291621497714
Zkscan2	16.0653155436948	16.4588871708902	16.0653155436948	16.4588871708902	13.7513530586813	15.1274096656572	13.7513530586813	15.1274096656572
Ahctf1	14.1752784209072	14.7263727318491	14.1752784209072	14.7263727318491	10.313514794011	11.6893620143714	10.313514794011	11.6893620143714
Arid2	13.2302598595134	12.993858292808	13.2302598595134	12.993858292808	6.87567652934064	11.0017524841143	6.87567652934064	11.0017524841143
Cdx1	13.2302598595134	14.7263727318491	13.2302598595134	14.7263727318491	12.0324339263461	11.0017524841143	12.0324339263461	11.0017524841143
Cdx2	17.0103341050886	17.3251443904107	17.0103341050886	17.3251443904107	15.4702721910164	15.8150191959143	15.4702721910164	15.8150191959143
Ctcfl	55.756095122235	42.4466037565063	55.756095122235	42.4466037565063	68.7567652934064	68.7609530257143	68.7567652934064	68.7609530257143
Dmbx1	22.6804454734515	25.9877165856161	22.6804454734515	25.9877165856161	24.0648678526922	17.8778477866857	24.0648678526922	17.8778477866857
Dmrtc2	17.0103341050886	19.9239160489723	17.0103341050886	19.9239160489723	10.313514794011	12.3769715446286	10.313514794011	12.3769715446286
Dnajc21	28.3505568418144	25.9877165856161	28.3505568418144	25.9877165856161	32.659463514368	32.3176479220857	32.659463514368	32.3176479220857
E2f2	35.9107053329649	30.3190026832188	35.9107053329649	30.3190026832188	49.8486548377197	45.3822289969715	49.8486548377197	45.3822289969715
E2f3	37.8007424557525	29.4527454636982	37.8007424557525	29.4527454636982	48.1297357053845	46.7574480574857	48.1297357053845	46.7574480574857
Foxa3	17.0103341050886	18.1914016099313	17.0103341050886	18.1914016099313	15.4702721910164	15.1274096656572	15.4702721910164	15.1274096656572
Foxc1	17.9553526664825	17.3251443904107	17.9553526664825	17.3251443904107	12.0324339263461	14.4398001354	12.0324339263461	14.4398001354
Foxc2	17.0103341050886	17.3251443904107	17.0103341050886	17.3251443904107	12.0324339263461	13.7521906051429	12.0324339263461	13.7521906051429
Foxd4	16.0653155436948	16.4588871708902	16.0653155436948	16.4588871708902	13.7513530586813	15.8150191959143	13.7513530586813	15.8150191959143
Foxj2	14.1752784209072	15.5926299513696	14.1752784209072	15.5926299513696	13.7513530586813	13.0645810748857	13.7513530586813	13.0645810748857
Foxj3	14.1752784209072	16.4588871708902	14.1752784209072	16.4588871708902	13.7513530586813	13.7521906051429	13.7513530586813	13.7521906051429
Foxk2	19.8453897892701	19.0576588294518	19.8453897892701	19.0576588294518	15.4702721910164	17.8778477866857	15.4702721910164	17.8778477866857
Foxl1	17.0103341050886	17.3251443904107	17.0103341050886	17.3251443904107	12.0324339263461	13.7521906051429	12.0324339263461	13.7521906051429
Foxo4	17.0103341050886	16.4588871708902	17.0103341050886	16.4588871708902	15.4702721910164	16.5026287261714	15.4702721910164	16.5026287261714
Foxq1	14.1752784209072	15.5926299513696	14.1752784209072	15.5926299513696	13.7513530586813	13.7521906051429	13.7513530586813	13.7521906051429
Foxs1	17.0103341050886	17.3251443904107	17.0103341050886	17.3251443904107	12.0324339263461	13.7521906051429	12.0324339263461	13.7521906051429
Gm5294	17.0103341050886	18.1914016099313	17.0103341050886	18.1914016099313	13.7513530586813	15.1274096656572	13.7513530586813	15.1274096656572
Hmg20a	12.2852412981196	15.5926299513696	12.2852412981196	15.5926299513696	10.313514794011	10.3141429538572	10.313514794011	10.3141429538572
Hmg20b	12.2852412981196	15.5926299513696	12.2852412981196	15.5926299513696	10.313514794011	10.3141429538572	10.313514794011	10.3141429538572
Hmga2	14.1752784209072	17.3251443904107	14.1752784209072	17.3251443904107	10.313514794011	11.6893620143714	10.313514794011	11.6893620143714
Hoxa10	15.120296982301	16.4588871708902	15.120296982301	16.4588871708902	13.7513530586813	15.1274096656572	13.7513530586813	15.1274096656572
Hoxb9	17.9553526664825	17.3251443904107	17.9553526664825	17.3251443904107	15.4702721910164	15.8150191959143	15.4702721910164	15.8150191959143
Hoxc11	16.0653155436948	16.4588871708902	16.0653155436948	16.4588871708902	13.7513530586813	13.0645810748857	13.7513530586813	13.0645810748857
Hoxc12	18.9003712278763	18.1914016099313	18.9003712278763	18.1914016099313	18.9081104556868	17.1902382564286	18.9081104556868	17.1902382564286
Hoxd10	14.1752784209072	13.8601155123286	14.1752784209072	13.8601155123286	13.7513530586813	15.8150191959143	13.7513530586813	15.8150191959143
Hoxd12	15.120296982301	16.4588871708902	15.120296982301	16.4588871708902	15.4702721910164	13.0645810748857	15.4702721910164	13.0645810748857
Irx1	14.1752784209072	13.8601155123286	14.1752784209072	13.8601155123286	12.0324339263461	10.3141429538572	12.0324339263461	10.3141429538572
Mga	17.9553526664825	19.9239160489723	17.9553526664825	19.9239160489723	18.9081104556868	19.2530668472	18.9081104556868	19.2530668472
Nfatc1	20.7904083506639	22.5226877075339	20.7904083506639	22.5226877075339	20.6270295880219	19.9406763774572	20.6270295880219	19.9406763774572
Nfatc2	16.0653155436948	17.3251443904107	16.0653155436948	17.3251443904107	17.1891913233516	16.5026287261714	17.1891913233516	16.5026287261714
Nfatc3	17.9553526664825	18.1914016099313	17.9553526664825	18.1914016099313	15.4702721910164	17.1902382564286	15.4702721910164	17.1902382564286
Nfatc4	24.5704825962392	23.3889449270545	24.5704825962392	23.3889449270545	24.0648678526922	28.1919907405429	24.0648678526922	28.1919907405429
Pax1	26.4605197190268	26.8539738051366	26.4605197190268	26.8539738051366	30.9405443820329	32.3176479220857	30.9405443820329	32.3176479220857
Pax7	27.4055382804206	19.9239160489723	27.4055382804206	19.9239160489723	22.3459487203571	24.7539430892572	22.3459487203571	24.7539430892572
Pax9	29.2955754032082	26.8539738051366	29.2955754032082	26.8539738051366	30.9405443820329	34.3804765128572	30.9405443820329	34.3804765128572
Pou4f2	14.1752784209072	14.7263727318491	14.1752784209072	14.7263727318491	10.313514794011	11.0017524841143	10.313514794011	11.0017524841143
Rarg	22.6804454734515	23.3889449270545	22.6804454734515	23.3889449270545	20.6270295880219	18.5654573169429	20.6270295880219	18.5654573169429
Rbak	41.5808167013278	36.3828032198625	41.5808167013278	36.3828032198625	48.1297357053845	48.8202766482572	48.1297357053845	48.8202766482572
Tcf7l1	20.7904083506639	20.7901732684929	20.7904083506639	20.7901732684929	17.1891913233516	17.1902382564286	17.1891913233516	17.1902382564286
Tlx1	14.1752784209072	12.993858292808	14.1752784209072	12.993858292808	6.87567652934064	10.3141429538572	6.87567652934064	10.3141429538572
Tlx2	14.1752784209072	12.993858292808	14.1752784209072	12.993858292808	6.87567652934064	10.3141429538572	6.87567652934064	10.3141429538572
Zbtb48	26.4605197190268	22.5226877075339	26.4605197190268	22.5226877075339	24.0648678526922	24.7539430892572	24.0648678526922	24.7539430892572
Zfp182	15.120296982301	16.4588871708902	15.120296982301	16.4588871708902	12.0324339263461	13.7521906051429	12.0324339263461	13.7521906051429
Zfp300	15.120296982301	21.6564304880134	15.120296982301	21.6564304880134	15.4702721910164	13.7521906051429	15.4702721910164	13.7521906051429
Zfp322a	38.7457610171464	38.9815748784241	38.7457610171464	38.9815748784241	42.972978308379	43.3194004062	42.972978308379	43.3194004062
Zfp784	19.8453897892701	24.255202146575	19.8453897892701	24.255202146575	18.9081104556868	19.2530668472	18.9081104556868	19.2530668472
Bach2	26.4605197190268	25.9877165856161	26.4605197190268	25.9877165856161	27.5027061173626	26.8167716800286	27.5027061173626	26.8167716800286
Ehf	43.4708538241154	35.516546000342	43.4708538241154	35.516546000342	46.4108165730493	44.6946194667143	46.4108165730493	44.6946194667143
Elf3	36.8557238943587	33.7840315613009	36.8557238943587	33.7840315613009	39.5351400437087	37.8185241641429	39.5351400437087	37.8185241641429
Fos	22.6804454734515	23.3889449270545	22.6804454734515	23.3889449270545	29.2216252496977	24.7539430892572	29.2216252496977	24.7539430892572
Fosb	21.7354269120577	22.5226877075339	21.7354269120577	22.5226877075339	27.5027061173626	23.3787240287429	27.5027061173626	23.3787240287429
Fosl2	22.6804454734515	24.255202146575	22.6804454734515	24.255202146575	29.2216252496977	24.066333559	29.2216252496977	24.066333559
Foxh1	16.0653155436948	19.0576588294518	16.0653155436948	19.0576588294518	15.4702721910164	14.4398001354	15.4702721910164	14.4398001354
Foxk1	19.8453897892701	19.9239160489723	19.8453897892701	19.9239160489723	15.4702721910164	19.2530668472	15.4702721910164	19.2530668472
Glis1	46.3059095082969	41.5803465369857	46.3059095082969	41.5803465369857	56.7243313670603	57.7592005416	56.7243313670603	57.7592005416
Glis3	42.5258352627216	38.9815748784241	42.5258352627216	38.9815748784241	51.5675739700548	49.5078861785143	51.5675739700548	49.5078861785143
Hdx	14.1752784209072	15.5926299513696	14.1752784209072	15.5926299513696	12.0324339263461	13.0645810748857	12.0324339263461	13.0645810748857
Hnf4a	26.4605197190268	25.9877165856161	26.4605197190268	25.9877165856161	24.0648678526922	26.8167716800286	24.0648678526922	26.8167716800286
Hnf4g	22.6804454734515	23.3889449270545	22.6804454734515	23.3889449270545	22.3459487203571	20.6282859077143	22.3459487203571	20.6282859077143
Hoxb6	17.9553526664825	13.8601155123286	17.9553526664825	13.8601155123286	13.7513530586813	11.6893620143714	13.7513530586813	11.6893620143714
Irf8	17.9553526664825	19.0576588294518	17.9553526664825	19.0576588294518	17.1891913233516	17.1902382564286	17.1891913233516	17.1902382564286
Irx4	14.1752784209072	14.7263727318491	14.1752784209072	14.7263727318491	10.313514794011	9.62653342360001	10.313514794011	9.62653342360001
Irx6	14.1752784209072	15.5926299513696	14.1752784209072	15.5926299513696	12.0324339263461	10.3141429538572	12.0324339263461	10.3141429538572
Klf10	49.1409651924783	41.5803465369857	49.1409651924783	41.5803465369857	60.1621696317306	61.1972481928858	60.1621696317306	61.1972481928858
Meis1	30.240593964602	26.8539738051366	30.240593964602	26.8539738051366	32.659463514368	32.3176479220857	32.659463514368	32.3176479220857
Myc	34.9656867715711	30.3190026832188	34.9656867715711	30.3190026832188	39.5351400437087	41.9441813456857	39.5351400437087	41.9441813456857
Myf6	21.7354269120577	21.6564304880134	21.7354269120577	21.6564304880134	18.9081104556868	18.5654573169429	18.9081104556868	18.5654573169429
Nfe2l1	18.9003712278763	18.1914016099313	18.9003712278763	18.1914016099313	17.1891913233516	13.7521906051429	17.1891913233516	13.7521906051429
Nfe2l2	24.5704825962392	23.3889449270545	24.5704825962392	23.3889449270545	25.7837869850274	24.066333559	25.7837869850274	24.066333559
Nfia	28.3505568418144	29.4527454636982	28.3505568418144	29.4527454636982	30.9405443820329	28.8796002708	30.9405443820329	28.8796002708
Nr1h3	22.6804454734515	22.5226877075339	22.6804454734515	22.5226877075339	22.3459487203571	20.6282859077143	22.3459487203571	20.6282859077143
Rel	30.240593964602	29.4527454636982	30.240593964602	29.4527454636982	34.3783826467032	33.6928669826	34.3783826467032	33.6928669826
Rest	34.0206682101773	31.1852599027393	34.0206682101773	31.1852599027393	39.5351400437087	38.5061336944	39.5351400437087	38.5061336944
Rorc	17.9553526664825	21.6564304880134	17.9553526664825	21.6564304880134	18.9081104556868	18.5654573169429	18.9081104556868	18.5654573169429
Scrt1	18.9003712278763	19.9239160489723	18.9003712278763	19.9239160489723	22.3459487203571	22.0035049682286	22.3459487203571	22.0035049682286
Scrt2	19.8453897892701	21.6564304880134	19.8453897892701	21.6564304880134	18.9081104556868	19.2530668472	18.9081104556868	19.2530668472
Sox1	18.9003712278763	17.3251443904107	18.9003712278763	17.3251443904107	13.7513530586813	14.4398001354	13.7513530586813	14.4398001354
Sox4	18.9003712278763	19.9239160489723	18.9003712278763	19.9239160489723	18.9081104556868	18.5654573169429	18.9081104556868	18.5654573169429
Spdef	38.7457610171464	33.7840315613009	38.7457610171464	33.7840315613009	49.8486548377197	53.6335433600572	49.8486548377197	53.6335433600572
Spi1	25.515501157633	25.1214593660955	25.515501157633	25.1214593660955	29.2216252496977	26.8167716800286	29.2216252496977	26.8167716800286
Spib	23.6254640348453	24.255202146575	23.6254640348453	24.255202146575	25.7837869850274	24.7539430892572	25.7837869850274	24.7539430892572
Tbx20	25.515501157633	23.3889449270545	25.515501157633	23.3889449270545	29.2216252496977	27.5043812102857	29.2216252496977	27.5043812102857
Tbx4	15.120296982301	19.9239160489723	15.120296982301	19.9239160489723	15.4702721910164	13.7521906051429	15.4702721910164	13.7521906051429
Tbx5	15.120296982301	19.9239160489723	15.120296982301	19.9239160489723	15.4702721910164	13.7521906051429	15.4702721910164	13.7521906051429
Tbx6	17.0103341050886	20.7901732684929	17.0103341050886	20.7901732684929	15.4702721910164	16.5026287261714	15.4702721910164	16.5026287261714
Tcf4	20.7904083506639	23.3889449270545	20.7904083506639	23.3889449270545	22.3459487203571	18.5654573169429	22.3459487203571	18.5654573169429
Tcfcp2l1	32.1306310873897	32.0515171222598	32.1306310873897	32.0515171222598	36.0973017790384	35.7556955733715	36.0973017790384	35.7556955733715
Ubp1	30.240593964602	30.3190026832188	30.240593964602	30.3190026832188	30.9405443820329	34.3804765128572	30.9405443820329	34.3804765128572
Zbtb7a	51.9760208766598	49.3766615126706	51.9760208766598	49.3766615126706	63.6000078964009	63.9476863139143	63.6000078964009	63.9476863139143
Zfp24	18.9003712278763	19.0576588294518	18.9003712278763	19.0576588294518	15.4702721910164	16.5026287261714	15.4702721910164	16.5026287261714
Zfp263	32.1306310873897	27.7202310246572	32.1306310873897	27.7202310246572	36.0973017790384	34.3804765128572	36.0973017790384	34.3804765128572
Zfp296	23.6254640348453	21.6564304880134	23.6254640348453	21.6564304880134	29.2216252496977	25.4415526195143	29.2216252496977	25.4415526195143
Zfp317	18.9003712278763	23.3889449270545	18.9003712278763	23.3889449270545	18.9081104556868	15.1274096656572	18.9081104556868	15.1274096656572
Zfp382	24.5704825962392	26.8539738051366	24.5704825962392	26.8539738051366	22.3459487203571	22.0035049682286	22.3459487203571	22.0035049682286
Zscan4b	33.0756496487835	33.7840315613009	33.0756496487835	33.7840315613009	30.9405443820329	30.9424288615715	30.9405443820329	30.9424288615715
Zscan4c	33.0756496487835	33.7840315613009	33.0756496487835	33.7840315613009	30.9405443820329	30.9424288615715	30.9405443820329	30.9424288615715
Zscan4d	33.0756496487835	33.7840315613009	33.0756496487835	33.7840315613009	30.9405443820329	30.9424288615715	30.9405443820329	30.9424288615715
Zscan4f	33.0756496487835	33.7840315613009	33.0756496487835	33.7840315613009	30.9405443820329	30.9424288615715	30.9405443820329	30.9424288615715
Cbfb	23.6254640348453	23.3889449270545	23.6254640348453	23.3889449270545	24.0648678526922	20.6282859077143	24.0648678526922	20.6282859077143
Ddit3	17.0103341050886	17.3251443904107	17.0103341050886	17.3251443904107	20.6270295880219	18.5654573169429	20.6270295880219	18.5654573169429
Dmrtb1	17.9553526664825	19.9239160489723	17.9553526664825	19.9239160489723	18.9081104556868	19.2530668472	18.9081104556868	19.2530668472
ENSMUSG00000098546	25.515501157633	24.255202146575	25.515501157633	24.255202146575	30.9405443820329	29.5672098010572	30.9405443820329	29.5672098010572
Ebf1	29.2955754032082	25.9877165856161	29.2955754032082	25.9877165856161	30.9405443820329	30.2548193313143	30.9405443820329	30.2548193313143
Ebf2	29.2955754032082	25.9877165856161	29.2955754032082	25.9877165856161	30.9405443820329	30.2548193313143	30.9405443820329	30.2548193313143
Ebf3	29.2955754032082	25.9877165856161	29.2955754032082	25.9877165856161	30.9405443820329	30.2548193313143	30.9405443820329	30.2548193313143
Ebf4	29.2955754032082	25.9877165856161	29.2955754032082	25.9877165856161	30.9405443820329	30.2548193313143	30.9405443820329	30.2548193313143
Elf2	47.2509280696907	33.7840315613009	47.2509280696907	33.7840315613009	56.7243313670603	55.6963719508286	56.7243313670603	55.6963719508286
Elf4	46.3059095082969	33.7840315613009	46.3059095082969	33.7840315613009	51.5675739700548	54.3211528903143	51.5675739700548	54.3211528903143
Esrrb	20.7904083506639	22.5226877075339	20.7904083506639	22.5226877075339	20.6270295880219	19.2530668472	20.6270295880219	19.2530668472
Irf1	17.0103341050886	18.1914016099313	17.0103341050886	18.1914016099313	13.7513530586813	15.8150191959143	13.7513530586813	15.8150191959143
Mafa	25.515501157633	26.8539738051366	25.515501157633	26.8539738051366	25.7837869850274	24.066333559	25.7837869850274	24.066333559
Mafk	25.515501157633	26.8539738051366	25.515501157633	26.8539738051366	27.5027061173626	22.6911144984857	27.5027061173626	22.6911144984857
Mef2a	17.9553526664825	16.4588871708902	17.9553526664825	16.4588871708902	15.4702721910164	14.4398001354	15.4702721910164	14.4398001354
Nfe2	22.6804454734515	25.9877165856161	22.6804454734515	25.9877165856161	22.3459487203571	22.0035049682286	22.3459487203571	22.0035049682286
Nfe2l3	22.6804454734515	25.9877165856161	22.6804454734515	25.9877165856161	22.3459487203571	22.0035049682286	22.3459487203571	22.0035049682286
Nr5a2	33.0756496487835	33.7840315613009	33.0756496487835	33.7840315613009	34.3783826467032	39.8813527549143	34.3783826467032	39.8813527549143
Pgr	21.7354269120577	23.3889449270545	21.7354269120577	23.3889449270545	22.3459487203571	21.3158954379714	22.3459487203571	21.3158954379714
Pknox1	23.6254640348453	23.3889449270545	23.6254640348453	23.3889449270545	24.0648678526922	24.066333559	24.0648678526922	24.066333559
Rela	18.9003712278763	19.0576588294518	18.9003712278763	19.0576588294518	20.6270295880219	22.0035049682286	20.6270295880219	22.0035049682286
Rhox11	15.120296982301	18.1914016099313	15.120296982301	18.1914016099313	17.1891913233516	18.5654573169429	17.1891913233516	18.5654573169429
Sox3	22.6804454734515	22.5226877075339	22.6804454734515	22.5226877075339	24.0648678526922	23.3787240287429	24.0648678526922	23.3787240287429
Sox9	21.7354269120577	19.0576588294518	21.7354269120577	19.0576588294518	18.9081104556868	17.8778477866857	18.9081104556868	17.8778477866857
Tbx2	19.8453897892701	19.9239160489723	19.8453897892701	19.9239160489723	15.4702721910164	17.8778477866857	15.4702721910164	17.8778477866857
Tbx3	19.8453897892701	19.9239160489723	19.8453897892701	19.9239160489723	17.1891913233516	17.8778477866857	17.1891913233516	17.8778477866857
Tcf3	21.7354269120577	23.3889449270545	21.7354269120577	23.3889449270545	22.3459487203571	20.6282859077143	22.3459487203571	20.6282859077143
Tead4	23.6254640348453	26.8539738051366	23.6254640348453	26.8539738051366	25.7837869850274	25.4415526195143	25.7837869850274	25.4415526195143
Vezf1	25.515501157633	24.255202146575	25.515501157633	24.255202146575	30.9405443820329	29.5672098010572	30.9405443820329	29.5672098010572
Zfp641	24.5704825962392	25.1214593660955	24.5704825962392	25.1214593660955	32.659463514368	32.3176479220857	32.659463514368	32.3176479220857
Zfp69	19.8453897892701	19.9239160489723	19.8453897892701	19.9239160489723	18.9081104556868	19.2530668472	18.9081104556868	19.2530668472
Zfp740	23.6254640348453	23.3889449270545	23.6254640348453	23.3889449270545	30.9405443820329	29.5672098010572	30.9405443820329	29.5672098010572
Zfp771	46.3059095082969	41.5803465369857	46.3059095082969	41.5803465369857	51.5675739700548	59.1344196021143	51.5675739700548	59.1344196021143
Arnt	37.8007424557525	32.0515171222598	37.8007424557525	32.0515171222598	39.5351400437087	45.3822289969715	39.5351400437087	45.3822289969715
Bcl11b	23.6254640348453	24.255202146575	23.6254640348453	24.255202146575	27.5027061173626	24.066333559	27.5027061173626	24.066333559
Cux2	15.120296982301	18.1914016099313	15.120296982301	18.1914016099313	12.0324339263461	9.62653342360001	12.0324339263461	9.62653342360001
Fbxl19	26.4605197190268	21.6564304880134	26.4605197190268	21.6564304880134	36.0973017790384	30.9424288615715	36.0973017790384	30.9424288615715
Fev	38.7457610171464	32.9177743417804	38.7457610171464	32.9177743417804	44.6918974407142	47.4450575877429	44.6918974407142	47.4450575877429
Gbx1	18.9003712278763	15.5926299513696	18.9003712278763	15.5926299513696	17.1891913233516	15.8150191959143	17.1891913233516	15.8150191959143
Hbp1	20.7904083506639	20.7901732684929	20.7904083506639	20.7901732684929	17.1891913233516	15.8150191959143	17.1891913233516	15.8150191959143
Hoxc5	12.2852412981196	17.3251443904107	12.2852412981196	17.3251443904107	12.0324339263461	11.6893620143714	12.0324339263461	11.6893620143714
Hsf3	19.8453897892701	22.5226877075339	19.8453897892701	22.5226877075339	22.3459487203571	23.3787240287429	22.3459487203571	23.3787240287429
Hsf4	20.7904083506639	23.3889449270545	20.7904083506639	23.3889449270545	18.9081104556868	24.066333559	18.9081104556868	24.066333559
Irf3	26.4605197190268	27.7202310246572	26.4605197190268	27.7202310246572	29.2216252496977	30.2548193313143	29.2216252496977	30.2548193313143
Lbx2	11.3402227367258	15.5926299513696	11.3402227367258	15.5926299513696	10.313514794011	11.0017524841143	10.313514794011	11.0017524841143
Lhx4	13.2302598595134	13.8601155123286	13.2302598595134	13.8601155123286	6.87567652934064	11.0017524841143	6.87567652934064	11.0017524841143
Lmx1b	13.2302598595134	12.1276010732875	13.2302598595134	12.1276010732875	5.15675739700548	11.0017524841143	5.15675739700548	11.0017524841143
Max	29.2955754032082	26.8539738051366	29.2955754032082	26.8539738051366	32.659463514368	39.1937432246572	32.659463514368	39.1937432246572
Mlxip	39.6907795785402	38.9815748784241	39.6907795785402	38.9815748784241	44.6918974407142	50.1954957087715	44.6918974407142	50.1954957087715
Mycn	27.4055382804206	25.9877165856161	27.4055382804206	25.9877165856161	32.659463514368	37.1309146338857	32.659463514368	37.1309146338857
Nkx31	17.0103341050886	18.1914016099313	17.0103341050886	18.1914016099313	13.7513530586813	15.1274096656572	13.7513530586813	15.1274096656572
Nkx32	17.9553526664825	19.9239160489723	17.9553526664825	19.9239160489723	13.7513530586813	14.4398001354	13.7513530586813	14.4398001354
Nkx63	11.3402227367258	12.1276010732875	11.3402227367258	12.1276010732875	8.5945956616758	11.0017524841143	8.5945956616758	11.0017524841143
Noto	12.2852412981196	12.1276010732875	12.2852412981196	12.1276010732875	6.87567652934064	10.3141429538572	6.87567652934064	10.3141429538572
Osr2	18.9003712278763	18.1914016099313	18.9003712278763	18.1914016099313	20.6270295880219	20.6282859077143	20.6270295880219	20.6282859077143
Pax4	19.8453897892701	16.4588871708902	19.8453897892701	16.4588871708902	15.4702721910164	21.3158954379714	15.4702721910164	21.3158954379714
Pax6	16.0653155436948	14.7263727318491	16.0653155436948	14.7263727318491	12.0324339263461	14.4398001354	12.0324339263461	14.4398001354
Phox2a	18.9003712278763	15.5926299513696	18.9003712278763	15.5926299513696	17.1891913233516	15.8150191959143	17.1891913233516	15.8150191959143
Phox2b	18.9003712278763	15.5926299513696	18.9003712278763	15.5926299513696	17.1891913233516	15.8150191959143	17.1891913233516	15.8150191959143
Pou3f2	15.120296982301	17.3251443904107	15.120296982301	17.3251443904107	12.0324339263461	13.0645810748857	12.0324339263461	13.0645810748857
Prrxl1	12.2852412981196	12.993858292808	12.2852412981196	12.993858292808	12.0324339263461	9.62653342360001	12.0324339263461	9.62653342360001
Snai1	23.6254640348453	22.5226877075339	23.6254640348453	22.5226877075339	24.0648678526922	22.6911144984857	24.0648678526922	22.6911144984857
Sox17	16.0653155436948	16.4588871708902	16.0653155436948	16.4588871708902	15.4702721910164	15.8150191959143	15.4702721910164	15.8150191959143
Stat5a	21.7354269120577	24.255202146575	21.7354269120577	23.3889449270545	22.3459487203571	22.6911144984857	22.3459487203571	22.6911144984857
Stat5b	21.7354269120577	24.255202146575	21.7354269120577	24.255202146575	22.3459487203571	23.3787240287429	22.3459487203571	23.3787240287429
Tead1	22.6804454734515	25.9877165856161	22.6804454734515	25.9877165856161	22.3459487203571	23.3787240287429	22.3459487203571	23.3787240287429
Tead2	21.7354269120577	25.9877165856161	21.7354269120577	25.9877165856161	22.3459487203571	22.0035049682286	22.3459487203571	22.0035049682286
Tfap2b	33.0756496487835	29.4527454636982	33.0756496487835	29.4527454636982	36.0973017790384	36.4433051036286	36.0973017790384	36.4433051036286
Tfap2e	33.0756496487835	31.1852599027393	33.0756496487835	31.1852599027393	36.0973017790384	37.8185241641429	36.0973017790384	37.8185241641429
Thrb	30.240593964602	27.7202310246572	30.240593964602	27.7202310246572	32.659463514368	29.5672098010572	32.659463514368	29.5672098010572
Uncx	14.1752784209072	13.8601155123286	14.1752784209072	13.8601155123286	5.15675739700548	12.3769715446286	5.15675739700548	12.3769715446286
Zeb1	16.0653155436948	19.9239160489723	16.0653155436948	19.9239160489723	17.1891913233516	16.5026287261714	17.1891913233516	16.5026287261714
Zfp110	22.6804454734515	23.3889449270545	22.6804454734515	23.3889449270545	24.0648678526922	19.2530668472	24.0648678526922	19.2530668472
Zfp423	31.1856125259959	30.3190026832188	31.1856125259959	30.3190026832188	36.0973017790384	32.3176479220857	36.0973017790384	32.3176479220857
Zfp449	51.9760208766598	44.1791181955473	51.9760208766598	44.1791181955473	55.0054122347251	58.4468100718572	55.0054122347251	58.4468100718572
Zfp711	35.9107053329649	32.9177743417804	35.9107053329649	32.9177743417804	39.5351400437087	36.4433051036286	39.5351400437087	36.4433051036286
Alx1	15.120296982301	14.7263727318491	15.120296982301	14.7263727318491	10.313514794011	13.7521906051429	10.313514794011	13.7521906051429
Alx3	13.2302598595134	14.7263727318491	13.2302598595134	14.7263727318491	10.313514794011	11.6893620143714	10.313514794011	11.6893620143714
Alx4	14.1752784209072	12.993858292808	14.1752784209072	12.993858292808	12.0324339263461	12.3769715446286	12.0324339263461	12.3769715446286
Arx	14.1752784209072	14.7263727318491	14.1752784209072	14.7263727318491	13.7513530586813	13.0645810748857	13.7513530586813	13.0645810748857
Barx2	17.9553526664825	18.1914016099313	17.9553526664825	18.1914016099313	15.4702721910164	15.1274096656572	15.4702721910164	15.1274096656572
Batf	17.9553526664825	20.7901732684929	17.9553526664825	20.7901732684929	15.4702721910164	15.1274096656572	15.4702721910164	15.1274096656572
Borcs8	16.0653155436948	16.4588871708902	16.0653155436948	16.4588871708902	13.7513530586813	12.3769715446286	13.7513530586813	12.3769715446286
Ctcf	43.4708538241154	35.516546000342	43.4708538241154	35.516546000342	55.0054122347251	49.5078861785143	55.0054122347251	49.5078861785143
ENSMUSG00000097200	13.2302598595134	14.7263727318491	13.2302598595134	14.7263727318491	10.313514794011	11.6893620143714	10.313514794011	11.6893620143714
ENSMUSG00000098598	16.0653155436948	17.3251443904107	16.0653155436948	17.3251443904107	13.7513530586813	15.8150191959143	13.7513530586813	15.8150191959143
Emx1	17.0103341050886	18.1914016099313	17.0103341050886	18.1914016099313	12.0324339263461	9.62653342360001	12.0324339263461	9.62653342360001
En1	13.2302598595134	14.7263727318491	13.2302598595134	14.7263727318491	10.313514794011	11.6893620143714	10.313514794011	11.6893620143714
Gsx1	13.2302598595134	14.7263727318491	13.2302598595134	14.7263727318491	12.0324339263461	13.0645810748857	12.0324339263461	13.0645810748857
Hesx1	18.9003712278763	17.3251443904107	18.9003712278763	17.3251443904107	18.9081104556868	19.9406763774572	18.9081104556868	19.9406763774572
Hlx	13.2302598595134	12.1276010732875	13.2302598595134	12.1276010732875	5.15675739700548	11.0017524841143	5.15675739700548	11.0017524841143
Hmx1	14.1752784209072	14.7263727318491	14.1752784209072	14.7263727318491	10.313514794011	11.6893620143714	10.313514794011	11.6893620143714
Hmx2	14.1752784209072	16.4588871708902	14.1752784209072	16.4588871708902	12.0324339263461	11.0017524841143	12.0324339263461	11.0017524841143
Hoxa11	16.0653155436948	16.4588871708902	16.0653155436948	16.4588871708902	15.4702721910164	16.5026287261714	15.4702721910164	16.5026287261714
Hoxc6	12.2852412981196	11.261343853767	12.2852412981196	11.261343853767	6.87567652934064	10.3141429538572	6.87567652934064	10.3141429538572
Hoxd11	14.1752784209072	15.5926299513696	14.1752784209072	15.5926299513696	15.4702721910164	12.3769715446286	15.4702721910164	12.3769715446286
Isl2	13.2302598595134	13.8601155123286	13.2302598595134	13.8601155123286	12.0324339263461	10.3141429538572	12.0324339263461	10.3141429538572
Lbx1	15.120296982301	14.7263727318491	15.120296982301	14.7263727318491	12.0324339263461	15.1274096656572	12.0324339263461	15.1274096656572
Lhx2	12.2852412981196	12.1276010732875	12.2852412981196	12.1276010732875	8.5945956616758	10.3141429538572	8.5945956616758	10.3141429538572
Lhx6	14.1752784209072	12.993858292808	14.1752784209072	12.993858292808	12.0324339263461	12.3769715446286	12.0324339263461	12.3769715446286
Lhx9	14.1752784209072	14.7263727318491	14.1752784209072	14.7263727318491	13.7513530586813	13.0645810748857	13.7513530586813	13.0645810748857
Lin54	14.1752784209072	14.7263727318491	14.1752784209072	14.7263727318491	10.313514794011	12.3769715446286	10.313514794011	12.3769715446286
Mef2b	16.0653155436948	16.4588871708902	16.0653155436948	16.4588871708902	13.7513530586813	12.3769715446286	13.7513530586813	12.3769715446286
Mef2c	16.0653155436948	16.4588871708902	16.0653155436948	16.4588871708902	13.7513530586813	11.6893620143714	13.7513530586813	11.6893620143714
Mef2d	16.0653155436948	16.4588871708902	16.0653155436948	16.4588871708902	13.7513530586813	12.3769715446286	13.7513530586813	12.3769715446286
Meis2	21.7354269120577	19.9239160489723	21.7354269120577	19.9239160489723	22.3459487203571	21.3158954379714	22.3459487203571	21.3158954379714
Meis3	21.7354269120577	19.9239160489723	21.7354269120577	19.9239160489723	22.3459487203571	21.3158954379714	22.3459487203571	21.3158954379714
Mixl1	13.2302598595134	12.1276010732875	13.2302598595134	12.1276010732875	5.15675739700548	11.0017524841143	5.15675739700548	11.0017524841143
Mnt	25.515501157633	24.255202146575	25.515501157633	24.255202146575	32.659463514368	35.0680860431143	32.659463514368	35.0680860431143
Msgn1	17.9553526664825	19.9239160489723	17.9553526664825	19.9239160489723	18.9081104556868	17.8778477866857	18.9081104556868	17.8778477866857
Myb	25.515501157633	23.3889449270545	25.515501157633	23.3889449270545	25.7837869850274	22.0035049682286	25.7837869850274	22.0035049682286
Neurod1	19.8453897892701	21.6564304880134	19.8453897892701	21.6564304880134	20.6270295880219	22.6911144984857	20.6270295880219	22.6911144984857
Neurod2	18.9003712278763	21.6564304880134	18.9003712278763	21.6564304880134	20.6270295880219	20.6282859077143	20.6270295880219	20.6282859077143
Nr1d1	25.515501157633	26.8539738051366	25.515501157633	26.8539738051366	27.5027061173626	24.066333559	27.5027061173626	24.066333559
Nr1i2	16.0653155436948	20.7901732684929	16.0653155436948	20.7901732684929	18.9081104556868	16.5026287261714	18.9081104556868	16.5026287261714
Nr2c2	22.6804454734515	22.5226877075339	22.6804454734515	22.5226877075339	22.3459487203571	22.0035049682286	22.3459487203571	22.0035049682286
Nr2e1	19.8453897892701	18.1914016099313	19.8453897892701	18.1914016099313	17.1891913233516	16.5026287261714	17.1891913233516	16.5026287261714
Nr4a2	17.0103341050886	19.9239160489723	17.0103341050886	19.9239160489723	17.1891913233516	17.1902382564286	17.1891913233516	17.1902382564286
Nr4a3	17.0103341050886	19.9239160489723	17.0103341050886	19.9239160489723	17.1891913233516	17.1902382564286	17.1891913233516	17.1902382564286
Nr6a1	22.6804454734515	27.7202310246572	22.6804454734515	27.7202310246572	22.3459487203571	19.9406763774572	22.3459487203571	19.9406763774572
Phf21a	12.2852412981196	12.993858292808	12.2852412981196	12.993858292808	8.5945956616758	10.3141429538572	8.5945956616758	10.3141429538572
Pknox2	22.6804454734515	23.3889449270545	22.6804454734515	23.3889449270545	22.3459487203571	22.6911144984857	22.3459487203571	22.6911144984857
Pou6f1	16.0653155436948	17.3251443904107	16.0653155436948	17.3251443904107	13.7513530586813	15.8150191959143	13.7513530586813	15.8150191959143
Prop1	13.2302598595134	14.7263727318491	13.2302598595134	14.7263727318491	10.313514794011	11.6893620143714	10.313514794011	11.6893620143714
Prrx2	13.2302598595134	13.8601155123286	13.2302598595134	13.8601155123286	6.87567652934064	11.0017524841143	6.87567652934064	11.0017524841143
Rhox6	13.2302598595134	14.7263727318491	13.2302598595134	14.7263727318491	10.313514794011	11.6893620143714	10.313514794011	11.6893620143714
Sebox	13.2302598595134	12.993858292808	13.2302598595134	12.993858292808	6.87567652934064	11.0017524841143	6.87567652934064	11.0017524841143
Shox2	23.6254640348453	19.0576588294518	23.6254640348453	19.0576588294518	24.0648678526922	24.066333559	24.0648678526922	24.066333559
Smad3	22.6804454734515	22.5226877075339	22.6804454734515	22.5226877075339	22.3459487203571	20.6282859077143	22.3459487203571	20.6282859077143
Stat4	31.1856125259959	32.0515171222598	31.1856125259959	32.0515171222598	32.659463514368	33.6928669826	32.659463514368	33.6928669826
Tgif1	22.6804454734515	22.5226877075339	22.6804454734515	22.5226877075339	20.6270295880219	20.6282859077143	20.6270295880219	20.6282859077143
Tgif2	25.515501157633	23.3889449270545	25.515501157633	23.3889449270545	24.0648678526922	23.3787240287429	24.0648678526922	23.3787240287429
Tlx3	19.8453897892701	14.7263727318491	19.8453897892701	14.7263727318491	17.1891913233516	15.8150191959143	17.1891913233516	15.8150191959143
Zfp354a	15.120296982301	15.5926299513696	15.120296982301	15.5926299513696	10.313514794011	10.3141429538572	10.313514794011	10.3141429538572
Zfp558	25.515501157633	27.7202310246572	25.515501157633	27.7202310246572	24.0648678526922	19.9406763774572	24.0648678526922	19.9406763774572
Zfp692	46.3059095082969	38.9815748784241	46.3059095082969	38.9815748784241	58.4432504993955	56.3839814810858	58.4432504993955	56.3839814810858
Zic1	34.0206682101773	31.1852599027393	34.0206682101773	31.1852599027393	39.5351400437087	37.1309146338857	39.5351400437087	37.1309146338857
Zic2	36.8557238943587	32.9177743417804	36.8557238943587	32.9177743417804	44.6918974407142	42.6317908759429	44.6918974407142	42.6317908759429
Zic3	34.0206682101773	31.1852599027393	34.0206682101773	31.1852599027393	39.5351400437087	37.8185241641429	39.5351400437087	37.8185241641429
Creb3l1	43.4708538241154	31.1852599027393	43.4708538241154	31.1852599027393	48.1297357053845	51.5707147692858	48.1297357053845	51.5707147692858
Irf9	17.0103341050886	18.1914016099313	17.0103341050886	18.1914016099313	20.6270295880219	21.3158954379714	20.6270295880219	21.3158954379714
Obox3	18.9003712278763	22.5226877075339	18.9003712278763	22.5226877075339	15.4702721910164	13.7521906051429	15.4702721910164	13.7521906051429
Otx1	18.9003712278763	23.3889449270545	18.9003712278763	23.3889449270545	15.4702721910164	13.7521906051429	15.4702721910164	13.7521906051429
Plagl1	41.5808167013278	38.1153176589036	41.5808167013278	38.1153176589036	48.1297357053845	47.4450575877429	48.1297357053845	47.4450575877429
Plagl2	43.4708538241154	39.8478320979447	43.4708538241154	39.8478320979447	49.8486548377197	48.132667118	49.8486548377197	48.132667118
Q8VHG7	18.9003712278763	23.3889449270545	18.9003712278763	23.3889449270545	15.4702721910164	13.7521906051429	15.4702721910164	13.7521906051429
Tbx18	27.4055382804206	29.4527454636982	27.4055382804206	29.4527454636982	27.5027061173626	32.3176479220857	27.5027061173626	32.3176479220857
Tbx22	19.8453897892701	22.5226877075339	19.8453897892701	22.5226877075339	20.6270295880219	19.9406763774572	20.6270295880219	19.9406763774572
Tfdp1	48.1959466310845	40.7140893174652	48.1959466310845	40.7140893174652	58.4432504993955	60.5096386626286	58.4432504993955	60.5096386626286
Tfdp2	48.1959466310845	40.7140893174652	48.1959466310845	40.7140893174652	58.4432504993955	60.5096386626286	58.4432504993955	60.5096386626286
Zbtb14	58.5911508064165	51.9754331712322	58.5911508064165	51.9754331712322	72.1946035580767	76.3246578585429	72.1946035580767	76.3246578585429
Zbtb33	51.9760208766598	40.7140893174652	51.9760208766598	40.7140893174652	58.4432504993955	66.0105149046858	58.4432504993955	66.0105149046858
Zfp189	26.4605197190268	26.8539738051366	26.4605197190268	26.8539738051366	29.2216252496977	30.2548193313143	29.2216252496977	30.2548193313143
Zfp202	25.515501157633	24.255202146575	25.515501157633	24.255202146575	29.2216252496977	26.8167716800286	29.2216252496977	26.8167716800286
Zfp410	21.7354269120577	24.255202146575	21.7354269120577	24.255202146575	24.0648678526922	21.3158954379714	24.0648678526922	21.3158954379714
Zic5	47.2509280696907	45.0453754150679	47.2509280696907	45.0453754150679	58.4432504993955	59.1344196021143	58.4432504993955	59.1344196021143
Zik1	22.6804454734515	23.3889449270545	22.6804454734515	23.3889449270545	22.3459487203571	20.6282859077143	22.3459487203571	20.6282859077143
Bcl6b	17.0103341050886	16.4588871708902	17.0103341050886	16.4588871708902	13.7513530586813	15.1274096656572	13.7513530586813	15.1274096656572
Egr1	47.2509280696907	37.2490604393831	47.2509280696907	37.2490604393831	55.0054122347251	59.1344196021143	55.0054122347251	59.1344196021143
Foxd1	17.9553526664825	18.1914016099313	17.9553526664825	18.1914016099313	17.1891913233516	17.1902382564286	17.1891913233516	17.1902382564286
Irf7	17.0103341050886	19.9239160489723	17.0103341050886	19.9239160489723	15.4702721910164	16.5026287261714	15.4702721910164	16.5026287261714
Lcor	14.1752784209072	15.5926299513696	14.1752784209072	15.5926299513696	12.0324339263461	12.3769715446286	12.0324339263461	12.3769715446286
Lcorl	15.120296982301	14.7263727318491	15.120296982301	14.7263727318491	12.0324339263461	11.6893620143714	12.0324339263461	11.6893620143714
Myog	26.4605197190268	26.8539738051366	26.4605197190268	26.8539738051366	30.9405443820329	28.8796002708	30.9405443820329	28.8796002708
Mzf1	20.7904083506639	20.7901732684929	20.7904083506639	20.7901732684929	22.3459487203571	19.9406763774572	22.3459487203571	19.9406763774572
Nr2f6	18.9003712278763	20.7901732684929	18.9003712278763	20.7901732684929	20.6270295880219	20.6282859077143	20.6270295880219	20.6282859077143
Prdm1	19.8453897892701	21.6564304880134	19.8453897892701	21.6564304880134	18.9081104556868	19.2530668472	18.9081104556868	19.2530668472
Relb	23.6254640348453	22.5226877075339	23.6254640348453	22.5226877075339	25.7837869850274	29.5672098010572	25.7837869850274	29.5672098010572
Stat3	26.4605197190268	28.5864882441777	26.4605197190268	28.5864882441777	29.2216252496977	28.1919907405429	29.2216252496977	28.1919907405429
Zbtb3	22.6804454734515	24.255202146575	22.6804454734515	24.255202146575	25.7837869850274	24.7539430892572	25.7837869850274	24.7539430892572
Zbtb49	41.5808167013278	29.4527454636982	41.5808167013278	29.4527454636982	46.4108165730493	46.7574480574857	46.4108165730493	46.7574480574857
Zfp691	51.9760208766598	51.9754331712322	51.9760208766598	51.1091759517116	61.8810887640658	68.0733434954572	61.8810887640658	68.0733434954572
Bhlhe41	49.1409651924783	35.516546000342	49.1409651924783	35.516546000342	48.1297357053845	46.7574480574857	48.1297357053845	46.7574480574857
Eomes	17.0103341050886	20.7901732684929	17.0103341050886	20.7901732684929	15.4702721910164	13.7521906051429	15.4702721910164	13.7521906051429
Hes1	38.7457610171464	33.7840315613009	38.7457610171464	33.7840315613009	42.972978308379	41.2565718154286	42.972978308379	41.2565718154286
Hes7	37.8007424557525	33.7840315613009	37.8007424557525	33.7840315613009	44.6918974407142	44.0070099364572	44.6918974407142	44.0070099364572
Klf9	29.2955754032082	22.5226877075339	29.2955754032082	22.5226877075339	27.5027061173626	37.1309146338857	27.5027061173626	37.1309146338857
Mbd2	42.5258352627216	37.2490604393831	42.5258352627216	37.2490604393831	55.0054122347251	57.0715910113429	55.0054122347251	57.0715910113429
Mesp1	17.0103341050886	20.7901732684929	17.0103341050886	20.7901732684929	18.9081104556868	15.1274096656572	18.9081104556868	15.1274096656572
Mesp2	17.0103341050886	20.7901732684929	17.0103341050886	20.7901732684929	18.9081104556868	15.1274096656572	18.9081104556868	15.1274096656572
Mybl1	36.8557238943587	25.9877165856161	36.8557238943587	25.9877165856161	44.6918974407142	43.3194004062	44.6918974407142	43.3194004062
Mybl2	45.3608909469031	39.8478320979447	45.3608909469031	39.8478320979447	56.7243313670603	61.1972481928858	56.7243313670603	61.1972481928858
Pax8	34.9656867715711	36.3828032198625	34.9656867715711	36.3828032198625	41.2540591760439	43.3194004062	41.2540591760439	43.3194004062
Pou2f1	14.1752784209072	13.8601155123286	14.1752784209072	13.8601155123286	8.5945956616758	12.3769715446286	8.5945956616758	12.3769715446286
Rfx2	34.0206682101773	26.8539738051366	34.0206682101773	26.8539738051366	37.8162209113735	36.4433051036286	37.8162209113735	36.4433051036286
Smad1	39.6907795785402	33.7840315613009	39.6907795785402	33.7840315613009	48.1297357053845	50.8831052390286	48.1297357053845	50.8831052390286
Smad5	39.6907795785402	33.7840315613009	39.6907795785402	33.7840315613009	48.1297357053845	50.8831052390286	48.1297357053845	50.8831052390286
Snai2	19.8453897892701	22.5226877075339	19.8453897892701	22.5226877075339	22.3459487203571	18.5654573169429	22.3459487203571	18.5654573169429
Snai3	18.9003712278763	21.6564304880134	18.9003712278763	21.6564304880134	22.3459487203571	17.8778477866857	22.3459487203571	17.8778477866857
Srf	17.0103341050886	16.4588871708902	17.0103341050886	16.4588871708902	15.4702721910164	13.7521906051429	15.4702721910164	13.7521906051429
Tcfl5	50.0859837538721	40.7140893174652	50.0859837538721	40.7140893174652	55.0054122347251	56.3839814810858	55.0054122347251	56.3839814810858
Ybx1	25.515501157633	22.5226877075339	25.515501157633	22.5226877075339	22.3459487203571	19.9406763774572	22.3459487203571	19.9406763774572
Ybx2	25.515501157633	22.5226877075339	25.515501157633	22.5226877075339	22.3459487203571	19.9406763774572	22.3459487203571	19.9406763774572
Ybx3	25.515501157633	22.5226877075339	25.515501157633	22.5226877075339	22.3459487203571	19.9406763774572	22.3459487203571	19.9406763774572
Zfp3	38.7457610171464	35.516546000342	38.7457610171464	35.516546000342	42.972978308379	36.4433051036286	42.972978308379	36.4433051036286
Zscan20	46.3059095082969	54.5742048297938	46.3059095082969	54.5742048297938	82.5081183520877	35.7556955733715	82.5081183520877	35.7556955733715
Arid5a	12.2852412981196	13.8601155123286	12.2852412981196	13.8601155123286	8.5945956616758	8.93892389334286	8.5945956616758	8.93892389334286
Creb1	51.9760208766598	42.4466037565063	51.9760208766598	42.4466037565063	67.0378461610713	64.6352958441715	67.0378461610713	64.6352958441715
Hic2	25.515501157633	25.1214593660955	25.515501157633	25.1214593660955	29.2216252496977	26.8167716800286	29.2216252496977	26.8167716800286
Jrkl	91.6668004551999	104.817123561985	91.6668004551999	104.817123561985	99.6973096754393	132.708639339629	99.6973096754393	132.708639339629
Kmt2a	47.2509280696907	33.7840315613009	47.2509280696907	33.7840315613009	51.5675739700548	50.1954957087715	51.5675739700548	50.1954957087715
Pbx3	67.0963178589608	45.0453754150679	67.0963178589608	45.0453754150679	77.3513609550822	81.1379245703429	77.3513609550822	81.1379245703429
Runx3	24.5704825962392	25.9877165856161	24.5704825962392	25.9877165856161	25.7837869850274	24.066333559	25.7837869850274	24.066333559
Tfap2c	37.8007424557525	32.0515171222598	37.8007424557525	32.0515171222598	42.972978308379	46.7574480574857	42.972978308379	46.7574480574857
Tigd2	91.6668004551999	104.817123561985	91.6668004551999	104.817123561985	99.6973096754393	132.708639339629	99.6973096754393	132.708639339629
Zbtb26	18.9003712278763	19.9239160489723	18.9003712278763	19.9239160489723	17.1891913233516	17.1902382564286	17.1891913233516	17.1902382564286
Atf2	32.1306310873897	30.3190026832188	32.1306310873897	30.3190026832188	42.972978308379	39.1937432246572	42.972978308379	39.1937432246572
Egr4	41.5808167013278	34.6502887808214	41.5808167013278	34.6502887808214	51.5675739700548	50.1954957087715	51.5675739700548	50.1954957087715
Epas1	27.4055382804206	25.9877165856161	27.4055382804206	25.9877165856161	27.5027061173626	33.6928669826	27.5027061173626	33.6928669826
Foxf1	17.9553526664825	19.9239160489723	17.9553526664825	19.9239160489723	13.7513530586813	15.1274096656572	13.7513530586813	15.1274096656572
Foxf2	17.9553526664825	19.9239160489723	17.9553526664825	19.9239160489723	13.7513530586813	15.1274096656572	13.7513530586813	15.1274096656572
Hif1a	34.0206682101773	30.3190026832188	34.0206682101773	30.3190026832188	39.5351400437087	40.5689622851715	39.5351400437087	40.5689622851715
Hoxa2	17.9553526664825	17.3251443904107	17.9553526664825	17.3251443904107	10.313514794011	12.3769715446286	10.313514794011	12.3769715446286
Hoxb1	16.0653155436948	12.1276010732875	16.0653155436948	12.1276010732875	8.5945956616758	13.0645810748857	8.5945956616758	13.0645810748857
Hoxb2	17.9553526664825	17.3251443904107	17.9553526664825	17.3251443904107	10.313514794011	12.3769715446286	10.313514794011	12.3769715446286
Hoxd4	17.0103341050886	14.7263727318491	17.0103341050886	14.7263727318491	12.0324339263461	15.8150191959143	12.0324339263461	15.8150191959143
Msantd3	27.4055382804206	29.4527454636982	27.4055382804206	29.4527454636982	29.2216252496977	28.8796002708	29.2216252496977	28.8796002708
Tbx15	17.9553526664825	22.5226877075339	17.9553526664825	22.5226877075339	13.7513530586813	16.5026287261714	13.7513530586813	16.5026287261714
Tet1	24.5704825962392	22.5226877075339	24.5704825962392	22.5226877075339	15.4702721910164	25.4415526195143	15.4702721910164	25.4415526195143
Twist1	17.9553526664825	19.9239160489723	17.9553526664825	19.9239160489723	15.4702721910164	17.1902382564286	15.4702721910164	17.1902382564286
Zfp422	17.0103341050886	17.3251443904107	17.0103341050886	17.3251443904107	13.7513530586813	15.1274096656572	13.7513530586813	15.1274096656572
Zfp454	47.2509280696907	45.0453754150679	47.2509280696907	45.0453754150679	55.0054122347251	58.4468100718572	55.0054122347251	58.4468100718572
Dlx6	20.7904083506639	15.5926299513696	20.7904083506639	15.5926299513696	17.1891913233516	18.5654573169429	17.1891913233516	18.5654573169429
Esrra	18.9003712278763	20.7901732684929	18.9003712278763	20.7901732684929	20.6270295880219	17.1902382564286	20.6270295880219	17.1902382564286
Foxa1	18.9003712278763	18.1914016099313	18.9003712278763	18.1914016099313	12.0324339263461	15.1274096656572	12.0324339263461	15.1274096656572
Foxb1	17.9553526664825	17.3251443904107	17.9553526664825	17.3251443904107	12.0324339263461	13.7521906051429	12.0324339263461	13.7521906051429
Foxb2	17.9553526664825	17.3251443904107	17.9553526664825	17.3251443904107	12.0324339263461	13.7521906051429	12.0324339263461	13.7521906051429
Hic1	23.6254640348453	22.5226877075339	23.6254640348453	22.5226877075339	24.0648678526922	22.6911144984857	24.0648678526922	22.6911144984857
Meox2	16.0653155436948	12.1276010732875	16.0653155436948	12.1276010732875	8.5945956616758	13.0645810748857	8.5945956616758	13.0645810748857
Pax2	35.9107053329649	32.0515171222598	35.9107053329649	32.0515171222598	39.5351400437087	35.0680860431143	39.5351400437087	35.0680860431143
Ppard	19.8453897892701	20.7901732684929	19.8453897892701	20.7901732684929	20.6270295880219	18.5654573169429	20.6270295880219	18.5654573169429
Sp7	15.120296982301	17.3251443904107	15.120296982301	17.3251443904107	15.4702721910164	17.1902382564286	15.4702721910164	17.1902382564286
Dpf3	22.6804454734515	21.6564304880134	22.6804454734515	21.6564304880134	20.6270295880219	17.1902382564286	20.6270295880219	17.1902382564286
Fosl1	26.4605197190268	31.1852599027393	26.4605197190268	31.1852599027393	29.2216252496977	30.9424288615715	29.2216252496977	30.9424288615715
Foxd2	18.9003712278763	18.1914016099313	18.9003712278763	18.1914016099313	13.7513530586813	19.2530668472	13.7513530586813	19.2530668472
Foxg1	18.9003712278763	18.1914016099313	18.9003712278763	18.1914016099313	13.7513530586813	19.2530668472	13.7513530586813	19.2530668472
Foxi2	18.9003712278763	18.1914016099313	18.9003712278763	18.1914016099313	13.7513530586813	19.2530668472	13.7513530586813	19.2530668472
Foxi3	18.9003712278763	18.1914016099313	18.9003712278763	18.1914016099313	13.7513530586813	19.2530668472	13.7513530586813	19.2530668472
Foxo3	20.7904083506639	19.9239160489723	20.7904083506639	19.9239160489723	17.1891913233516	22.6911144984857	17.1891913233516	22.6911144984857
Foxo6	16.0653155436948	17.3251443904107	16.0653155436948	17.3251443904107	12.0324339263461	16.5026287261714	12.0324339263461	16.5026287261714
Foxp1	18.9003712278763	19.0576588294518	18.9003712278763	19.0576588294518	17.1891913233516	19.9406763774572	17.1891913233516	19.9406763774572
Foxp2	18.9003712278763	19.0576588294518	18.9003712278763	19.0576588294518	13.7513530586813	19.9406763774572	13.7513530586813	19.9406763774572
Foxp3	18.9003712278763	19.0576588294518	18.9003712278763	19.0576588294518	17.1891913233516	19.9406763774572	17.1891913233516	19.9406763774572
Foxp4	18.9003712278763	19.0576588294518	18.9003712278763	19.0576588294518	17.1891913233516	19.9406763774572	17.1891913233516	19.9406763774572
Mafb	26.4605197190268	25.1214593660955	26.4605197190268	25.1214593660955	24.0648678526922	26.8167716800286	24.0648678526922	26.8167716800286
Mafg	21.7354269120577	23.3889449270545	21.7354269120577	23.3889449270545	18.9081104556868	17.8778477866857	18.9081104556868	17.8778477866857
Neurog1	21.7354269120577	27.7202310246572	21.7354269120577	27.7202310246572	18.9081104556868	24.7539430892572	18.9081104556868	24.7539430892572
Rfx4	32.1306310873897	25.9877165856161	32.1306310873897	25.9877165856161	36.0973017790384	34.3804765128572	36.0973017790384	34.3804765128572
Rfx8	30.240593964602	22.5226877075339	30.240593964602	22.5226877075339	34.3783826467032	33.0052574523429	34.3783826467032	33.0052574523429
Six5	38.7457610171464	30.3190026832188	38.7457610171464	30.3190026832188	42.972978308379	47.4450575877429	42.972978308379	47.4450575877429
Spz1	22.6804454734515	23.3889449270545	22.6804454734515	23.3889449270545	25.7837869850274	22.6911144984857	25.7837869850274	22.6911144984857
Tbp	13.2302598595134	13.8601155123286	13.2302598595134	13.8601155123286	8.5945956616758	9.62653342360001	8.5945956616758	9.62653342360001
Tbpl2	13.2302598595134	13.8601155123286	13.2302598595134	13.8601155123286	8.5945956616758	9.62653342360001	8.5945956616758	9.62653342360001
Zbtb45	20.7904083506639	21.6564304880134	20.7904083506639	21.6564304880134	24.0648678526922	20.6282859077143	24.0648678526922	20.6282859077143
Zfp248	17.9553526664825	19.9239160489723	17.9553526664825	19.9239160489723	13.7513530586813	14.4398001354	13.7513530586813	14.4398001354
Barhl1	21.7354269120577	20.7901732684929	21.7354269120577	20.7901732684929	17.1891913233516	19.2530668472	17.1891913233516	19.2530668472
Barhl2	20.7904083506639	19.9239160489723	20.7904083506639	19.9239160489723	15.4702721910164	18.5654573169429	15.4702721910164	18.5654573169429
Bhlha15	29.2955754032082	38.9815748784241	29.2955754032082	38.9815748784241	48.1297357053845	20.6282859077143	48.1297357053845	20.6282859077143
Bhlhe22	34.0206682101773	45.9116326345884	34.0206682101773	45.9116326345884	58.4432504993955	22.0035049682286	58.4432504993955	22.0035049682286
Bsx	17.9553526664825	19.9239160489723	17.9553526664825	19.9239160489723	13.7513530586813	16.5026287261714	13.7513530586813	16.5026287261714
Cdx4	16.0653155436948	14.7263727318491	16.0653155436948	14.7263727318491	13.7513530586813	14.4398001354	13.7513530586813	14.4398001354
Cic	26.4605197190268	26.8539738051366	26.4605197190268	26.8539738051366	20.6270295880219	23.3787240287429	20.6270295880219	23.3787240287429
Dlx1	20.7904083506639	16.4588871708902	20.7904083506639	16.4588871708902	20.6270295880219	19.2530668472	20.6270295880219	19.2530668472
Hmx3	17.0103341050886	16.4588871708902	17.0103341050886	16.4588871708902	13.7513530586813	14.4398001354	13.7513530586813	14.4398001354
Hoxc9	18.9003712278763	14.7263727318491	18.9003712278763	14.7263727318491	17.1891913233516	16.5026287261714	17.1891913233516	16.5026287261714
Hoxd9	20.7904083506639	18.1914016099313	20.7904083506639	18.1914016099313	22.3459487203571	17.8778477866857	22.3459487203571	17.8778477866857
Mnx1	17.0103341050886	16.4588871708902	17.0103341050886	16.4588871708902	13.7513530586813	15.1274096656572	13.7513530586813	15.1274096656572
Msx2	24.5704825962392	19.9239160489723	24.5704825962392	19.9239160489723	20.6270295880219	21.3158954379714	20.6270295880219	21.3158954379714
Msx3	21.7354269120577	19.0576588294518	21.7354269120577	19.0576588294518	22.3459487203571	22.6911144984857	22.3459487203571	22.6911144984857
Nanog	15.120296982301	17.3251443904107	15.120296982301	17.3251443904107	10.313514794011	12.3769715446286	10.313514794011	12.3769715446286
Nobox	24.5704825962392	19.0576588294518	24.5704825962392	19.0576588294518	24.0648678526922	24.066333559	24.0648678526922	24.066333559
Ovol1	16.0653155436948	19.9239160489723	16.0653155436948	19.9239160489723	15.4702721910164	19.2530668472	15.4702721910164	19.2530668472
Smad4	21.7354269120577	21.6564304880134	21.7354269120577	21.6564304880134	18.9081104556868	19.9406763774572	18.9081104556868	19.9406763774572
Terf2	18.9003712278763	19.9239160489723	18.9003712278763	19.9239160489723	18.9081104556868	16.5026287261714	18.9081104556868	16.5026287261714
Twist2	18.9003712278763	27.7202310246572	18.9003712278763	27.7202310246572	18.9081104556868	15.8150191959143	18.9081104556868	15.8150191959143
Zfp12	17.0103341050886	23.3889449270545	17.0103341050886	23.3889449270545	18.9081104556868	22.0035049682286	18.9081104556868	22.0035049682286
Zfp42	27.4055382804206	23.3889449270545	27.4055382804206	23.3889449270545	30.9405443820329	32.3176479220857	30.9405443820329	32.3176479220857
Zfp652	22.6804454734515	22.5226877075339	22.6804454734515	22.5226877075339	22.3459487203571	22.0035049682286	22.3459487203571	22.0035049682286
Clock	44.4158723855092	32.0515171222598	44.4158723855092	32.0515171222598	44.6918974407142	50.1954957087715	44.6918974407142	50.1954957087715
Cphx1	44.4158723855092	33.7840315613009	44.4158723855092	33.7840315613009	49.8486548377197	50.1954957087715	49.8486548377197	50.1954957087715
Cphx2	44.4158723855092	33.7840315613009	44.4158723855092	33.7840315613009	49.8486548377197	50.1954957087715	49.8486548377197	50.1954957087715
Cphx3	44.4158723855092	33.7840315613009	44.4158723855092	33.7840315613009	49.8486548377197	50.1954957087715	49.8486548377197	50.1954957087715
Creb3l2	36.8557238943587	30.3190026832188	36.8557238943587	30.3190026832188	37.8162209113735	41.2565718154286	37.8162209113735	41.2565718154286
Crebzf	15.120296982301	19.9239160489723	15.120296982301	19.9239160489723	13.7513530586813	17.1902382564286	13.7513530586813	17.1902382564286
Duxbl1	44.4158723855092	34.6502887808214	44.4158723855092	34.6502887808214	48.1297357053845	49.5078861785143	48.1297357053845	49.5078861785143
Duxbl2	44.4158723855092	34.6502887808214	44.4158723855092	34.6502887808214	48.1297357053845	49.5078861785143	48.1297357053845	49.5078861785143
Duxbl3	44.4158723855092	34.6502887808214	44.4158723855092	34.6502887808214	48.1297357053845	49.5078861785143	48.1297357053845	49.5078861785143
Hes5	24.5704825962392	24.255202146575	24.5704825962392	24.255202146575	27.5027061173626	25.4415526195143	27.5027061173626	25.4415526195143
Hey1	32.1306310873897	28.5864882441777	32.1306310873897	28.5864882441777	30.9405443820329	34.3804765128572	30.9405443820329	34.3804765128572
Mlx	37.8007424557525	25.9877165856161	37.8007424557525	25.9877165856161	41.2540591760439	44.0070099364572	41.2540591760439	44.0070099364572
Mlxipl	47.2509280696907	29.4527454636982	47.2509280696907	29.4527454636982	46.4108165730493	49.5078861785143	46.4108165730493	49.5078861785143
Nfya	78.4365405956865	48.51040429315	78.4365405956865	48.51040429315	92.8216331460987	95.5777247057429	92.8216331460987	95.5777247057429
Npas2	23.6254640348453	24.255202146575	23.6254640348453	24.255202146575	25.7837869850274	27.5043812102857	25.7837869850274	27.5043812102857
Pou5f1	15.120296982301	16.4588871708902	15.120296982301	16.4588871708902	12.0324339263461	11.6893620143714	12.0324339263461	11.6893620143714
Sox11	14.1752784209072	15.5926299513696	14.1752784209072	15.5926299513696	12.0324339263461	13.7521906051429	12.0324339263461	13.7521906051429
Sox12	17.0103341050886	17.3251443904107	17.0103341050886	17.3251443904107	13.7513530586813	16.5026287261714	13.7513530586813	16.5026287261714
Sox15	13.2302598595134	14.7263727318491	13.2302598595134	14.7263727318491	8.5945956616758	11.0017524841143	8.5945956616758	11.0017524841143
Sox21	14.1752784209072	16.4588871708902	14.1752784209072	16.4588871708902	10.313514794011	11.6893620143714	10.313514794011	11.6893620143714
Sox30	16.0653155436948	17.3251443904107	16.0653155436948	17.3251443904107	13.7513530586813	13.0645810748857	13.7513530586813	13.0645810748857
Sox6	21.7354269120577	19.9239160489723	21.7354269120577	19.9239160489723	20.6270295880219	19.9406763774572	20.6270295880219	19.9406763774572
Sry	16.0653155436948	17.3251443904107	16.0653155436948	17.3251443904107	12.0324339263461	13.7521906051429	12.0324339263461	13.7521906051429
Zfp647	39.6907795785402	32.0515171222598	39.6907795785402	32.0515171222598	41.2540591760439	46.0698385272286	41.2540591760439	46.0698385272286
Zfp777	56.7011136836288	38.9815748784241	56.7011136836288	38.9815748784241	60.1621696317306	58.4468100718572	60.1621696317306	58.4468100718572
Zkscan1	17.0103341050886	19.0576588294518	17.0103341050886	19.0576588294518	18.9081104556868	15.8150191959143	18.9081104556868	15.8150191959143
Arid3b	12.2852412981196	11.261343853767	12.2852412981196	11.261343853767	8.5945956616758	10.3141429538572	8.5945956616758	10.3141429538572
Arnt2	22.6804454734515	25.1214593660955	22.6804454734515	25.1214593660955	25.7837869850274	22.6911144984857	25.7837869850274	22.6911144984857
Arntl	42.5258352627216	30.3190026832188	42.5258352627216	30.3190026832188	39.5351400437087	44.0070099364572	39.5351400437087	44.0070099364572
Bhlhe40	59.5361693678103	46.7778898541089	59.5361693678103	46.7778898541089	63.6000078964009	73.5742197375143	63.6000078964009	73.5742197375143
Foxi1	69.9313735431422	44.1791181955473	69.9313735431422	44.1791181955473	82.5081183520877	84.5759722216286	82.5081183520877	84.5759722216286
Hey2	32.1306310873897	26.8539738051366	32.1306310873897	26.8539738051366	29.2216252496977	32.3176479220857	29.2216252496977	32.3176479220857
Heyl	32.1306310873897	26.8539738051366	32.1306310873897	26.8539738051366	29.2216252496977	32.3176479220857	29.2216252496977	32.3176479220857
Nfyb	77.4915220342927	46.7778898541089	77.4915220342927	46.7778898541089	92.8216331460987	94.2025056452286	92.8216331460987	94.2025056452286
Nr2e3	22.6804454734515	21.6564304880134	22.6804454734515	21.6564304880134	22.3459487203571	21.3158954379714	22.3459487203571	21.3158954379714
Prdm14	24.5704825962392	25.1214593660955	24.5704825962392	25.1214593660955	24.0648678526922	23.3787240287429	24.0648678526922	23.3787240287429
Sox10	14.1752784209072	14.7263727318491	14.1752784209072	14.7263727318491	10.313514794011	11.6893620143714	10.313514794011	11.6893620143714
Sox14	13.2302598595134	15.5926299513696	13.2302598595134	15.5926299513696	10.313514794011	12.3769715446286	10.313514794011	12.3769715446286
Sox18	13.2302598595134	14.7263727318491	13.2302598595134	14.7263727318491	8.5945956616758	11.0017524841143	8.5945956616758	11.0017524841143
Sox5	15.120296982301	15.5926299513696	15.120296982301	15.5926299513696	13.7513530586813	13.0645810748857	13.7513530586813	13.0645810748857
Sox7	14.1752784209072	16.4588871708902	14.1752784209072	16.4588871708902	10.313514794011	12.3769715446286	10.313514794011	12.3769715446286
Sox8	14.1752784209072	16.4588871708902	14.1752784209072	16.4588871708902	10.313514794011	12.3769715446286	10.313514794011	12.3769715446286
Tfe3	51.0310023152659	32.0515171222598	51.0310023152659	32.0515171222598	48.1297357053845	53.6335433600572	48.1297357053845	53.6335433600572
Tfeb	51.0310023152659	32.9177743417804	51.0310023152659	32.9177743417804	48.1297357053845	54.3211528903143	48.1297357053845	54.3211528903143
Atoh1	23.6254640348453	29.4527454636982	23.6254640348453	29.4527454636982	15.4702721910164	20.6282859077143	15.4702721910164	20.6282859077143
Creb3	44.4158723855092	36.3828032198625	44.4158723855092	36.3828032198625	51.5675739700548	53.6335433600572	51.5675739700548	53.6335433600572
Gm28047	34.9656867715711	32.9177743417804	34.9656867715711	32.9177743417804	44.6918974407142	44.0070099364572	44.6918974407142	44.0070099364572
Mbtps2	35.9107053329649	28.5864882441777	35.9107053329649	28.5864882441777	41.2540591760439	42.6317908759429	41.2540591760439	42.6317908759429
Prdm4	36.8557238943587	33.7840315613009	36.8557238943587	33.7840315613009	36.0973017790384	40.5689622851715	36.0973017790384	40.5689622851715
Thap1	32.1306310873897	26.8539738051366	32.1306310873897	26.8539738051366	34.3783826467032	31.6300383918286	34.3783826467032	31.6300383918286
Trp73	28.3505568418144	26.8539738051366	28.3505568418144	26.8539738051366	27.5027061173626	26.1291621497714	27.5027061173626	26.1291621497714
Yy1	35.9107053329649	28.5864882441777	35.9107053329649	28.5864882441777	41.2540591760439	42.6317908759429	41.2540591760439	42.6317908759429
Yy2	35.9107053329649	28.5864882441777	35.9107053329649	28.5864882441777	41.2540591760439	42.6317908759429	41.2540591760439	42.6317908759429
Creb5	38.7457610171464	32.9177743417804	38.7457610171464	32.9177743417804	46.4108165730493	45.3822289969715	46.4108165730493	45.3822289969715
Cxxc1	34.9656867715711	25.9877165856161	34.9656867715711	25.9877165856161	42.972978308379	39.1937432246572	42.972978308379	39.1937432246572
Elk1	47.2509280696907	32.9177743417804	47.2509280696907	32.9177743417804	55.0054122347251	55.6963719508286	55.0054122347251	55.6963719508286
Neurod4	17.9553526664825	18.1914016099313	17.9553526664825	18.1914016099313	10.313514794011	13.0645810748857	10.313514794011	13.0645810748857
Neurog3	24.5704825962392	32.9177743417804	24.5704825962392	32.9177743417804	17.1891913233516	21.3158954379714	17.1891913233516	21.3158954379714
Olig3	20.7904083506639	21.6564304880134	20.7904083506639	21.6564304880134	17.1891913233516	24.7539430892572	17.1891913233516	24.7539430892572
Maf	21.7354269120577	25.9877165856161	21.7354269120577	25.9877165856161	22.3459487203571	18.5654573169429	22.3459487203571	18.5654573169429
Prox1	27.4055382804206	21.6564304880134	27.4055382804206	21.6564304880134	27.5027061173626	26.8167716800286	27.5027061173626	26.8167716800286
Prox2	27.4055382804206	21.6564304880134	27.4055382804206	21.6564304880134	27.5027061173626	26.8167716800286	27.5027061173626	26.8167716800286
Stat6	19.8453897892701	19.0576588294518	19.8453897892701	19.0576588294518	15.4702721910164	19.2530668472	15.4702721910164	19.2530668472
Tbx19	14.1752784209072	19.9239160489723	14.1752784209072	19.9239160489723	12.0324339263461	14.4398001354	12.0324339263461	14.4398001354
Zbtb1	27.4055382804206	26.8539738051366	27.4055382804206	26.8539738051366	32.659463514368	33.0052574523429	32.659463514368	33.0052574523429
Zfp128	37.8007424557525	38.1153176589036	37.8007424557525	38.1153176589036	48.1297357053845	63.9476863139143	48.1297357053845	63.9476863139143
Cebpe	17.0103341050886	18.1914016099313	17.0103341050886	18.1914016099313	13.7513530586813	17.1902382564286	13.7513530586813	17.1902382564286
Hand2	16.0653155436948	21.6564304880134	16.0653155436948	21.6564304880134	18.9081104556868	17.1902382564286	18.9081104556868	17.1902382564286
Nr3c2	17.0103341050886	19.0576588294518	17.0103341050886	19.0576588294518	18.9081104556868	14.4398001354	18.9081104556868	14.4398001354
Zfp524	27.4055382804206	27.7202310246572	27.4055382804206	27.7202310246572	27.5027061173626	25.4415526195143	27.5027061173626	25.4415526195143
Neurog2	19.8453897892701	23.3889449270545	19.8453897892701	23.3889449270545	24.0648678526922	23.3787240287429	24.0648678526922	23.3787240287429
Rfx5	29.2955754032082	24.255202146575	29.2955754032082	24.255202146575	34.3783826467032	33.0052574523429	34.3783826467032	33.0052574523429
Hoxa9	17.0103341050886	15.5926299513696	17.0103341050886	15.5926299513696	13.7513530586813	15.1274096656572	13.7513530586813	15.1274096656572
Irf4	21.7354269120577	23.3889449270545	21.7354269120577	23.3889449270545	22.3459487203571	26.1291621497714	22.3459487203571	26.1291621497714
Irf5	20.7904083506639	25.1214593660955	20.7904083506639	25.1214593660955	22.3459487203571	26.8167716800286	22.3459487203571	26.8167716800286
Irf6	32.1306310873897	27.7202310246572	32.1306310873897	27.7202310246572	30.9405443820329	35.7556955733715	30.9405443820329	35.7556955733715
Nr1i3	18.9003712278763	20.7901732684929	18.9003712278763	20.7901732684929	18.9081104556868	19.9406763774572	18.9081104556868	19.9406763774572
Rorb	22.6804454734515	23.3889449270545	22.6804454734515	23.3889449270545	22.3459487203571	20.6282859077143	22.3459487203571	20.6282859077143
Barx1	17.9553526664825	21.6564304880134	17.9553526664825	21.6564304880134	17.1891913233516	12.3769715446286	17.1891913233516	12.3769715446286
Hoxb4	16.0653155436948	14.7263727318491	16.0653155436948	14.7263727318491	13.7513530586813	14.4398001354	13.7513530586813	14.4398001354
Isl1	16.0653155436948	14.7263727318491	16.0653155436948	14.7263727318491	13.7513530586813	12.3769715446286	13.7513530586813	12.3769715446286
Obox1	20.7904083506639	24.255202146575	20.7904083506639	24.255202146575	18.9081104556868	15.1274096656572	18.9081104556868	15.1274096656572
Obox5	19.8453897892701	25.1214593660955	19.8453897892701	25.1214593660955	17.1891913233516	14.4398001354	17.1891913233516	14.4398001354
Obox6	20.7904083506639	25.9877165856161	20.7904083506639	25.9877165856161	18.9081104556868	15.1274096656572	18.9081104556868	15.1274096656572
Obox7	19.8453897892701	25.1214593660955	19.8453897892701	25.1214593660955	17.1891913233516	14.4398001354	17.1891913233516	14.4398001354
Obox8	20.7904083506639	25.9877165856161	20.7904083506639	25.9877165856161	18.9081104556868	15.1274096656572	18.9081104556868	15.1274096656572
Zfp276	23.6254640348453	19.9239160489723	23.6254640348453	19.9239160489723	22.3459487203571	19.2530668472	22.3459487203571	19.2530668472
Ahr	44.4158723855092	26.8539738051366	44.4158723855092	26.8539738051366	37.8162209113735	40.5689622851715	37.8162209113735	40.5689622851715
Zkscan5	24.5704825962392	23.3889449270545	24.5704825962392	23.3889449270545	27.5027061173626	28.8796002708	27.5027061173626	28.8796002708
Crem	48.1959466310845	39.8478320979447	48.1959466310845	39.8478320979447	56.7243313670603	61.8848577231429	56.7243313670603	61.8848577231429
Dbp	20.7904083506639	22.5226877075339	20.7904083506639	22.5226877075339	15.4702721910164	24.066333559	15.4702721910164	24.066333559
E2f5	39.6907795785402	32.9177743417804	39.6907795785402	32.9177743417804	44.6918974407142	41.9441813456857	44.6918974407142	41.9441813456857
Gcm2	34.0206682101773	28.5864882441777	34.0206682101773	28.5864882441777	29.2216252496977	35.7556955733715	29.2216252496977	35.7556955733715
Gmeb1	41.5808167013278	29.4527454636982	41.5808167013278	29.4527454636982	42.972978308379	44.0070099364572	42.972978308379	44.0070099364572
Hlf	16.0653155436948	19.0576588294518	16.0653155436948	19.0576588294518	12.0324339263461	15.1274096656572	12.0324339263461	15.1274096656572
Jdp2	45.3608909469031	38.9815748784241	45.3608909469031	38.9815748784241	60.1621696317306	57.7592005416	60.1621696317306	57.7592005416
Kdm2a	17.9553526664825	15.5926299513696	17.9553526664825	15.5926299513696	12.0324339263461	19.2530668472	12.0324339263461	19.2530668472
Mecom	18.9003712278763	19.9239160489723	18.9003712278763	19.9239160489723	15.4702721910164	14.4398001354	15.4702721910164	14.4398001354
Nfil3	22.6804454734515	20.7901732684929	22.6804454734515	20.7901732684929	25.7837869850274	24.066333559	25.7837869850274	24.066333559
Onecut2	12.2852412981196	12.993858292808	12.2852412981196	12.993858292808	8.5945956616758	9.62653342360001	8.5945956616758	9.62653342360001
Onecut3	12.2852412981196	12.993858292808	12.2852412981196	12.993858292808	8.5945956616758	10.3141429538572	8.5945956616758	10.3141429538572
Srebf1	37.8007424557525	28.5864882441777	37.8007424557525	28.5864882441777	37.8162209113735	37.1309146338857	37.8162209113735	37.1309146338857
Srebf2	42.5258352627216	30.3190026832188	42.5258352627216	30.3190026832188	42.972978308379	44.6946194667143	42.972978308379	44.6946194667143
Tef	24.5704825962392	21.6564304880134	24.5704825962392	21.6564304880134	27.5027061173626	27.5043812102857	27.5027061173626	27.5043812102857
Atf1	39.6907795785402	32.0515171222598	39.6907795785402	32.0515171222598	39.5351400437087	42.6317908759429	39.5351400437087	42.6317908759429
Naif1	21.7354269120577	20.7901732684929	21.7354269120577	20.7901732684929	18.9081104556868	30.9424288615715	18.9081104556868	30.9424288615715
Sox2	13.2302598595134	15.5926299513696	13.2302598595134	15.5926299513696	12.0324339263461	12.3769715446286	12.0324339263461	12.3769715446286
Thap12	19.8453897892701	23.3889449270545	19.8453897892701	23.3889449270545	18.9081104556868	23.3787240287429	18.9081104556868	23.3787240287429
Hsf5	24.5704825962392	23.3889449270545	24.5704825962392	23.3889449270545	25.7837869850274	22.6911144984857	25.7837869850274	22.6911144984857
Zbtb22	66.151299297567	71.033092000684	66.151299297567	71.033092000684	72.1946035580767	89.3892389334286	72.1946035580767	89.3892389334286
Zfp354b	14.1752784209072	14.7263727318491	14.1752784209072	14.7263727318491	8.5945956616758	10.3141429538572	8.5945956616758	10.3141429538572
Cdc5l	11.3402227367258	14.7263727318491	11.3402227367258	14.7263727318491	10.313514794011	10.3141429538572	10.313514794011	10.3141429538572
Hsf2	19.8453897892701	22.5226877075339	19.8453897892701	22.5226877075339	18.9081104556868	20.6282859077143	18.9081104556868	20.6282859077143
Atf3	34.0206682101773	27.7202310246572	34.0206682101773	27.7202310246572	36.0973017790384	37.8185241641429	36.0973017790384	37.8185241641429
Hes2	29.2955754032082	25.1214593660955	29.2955754032082	25.1214593660955	27.5027061173626	25.4415526195143	27.5027061173626	25.4415526195143
Zfp57	50.0859837538721	46.7778898541089	50.0859837538721	46.7778898541089	55.0054122347251	56.3839814810858	55.0054122347251	56.3839814810858
Zzz3	17.9553526664825	18.1914016099313	17.9553526664825	18.1914016099313	17.1891913233516	15.8150191959143	17.1891913233516	15.8150191959143
Hoxa13	21.7354269120577	18.1914016099313	21.7354269120577	18.1914016099313	17.1891913233516	18.5654573169429	17.1891913233516	18.5654573169429
Hoxb13	22.6804454734515	18.1914016099313	22.6804454734515	18.1914016099313	17.1891913233516	18.5654573169429	17.1891913233516	18.5654573169429
Hoxc13	21.7354269120577	17.3251443904107	21.7354269120577	17.3251443904107	17.1891913233516	17.8778477866857	17.1891913233516	17.8778477866857
Hoxd13	19.8453897892701	17.3251443904107	19.8453897892701	17.3251443904107	17.1891913233516	17.8778477866857	17.1891913233516	17.8778477866857
Six1	22.6804454734515	17.3251443904107	22.6804454734515	17.3251443904107	13.7513530586813	17.1902382564286	13.7513530586813	17.1902382564286
Six2	19.8453897892701	17.3251443904107	19.8453897892701	17.3251443904107	12.0324339263461	15.8150191959143	12.0324339263461	15.8150191959143
Six4	19.8453897892701	17.3251443904107	19.8453897892701	17.3251443904107	12.0324339263461	15.8150191959143	12.0324339263461	15.8150191959143
Six6	21.7354269120577	17.3251443904107	21.7354269120577	17.3251443904107	13.7513530586813	15.8150191959143	13.7513530586813	15.8150191959143
Osr1	23.6254640348453	21.6564304880134	23.6254640348453	21.6564304880134	24.0648678526922	28.1919907405429	24.0648678526922	28.1919907405429
Rfx3	31.1856125259959	26.8539738051366	31.1856125259959	26.8539738051366	32.659463514368	35.0680860431143	32.659463514368	35.0680860431143
Tbx1	16.0653155436948	21.6564304880134	16.0653155436948	21.6564304880134	15.4702721910164	15.8150191959143	15.4702721910164	15.8150191959143
Tbx10	16.0653155436948	21.6564304880134	16.0653155436948	21.6564304880134	15.4702721910164	15.8150191959143	15.4702721910164	15.8150191959143
Vsx2	16.0653155436948	16.4588871708902	16.0653155436948	16.4588871708902	15.4702721910164	14.4398001354	15.4702721910164	14.4398001354
Cenpb	30.240593964602	26.8539738051366	30.240593964602	26.8539738051366	34.3783826467032	34.3804765128572	34.3783826467032	34.3804765128572
ENSMUSG00000097126	12.2852412981196	17.3251443904107	12.2852412981196	17.3251443904107	13.7513530586813	18.5654573169429	13.7513530586813	18.5654573169429
Jund	38.7457610171464	34.6502887808214	38.7457610171464	34.6502887808214	44.6918974407142	43.3194004062	44.6918974407142	43.3194004062
Mecp2	17.9553526664825	18.1914016099313	17.9553526664825	18.1914016099313	15.4702721910164	16.5026287261714	15.4702721910164	16.5026287261714
Pou3f3	16.0653155436948	22.5226877075339	16.0653155436948	22.5226877075339	13.7513530586813	13.7521906051429	13.7513530586813	13.7521906051429
Rhox8	12.2852412981196	17.3251443904107	12.2852412981196	17.3251443904107	13.7513530586813	18.5654573169429	13.7513530586813	18.5654573169429
Atoh7	16.0653155436948	20.7901732684929	16.0653155436948	20.7901732684929	17.1891913233516	13.0645810748857	17.1891913233516	13.0645810748857
Elk3	50.0859837538721	32.9177743417804	50.0859837538721	32.9177743417804	60.1621696317306	59.8220291323715	60.1621696317306	59.8220291323715
Erf	46.3059095082969	29.4527454636982	46.3059095082969	29.4527454636982	49.8486548377197	52.2583242995429	49.8486548377197	52.2583242995429
Ets1	47.2509280696907	28.5864882441777	47.2509280696907	28.5864882441777	53.28649310239	54.3211528903143	53.28649310239	54.3211528903143
Etv1	49.1409651924783	33.7840315613009	49.1409651924783	33.7840315613009	58.4432504993955	58.4468100718572	58.4432504993955	58.4468100718572
Etv3	48.1959466310845	30.3190026832188	48.1959466310845	30.3190026832188	56.7243313670603	53.6335433600572	56.7243313670603	53.6335433600572
Etv4	49.1409651924783	32.9177743417804	49.1409651924783	32.9177743417804	58.4432504993955	59.1344196021143	58.4432504993955	59.1344196021143
Etv5	49.1409651924783	32.0515171222598	49.1409651924783	32.0515171222598	58.4432504993955	58.4468100718572	58.4432504993955	58.4468100718572
Fli1	46.3059095082969	29.4527454636982	46.3059095082969	29.4527454636982	55.0054122347251	55.0087624205715	55.0054122347251	55.0087624205715
Gabpa	48.1959466310845	31.1852599027393	48.1959466310845	31.1852599027393	58.4432504993955	58.4468100718572	58.4432504993955	58.4468100718572
En2	15.120296982301	14.7263727318491	15.120296982301	14.7263727318491	18.9081104556868	16.5026287261714	18.9081104556868	16.5026287261714
Esx1	12.2852412981196	12.1276010732875	12.2852412981196	12.1276010732875	8.5945956616758	12.3769715446286	8.5945956616758	12.3769715446286
Lhx1	17.9553526664825	13.8601155123286	17.9553526664825	13.8601155123286	8.5945956616758	13.0645810748857	8.5945956616758	13.0645810748857
Lhx3	14.1752784209072	12.993858292808	14.1752784209072	12.993858292808	6.87567652934064	10.3141429538572	6.87567652934064	10.3141429538572
Lhx5	13.2302598595134	11.261343853767	13.2302598595134	11.261343853767	6.87567652934064	10.3141429538572	6.87567652934064	10.3141429538572
Otp	11.3402227367258	13.8601155123286	11.3402227367258	13.8601155123286	10.313514794011	11.6893620143714	10.313514794011	11.6893620143714
Dbx1	14.1752784209072	12.993858292808	14.1752784209072	12.993858292808	5.15675739700548	11.0017524841143	5.15675739700548	11.0017524841143
Evx1	16.0653155436948	17.3251443904107	16.0653155436948	17.3251443904107	12.0324339263461	9.62653342360001	12.0324339263461	9.62653342360001
Gsx2	10.395204175332	12.1276010732875	10.395204175332	12.1276010732875	10.313514794011	9.62653342360001	10.313514794011	9.62653342360001
Hoxa1	12.2852412981196	13.8601155123286	12.2852412981196	13.8601155123286	8.5945956616758	11.6893620143714	8.5945956616758	11.6893620143714
Hoxa3	17.0103341050886	19.9239160489723	17.0103341050886	19.9239160489723	10.313514794011	13.0645810748857	10.313514794011	13.0645810748857
Hoxa6	13.2302598595134	12.993858292808	13.2302598595134	12.993858292808	10.313514794011	12.3769715446286	10.313514794011	12.3769715446286
Hoxa7	13.2302598595134	13.8601155123286	13.2302598595134	13.8601155123286	10.313514794011	11.6893620143714	10.313514794011	11.6893620143714
Hoxb3	20.7904083506639	19.9239160489723	20.7904083506639	19.9239160489723	13.7513530586813	13.7521906051429	13.7513530586813	13.7521906051429
Hoxb5	14.1752784209072	17.3251443904107	14.1752784209072	17.3251443904107	12.0324339263461	11.0017524841143	12.0324339263461	11.0017524841143
Hoxb7	13.2302598595134	14.7263727318491	13.2302598595134	14.7263727318491	12.0324339263461	13.0645810748857	12.0324339263461	13.0645810748857
Hoxc10	14.1752784209072	14.7263727318491	14.1752784209072	14.7263727318491	12.0324339263461	16.5026287261714	12.0324339263461	16.5026287261714
Hoxc8	13.2302598595134	14.7263727318491	13.2302598595134	14.7263727318491	12.0324339263461	11.0017524841143	12.0324339263461	11.0017524841143
Hoxd1	15.120296982301	14.7263727318491	15.120296982301	14.7263727318491	18.9081104556868	16.5026287261714	18.9081104556868	16.5026287261714
Hoxd3	17.9553526664825	18.1914016099313	17.9553526664825	18.1914016099313	12.0324339263461	13.7521906051429	12.0324339263461	13.7521906051429
Hoxd8	13.2302598595134	14.7263727318491	13.2302598595134	14.7263727318491	12.0324339263461	13.0645810748857	12.0324339263461	13.0645810748857
Nkx61	12.2852412981196	12.1276010732875	12.2852412981196	12.1276010732875	8.5945956616758	11.6893620143714	8.5945956616758	11.6893620143714
Pdx1	20.7904083506639	23.3889449270545	20.7904083506639	23.3889449270545	17.1891913233516	16.5026287261714	17.1891913233516	16.5026287261714
Pou1f1	14.1752784209072	14.7263727318491	14.1752784209072	14.7263727318491	10.313514794011	13.0645810748857	10.313514794011	13.0645810748857
Pou3f4	13.2302598595134	13.8601155123286	13.2302598595134	13.8601155123286	5.15675739700548	11.0017524841143	5.15675739700548	11.0017524841143
Prrx1	11.3402227367258	13.8601155123286	11.3402227367258	13.8601155123286	10.313514794011	11.6893620143714	10.313514794011	11.6893620143714
Vax1	13.2302598595134	15.5926299513696	13.2302598595134	15.5926299513696	10.313514794011	9.62653342360001	10.313514794011	9.62653342360001
Emx2	15.120296982301	14.7263727318491	15.120296982301	14.7263727318491	17.1891913233516	12.3769715446286	17.1891913233516	12.3769715446286
Etv6	52.9210394380536	38.9815748784241	52.9210394380536	38.9815748784241	60.1621696317306	57.0715910113429	60.1621696317306	57.0715910113429
Hoxa4	14.1752784209072	17.3251443904107	14.1752784209072	17.3251443904107	8.5945956616758	11.0017524841143	8.5945956616758	11.0017524841143
Nkx62	14.1752784209072	13.8601155123286	14.1752784209072	13.8601155123286	6.87567652934064	11.6893620143714	6.87567652934064	11.6893620143714
Pou3f1	14.1752784209072	13.8601155123286	14.1752784209072	13.8601155123286	6.87567652934064	13.7521906051429	6.87567652934064	13.7521906051429
Pou4f3	10.395204175332	11.261343853767	10.395204175332	11.261343853767	8.5945956616758	8.93892389334286	8.5945956616758	8.93892389334286
Sox13	12.2852412981196	16.4588871708902	12.2852412981196	16.4588871708902	10.313514794011	10.3141429538572	10.313514794011	10.3141429538572
Nkx25	22.6804454734515	21.6564304880134	22.6804454734515	21.6564304880134	20.6270295880219	21.3158954379714	20.6270295880219	21.3158954379714
Rax	20.7904083506639	18.1914016099313	20.7904083506639	18.1914016099313	27.5027061173626	18.5654573169429	27.5027061173626	18.5654573169429
Vsx1	15.120296982301	12.993858292808	15.120296982301	12.993858292808	12.0324339263461	12.3769715446286	12.0324339263461	12.3769715446286
Atf7	41.5808167013278	36.3828032198625	41.5808167013278	36.3828032198625	53.28649310239	52.2583242995429	53.28649310239	52.2583242995429
Crebl2	51.0310023152659	39.8478320979447	51.0310023152659	39.8478320979447	60.1621696317306	63.9476863139143	60.1621696317306	63.9476863139143
Dbx2	14.1752784209072	14.7263727318491	14.1752784209072	14.7263727318491	12.0324339263461	11.6893620143714	12.0324339263461	11.6893620143714
Dlx5	14.1752784209072	14.7263727318491	14.1752784209072	14.7263727318491	12.0324339263461	11.6893620143714	12.0324339263461	11.6893620143714
Gbx2	23.6254640348453	19.9239160489723	23.6254640348453	19.9239160489723	20.6270295880219	21.3158954379714	20.6270295880219	21.3158954379714
Isx	19.8453897892701	16.4588871708902	19.8453897892701	16.4588871708902	20.6270295880219	19.9406763774572	20.6270295880219	19.9406763774572
Kdm2b	22.6804454734515	20.7901732684929	22.6804454734515	20.7901732684929	13.7513530586813	28.1919907405429	13.7513530586813	28.1919907405429
Msx1	23.6254640348453	19.9239160489723	23.6254640348453	19.9239160489723	20.6270295880219	21.3158954379714	20.6270295880219	21.3158954379714
Nkx11	25.515501157633	21.6564304880134	25.515501157633	21.6564304880134	24.0648678526922	26.1291621497714	24.0648678526922	26.1291621497714
Nkx12	23.6254640348453	18.1914016099313	23.6254640348453	18.1914016099313	24.0648678526922	20.6282859077143	24.0648678526922	20.6282859077143
Runx2	25.515501157633	22.5226877075339	25.515501157633	22.5226877075339	24.0648678526922	24.066333559	24.0648678526922	24.066333559
Setbp1	16.0653155436948	13.8601155123286	16.0653155436948	13.8601155123286	13.7513530586813	14.4398001354	13.7513530586813	14.4398001354
Zscan26	17.0103341050886	15.5926299513696	17.0103341050886	15.5926299513696	15.4702721910164	8.93892389334286	15.4702721910164	8.93892389334286
Zfp174	42.5258352627216	31.1852599027393	42.5258352627216	31.1852599027393	44.6918974407142	40.5689622851715	44.6918974407142	40.5689622851715
Jun	37.8007424557525	37.2490604393831	37.8007424557525	37.2490604393831	44.6918974407142	44.6946194667143	44.6918974407142	44.6946194667143
Zfp146	21.7354269120577	24.255202146575	21.7354269120577	24.255202146575	30.9405443820329	25.4415526195143	30.9405443820329	25.4415526195143
Cebpa	33.0756496487835	25.1214593660955	33.0756496487835	25.1214593660955	27.5027061173626	35.7556955733715	27.5027061173626	35.7556955733715
Cebpg	44.4158723855092	28.5864882441777	44.4158723855092	28.5864882441777	36.0973017790384	50.8831052390286	36.0973017790384	50.8831052390286
Hnf1b	17.9553526664825	17.3251443904107	17.9553526664825	17.3251443904107	20.6270295880219	13.7521906051429	20.6270295880219	13.7521906051429
Evx2	18.9003712278763	20.7901732684929	18.9003712278763	20.7901732684929	15.4702721910164	13.7521906051429	15.4702721910164	13.7521906051429
Hes6	30.240593964602	25.9877165856161	30.240593964602	25.9877165856161	32.659463514368	31.6300383918286	32.659463514368	31.6300383918286
Pou2f3	14.1752784209072	15.5926299513696	14.1752784209072	15.5926299513696	10.313514794011	13.7521906051429	10.313514794011	13.7521906051429
Pou6f2	18.9003712278763	18.1914016099313	18.9003712278763	18.1914016099313	12.0324339263461	17.8778477866857	12.0324339263461	17.8778477866857
Prdm11	37.8007424557525	33.7840315613009	37.8007424557525	33.7840315613009	49.8486548377197	44.0070099364572	49.8486548377197	44.0070099364572
Arid5b	17.9553526664825	16.4588871708902	17.9553526664825	16.4588871708902	8.5945956616758	14.4398001354	8.5945956616758	14.4398001354
Hoxb8	13.2302598595134	13.8601155123286	13.2302598595134	13.8601155123286	10.313514794011	11.6893620143714	10.313514794011	11.6893620143714
Irx3	15.120296982301	14.7263727318491	15.120296982301	14.7263727318491	12.0324339263461	11.0017524841143	12.0324339263461	11.0017524841143
Irx5	15.120296982301	15.5926299513696	15.120296982301	15.5926299513696	12.0324339263461	13.7521906051429	12.0324339263461	13.7521906051429
Onecut1	12.2852412981196	12.1276010732875	12.2852412981196	12.1276010732875	17.1891913233516	11.0017524841143	17.1891913233516	11.0017524841143
Foxn4	35.9107053329649	34.6502887808214	35.9107053329649	34.6502887808214	44.6918974407142	50.1954957087715	44.6918974407142	50.1954957087715
Zscan10	25.515501157633	26.8539738051366	25.515501157633	26.8539738051366	32.659463514368	30.2548193313143	32.659463514368	30.2548193313143
Lhx8	40.635798139934	29.4527454636982	40.635798139934	29.4527454636982	48.1297357053845	46.7574480574857	48.1297357053845	46.7574480574857
Pbx1	22.6804454734515	19.0576588294518	22.6804454734515	19.0576588294518	24.0648678526922	20.6282859077143	24.0648678526922	20.6282859077143
Irx2	15.120296982301	12.993858292808	15.120296982301	12.993858292808	8.5945956616758	11.0017524841143	8.5945956616758	11.0017524841143
Foxn2	31.1856125259959	28.5864882441777	31.1856125259959	28.5864882441777	48.1297357053845	40.5689622851715	48.1297357053845	40.5689622851715
Hmbox1	18.9003712278763	19.9239160489723	18.9003712278763	19.9239160489723	20.6270295880219	13.7521906051429	20.6270295880219	13.7521906051429
Zbtb20	17.0103341050886	17.3251443904107	17.0103341050886	17.3251443904107	12.0324339263461	11.0017524841143	12.0324339263461	11.0017524841143
Grhl1	18.9003712278763	19.0576588294518	18.9003712278763	19.0576588294518	18.9081104556868	17.8778477866857	18.9081104556868	17.8778477866857
Hoxa5	14.1752784209072	16.4588871708902	14.1752784209072	16.4588871708902	10.313514794011	10.3141429538572	10.313514794011	10.3141429538572
Hoxc4	16.0653155436948	16.4588871708902	16.0653155436948	16.4588871708902	12.0324339263461	11.0017524841143	12.0324339263461	11.0017524841143
Meox1	14.1752784209072	14.7263727318491	14.1752784209072	14.7263727318491	8.5945956616758	11.6893620143714	8.5945956616758	11.6893620143714
Vax2	14.1752784209072	16.4588871708902	14.1752784209072	16.4588871708902	10.313514794011	9.62653342360001	10.313514794011	9.62653342360001
Zbtb2	26.4605197190268	24.255202146575	26.4605197190268	24.255202146575	34.3783826467032	30.9424288615715	34.3783826467032	30.9424288615715
Msc	11.3402227367258	16.4588871708902	11.3402227367258	16.4588871708902	13.7513530586813	11.6893620143714	13.7513530586813	11.6893620143714
Mypop	34.9656867715711	25.9877165856161	34.9656867715711	25.9877165856161	39.5351400437087	45.3822289969715	39.5351400437087	45.3822289969715
Atf4	20.7904083506639	19.9239160489723	20.7904083506639	19.9239160489723	24.0648678526922	23.3787240287429	24.0648678526922	23.3787240287429
Ovol2	24.5704825962392	23.3889449270545	24.5704825962392	23.3889449270545	24.0648678526922	27.5043812102857	24.0648678526922	27.5043812102857
Pax3	24.5704825962392	20.7901732684929	24.5704825962392	20.7901732684929	27.5027061173626	22.0035049682286	27.5027061173626	22.0035049682286
Dlx2	16.0653155436948	15.5926299513696	16.0653155436948	15.5926299513696	13.7513530586813	11.6893620143714	13.7513530586813	11.6893620143714
Dlx3	13.2302598595134	15.5926299513696	13.2302598595134	15.5926299513696	8.5945956616758	10.3141429538572	8.5945956616758	10.3141429538572
Dlx4	13.2302598595134	14.7263727318491	13.2302598595134	14.7263727318491	12.0324339263461	11.0017524841143	12.0324339263461	11.0017524841143
Hsfy2	21.7354269120577	17.3251443904107	21.7354269120577	17.3251443904107	32.659463514368	25.4415526195143	32.659463514368	25.4415526195143
Homez	17.0103341050886	12.993858292808	17.0103341050886	12.993858292808	8.5945956616758	16.5026287261714	8.5945956616758	16.5026287261714
Gmeb2	37.8007424557525	30.3190026832188	37.8007424557525	30.3190026832188	37.8162209113735	43.3194004062	37.8162209113735	43.3194004062
Sp100	20.7904083506639	22.5226877075339	20.7904083506639	22.5226877075339	20.6270295880219	24.066333559	20.6270295880219	24.066333559
Zscan29	27.4055382804206	25.1214593660955	27.4055382804206	25.1214593660955	29.2216252496977	28.8796002708	29.2216252496977	28.8796002708
Tfcp2	19.8453897892701	19.9239160489723	19.8453897892701	19.9239160489723	46.4108165730493	38.5061336944	46.4108165730493	38.5061336944
Hnf1a	14.1752784209072	17.3251443904107	14.1752784209072	17.3251443904107	17.1891913233516	10.3141429538572	17.1891913233516	10.3141429538572
Bhlhe23	16.0653155436948	19.9239160489723	16.0653155436948	19.9239160489723	13.7513530586813	13.7521906051429	13.7513530586813	13.7521906051429
Neurod6	17.9553526664825	19.9239160489723	17.9553526664825	19.9239160489723	15.4702721910164	14.4398001354	15.4702721910164	14.4398001354
Olig1	25.515501157633	31.1852599027393	25.515501157633	31.1852599027393	18.9081104556868	21.3158954379714	18.9081104556868	21.3158954379714
Cxxc4	17.9553526664825	16.4588871708902	17.9553526664825	16.4588871708902	15.4702721910164	22.6911144984857	15.4702721910164	22.6911144984857
Cxxc5	17.9553526664825	16.4588871708902	17.9553526664825	16.4588871708902	15.4702721910164	22.6911144984857	15.4702721910164	22.6911144984857
Tet3	17.9553526664825	16.4588871708902	17.9553526664825	16.4588871708902	15.4702721910164	22.6911144984857	15.4702721910164	22.6911144984857
Cebpb	29.2955754032082	25.1214593660955	29.2955754032082	25.1214593660955	24.0648678526922	36.4433051036286	24.0648678526922	36.4433051036286
