chr1	0	3000000	0.0005551651212	0.00025175157	chr1 0 3000000	0	0	0	0	0	0	AtoA
chr1	19800000	21300000	0.006438754106	0.006343172978	chr1 19800000 21300000	266.266666666667	418.2	367	425.333333333333	407.6	333.2	AtoA
chr1	23100000	23400000	0.003142708471	0.005805120572	chr1 23100000 23400000	248	427	385	436	407.333333333333	343	AtoA
chr1	23800000	24300000	0.004372663676	0.005606724193	chr1 23800000 24300000	218	336.6	286.6	364	345.4	291.6	AtoA
chr1	24400000	24800000	0.004372663676	0.006925430317	chr1 24400000 24800000	220.25	361.5	305.75	364.25	380.75	320.75	AtoA
chr1	30800000	31000000	0.006854474568	0.008115660654	chr1 30800000 31000000	246.5	403	362.5	399	455.5	354.5	AtoA
chr1	33500000	34500000	0.009957590304	0.01161384207	chr1 33500000 34500000	271.7	469.5	362.8	472	379.1	316.8	AtoA
chr1	34800000	34900000	0.009957590304	0.006660559564	chr1 34800000 34900000	226	388	308	415	384	332	AtoA
chr1	35800000	40700000	0.01264585402	0.01351284118	chr1 35800000 40700000	263.571428571429	421.408163265306	360.408163265306	475.428571428571	375.816326530612	302.469387755102	AtoA
chr1	42800000	42900000	0.01091449842	0.003920773892	chr1 42800000 42900000	203	304	249	324	336	298	AtoA
chr1	43000000	46000000	0.01091449842	0.01143069325	chr1 43000000 46000000	300.666666666667	529.5	410.233333333333	526.1	452.5	375.566666666667	AtoA
chr1	51400000	52300000	0.00915638711	0.01119592259	chr1 51400000 52300000	275.222222222222	455.222222222222	396.333333333333	492	370.666666666667	307.555555555556	AtoA
chr1	52500000	52900000	0.003238521192	0.003826133327	chr1 52500000 52900000	261.5	412.5	355.5	402.25	427.5	348	AtoA
chr1	54400000	55300000	0.009567528275	0.009851456364	chr1 54400000 55300000	300.888888888889	536	417	542.111111111111	425.555555555556	350.888888888889	AtoA
chr1	56800000	57300000	0.002467903206	0.003923895835	chr1 56800000 57300000	289.2	524	388.6	549.4	381.6	319.6	AtoA
chr1	57900000	61000000	0.01384979657	0.01433470891	chr1 57900000 61000000	282.41935483871	490.129032258065	383.645161290323	525.516129032258	428.451612903226	357.967741935484	AtoA
chr1	62700000	62900000	0.01111408566	0.002007985413	chr1 62700000 62900000	279.5	483	368.5	542.5	348	274	AtoA
chr1	63000000	65300000	0.01111408566	0.0141391332	chr1 63000000 65300000	278.086956521739	469.04347826087	399.434782608696	500.95652173913	393.04347826087	326.173913043478	AtoA
chr1	66700000	66900000	0.00203213975	0.005304461944	chr1 66700000 66900000	244.5	423.5	318	408.5	390	349	AtoA
chr1	71500000	73100000	0.007671959591	0.008643281275	chr1 71500000 73100000	290.1875	518.125	393.25	522.25	362.1875	293.5	AtoA
chr1	73200000	73300000	0.001389675735	0.001738636548	chr1 73200000 73300000	250	416	352	455	310	267	AtoA
chr1	73800000	75700000	0.01666089331	0.01715922031	chr1 73800000 75700000	265.105263157895	451.368421052632	370.368421052632	500.526315789474	389.947368421053	312.263157894737	AtoA
chr1	78000000	78700000	0.005027843717	0.005855545554	chr1 78000000 78700000	283.428571428571	487.857142857143	432.428571428571	551	389.857142857143	319	AtoA
chr1	79700000	80400000	0.002940537178	0.00709048939	chr1 79700000 80400000	296.714285714286	528.857142857143	429	610.571428571429	408.285714285714	317.142857142857	AtoA
chr1	81300000	82400000	0.005808090302	0.006087220417	chr1 81300000 82400000	319.636363636364	662.909090909091	435.727272727273	607.454545454545	379.363636363636	314.636363636364	AtoA
chr1	82800000	82900000	0.003229663462	0.004075005155	chr1 82800000 82900000	292	528	455	588	380	301	AtoA
chr1	83800000	84900000	0.003995543097	0.00476592709	chr1 83800000 84900000	276.727272727273	476.454545454545	433.272727272727	550	379.909090909091	306.545454545455	AtoA
chr1	85700000	93900000	0.01323087114	0.01387208548	chr1 85700000 93900000	261.280487804878	432.219512195122	373.268292682927	490.682926829268	376.634146341463	293.085365853659	AtoA
chr1	106200000	106300000	0.000277683057	0.0014734183	chr1 106200000 106300000	293	606	469	713	409	336	AtoA
chr1	127900000	128100000	0.0009690189405	0.002970061628	chr1 127900000 128100000	281.5	476.5	391.5	500	371	278	AtoA
chr1	131100000	136500000	0.0121836557	0.01289451586	chr1 131100000 136500000	268.314814814815	432.62962962963	383.037037037037	505.333333333333	391.944444444444	319.944444444444	AtoA
chr1	151600000	151700000	0.00315564968	0.008605790179	chr1 151600000 151700000	325	552	489	701	382	281	AtoA
chr1	152500000	152600000	0.000298327473	0.004041964539	chr1 152500000 152600000	237	306	377	437	268	206	AtoA
chr1	152700000	153500000	0.007218826759	0.01056892777	chr1 152700000 153500000	283.375	464.875	420.625	543.125	397.5	315.125	AtoA
chr1	155700000	156200000	0.005102783189	0.006895055268	chr1 155700000 156200000	224.6	359.8	295.8	352.8	331.8	282.6	AtoA
chr1	156400000	157500000	0.003246317304	0.006865370235	chr1 156400000 157500000	273.272727272727	491.545454545455	390.272727272727	538.636363636364	390.727272727273	329.545454545455	AtoA
chr1	158700000	158900000	0.002443259926	0.004879158245	chr1 158700000 158900000	423	873.5	499	734.5	353.5	293	AtoA
chr1	159000000	159400000	0.00150001148	0.003260262024	chr1 159000000 159400000	336.25	532.5	462.75	559.75	394.75	326.5	AtoA
chr1	160200000	160300000	0.002734936606	0.006090006853	chr1 160200000 160300000	304	599	469	712	394	385	AtoA
chr1	160900000	161100000	0.003083212022	0.005306848696	chr1 160900000 161100000	286.5	480	349	453.5	406	322.5	AtoA
chr1	162000000	162300000	0.007007487293	0.008175789797	chr1 162000000 162300000	333	748.333333333333	503.333333333333	693	431.333333333333	337	AtoA
chr1	163100000	164000000	0.00507713544	0.008091590856	chr1 163100000 164000000	319.444444444444	604.222222222222	453.333333333333	611.111111111111	402.777777777778	341.222222222222	AtoA
chr1	165200000	165300000	0.0017774844	0.009736178986	chr1 165200000 165300000	286	469	389	476	483	407	AtoA
chr1	171100000	171300000	0.002952737065	0.006161094117	chr1 171100000 171300000	329	595	456	592	512.5	417.5	AtoA
chr1	178500000	178700000	0.000713127483	0.001682540489	chr1 178500000 178700000	274.5	427.5	400.5	519	319	261	AtoA
chr1	178900000	179200000	0.001258880463	0.002968969656	chr1 178900000 179200000	303.666666666667	499	413.333333333333	517.333333333333	296.666666666667	242.333333333333	AtoA
chr1	179400000	180000000	0.01308113539	0.01288198985	chr1 179400000 180000000	303.833333333333	528.833333333333	407.666666666667	557.833333333333	413.666666666667	349	AtoA
chr1	180100000	181300000	0.01308113539	0.01492990922	chr1 180100000 181300000	274.583333333333	451.333333333333	364.416666666667	464.166666666667	403.833333333333	335.083333333333	AtoA
chr1	181800000	182100000	0.005633254164	0.007621026837	chr1 181800000 182100000	290.333333333333	485	414.666666666667	583.333333333333	398.333333333333	331.666666666667	AtoA
chr1	182200000	182700000	0.006222675318	0.0074222301	chr1 182200000 182700000	253.8	411.4	357	472.2	386.4	325.8	AtoA
chr1	182800000	184900000	0.009786554775	0.01126835654	chr1 182800000 184900000	278.761904761905	456.571428571429	392.571428571429	510.47619047619	366.095238095238	290.428571428571	AtoA
chr1	185200000	185400000	0.01118788209	0.01096026532	chr1 185200000 185400000	263	444.5	292.5	385.5	357	270.5	AtoA
chr1	190900000	192200000	0.009840254964	0.009600765388	chr1 190900000 192200000	264.153846153846	440.846153846154	380.846153846154	510.692307692308	405.461538461538	325.230769230769	AtoA
chr1	192700000	192900000	0.001843414073	0.003879481732	chr1 192700000 192900000	312	481	482	637	382.5	309	AtoA
chr10	13400000	13600000	0.002334151817	0.005608026943	chr10 13400000 13600000	258	435.5	368	457.5	425.5	346.5	AtoA
chr10	13900000	14100000	0.00130551788	0.00387931392	chr10 13900000 14100000	248	393	359.5	455.5	364.5	312	AtoA
chr10	23400000	23800000	0.005760883262	0.002539637986	chr10 23400000 23800000	321.25	594.5	487	582.75	451.5	375	AtoA
chr10	93500000	93600000	0.001088593951	0.000108118608	chr10 93500000 93600000	235	383	353	452	381	301	AtoA
chr11	6600000	20100000	0.03043589965	0.03100613571	chr11 6600000 20100000	252.711111111111	383.696296296296	335.222222222222	380.511111111111	386.97037037037	313.666666666667	AtoA
chr11	21700000	22000000	0.003588214702	0.001604895641	chr11 21700000 22000000	276.666666666667	455.666666666667	366.333333333333	422.666666666667	422.333333333333	371.333333333333	AtoA
chr11	23700000	32300000	0.03373706043	0.03252880439	chr11 23700000 32300000	242.116279069767	372.593023255814	316.116279069767	363.593023255814	386.616279069767	319.813953488372	AtoA
chr11	32600000	50100000	0.03634617653	0.03617162697	chr11 32600000 50100000	226.645714285714	325.085714285714	297.222857142857	330.588571428571	345.405714285714	275.8	AtoA
chr11	50400000	50600000	0.002621743976	0.003395108356	chr11 50400000 50600000	247	383	354	435.5	421.5	364	AtoA
chr11	50700000	51500000	0.01310296364	0.01425662996	chr11 50700000 51500000	244	385.875	330	401.75	416	351	AtoA
chr11	52500000	53200000	0.009055085107	0.008572217334	chr11 52500000 53200000	201.857142857143	287.714285714286	256	313.857142857143	320.571428571429	274.714285714286	AtoA
chr11	55200000	55400000	0.000681278739	0.0009467861815	chr11 55200000 55400000	262.5	406	385.5	450.5	417.5	309.5	AtoA
chr11	55500000	58000000	0.03400008392	0.03978004277	chr11 55500000 58000000	227.44	328.36	292.92	327.6	335.96	262.6	AtoA
chr11	58100000	58900000	0.03400008392	0.01946455688	chr11 58100000 58900000	268.5	413.75	336.875	412.25	447.375	375.25	AtoA
chr11	62800000	68000000	0.03235565712	0.03554126023	chr11 62800000 68000000	227.653846153846	325.826923076923	297.846153846154	359.134615384615	342.365384615385	274.730769230769	AtoA
chr11	68100000	68400000	0.003153484353	0.004858029089	chr11 68100000 68400000	284.333333333333	485.666666666667	369	595	303.666666666667	235	AtoA
chr11	71000000	72400000	0.03602474708	0.03541803375	chr11 71000000 72400000	235.285714285714	348.714285714286	297.285714285714	354.357142857143	359.214285714286	298.642857142857	AtoA
chr11	72900000	74600000	0.03961883791	0.03697068105	chr11 72900000 74600000	256.058823529412	377.588235294118	335.823529411765	374.764705882353	415.823529411765	333.588235294118	AtoA
chr11	80500000	83300000	0.02977927527	0.0312657148	chr11 80500000 83300000	225.25	331.214285714286	297.642857142857	350.892857142857	363.25	284.821428571429	AtoA
chr11	89100000	93900000	0.03613975523	0.03703382157	chr11 89100000 93900000	221.104166666667	310.270833333333	279.729166666667	314.854166666667	339.645833333333	273.333333333333	AtoA
chr11	104000000	104300000	0.006738578643	0.002758637283	chr11 104000000 104300000	226.666666666667	316	310.333333333333	371	368	273	AtoA
chr11	104500000	105200000	0.01711839317	0.01014771068	chr11 104500000 105200000	264	411.714285714286	364.285714285714	449.571428571429	413.714285714286	340.714285714286	AtoA
chr11	107300000	107400000	0.003604189161	0.00313402765	chr11 107300000 107400000	204	327	250	348	310	269	AtoA
chr11	107600000	114700000	0.01867879176	0.02012293861	chr11 107600000 114700000	254.450704225352	395.591549295775	342.183098591549	425.957746478873	350.830985915493	282.422535211268	AtoA
chr11	121800000	122000000	0.004092067548	0.003716453698	chr11 121800000 122000000	284	446.5	384.5	454	542	482.5	AtoA
chr12	75400000	75500000	0.004252004917	0.01236215956	chr12 75400000 75500000	211	354	294	344	258	215	AtoA
chr12	98800000	98900000	0.002011804386	0.002985171017	chr12 98800000 98900000	196	311	255	306	294	286	AtoA
chr13	3000000	4900000	0.03624095861	0.03795981898	chr13 3000000 4900000	268.263157894737	394.631578947368	344.736842105263	402.894736842105	430.210526315789	347.473684210526	AtoA
chr13	6600000	9200000	0.04202689025	0.04448845259	chr13 6600000 9200000	209.307692307692	291.615384615385	259.538461538462	275.269230769231	313.730769230769	252.115384615385	AtoA
chr13	9500000	15500000	0.03754358621	0.03963286212	chr13 9500000 15500000	223.6	329.216666666667	281.766666666667	314.5	352.333333333333	283.733333333333	AtoA
chr13	15600000	15800000	0.001478003623	0.00199342946	chr13 15600000 15800000	256.5	449	348.5	478.5	289.5	239.5	AtoA
chr13	17800000	23400000	0.0413677628	0.04485706072	chr13 17800000 23400000	210.214285714286	303.875	268.5	298.089285714286	355.392857142857	286.803571428571	AtoA
chr13	25000000	29900000	0.02969427104	0.03031064311	chr13 25000000 29900000	216.530612244898	324.510204081633	282.591836734694	313.938775510204	319.326530612245	260.102040816327	AtoA
chr13	32800000	34000000	0.03059511799	0.03744860307	chr13 32800000 34000000	257.5	394.75	353.75	374.083333333333	421	336.75	AtoA
chr13	34100000	34700000	0.03059511799	0.01696717206	chr13 34100000 34700000	220.833333333333	330	301.833333333333	336.833333333333	314	260.333333333333	AtoA
chr13	34800000	36000000	0.03262467918	0.03614962915	chr13 34800000 36000000	203.083333333333	286.083333333333	261.75	308.083333333333	314	256	AtoA
chr13	38600000	41300000	0.03538336172	0.03669172474	chr13 38600000 41300000	185.148148148148	249.62962962963	225.037037037037	245.333333333333	283.296296296296	222.962962962963	AtoA
chr13	41600000	43200000	0.02351397601	0.01832615806	chr13 41600000 43200000	195	266.5625	252.5	287.3125	280.3125	223.5	AtoA
chr13	43500000	44800000	0.02050209822	0.02672633171	chr13 43500000 44800000	179.923076923077	239.461538461538	223.384615384615	265.846153846154	269.923076923077	219.615384615385	AtoA
chr13	56200000	56300000	0.00237918279	0.005786910207	chr13 56200000 56300000	195	304	252	353	293	237	AtoA
chr13	56400000	56600000	0.02991379334	0.001984960459	chr13 56400000 56600000	230	337	317	391	333.5	238	AtoA
chr13	56700000	58300000	0.02991379334	0.04058223245	chr13 56700000 58300000	174.375	229.0625	200.75	232.9375	261.125	203.9375	AtoA
chr13	58500000	59500000	0.03102257537	0.03675648479	chr13 58500000 59500000	172.8	226.3	214	237.5	252.7	201.4	AtoA
chr13	59900000	60000000	0.001269241287	0.001286983785	chr13 59900000 60000000	248	367	353	421	346	240	AtoA
chr13	60400000	62900000	0.03959392254	0.04113029335	chr13 60400000 62900000	262.76	390.16	339.28	379.72	465.8	394.16	AtoA
chr13	64300000	71300000	0.03194199168	0.03747530485	chr13 64300000 71300000	249.028571428571	356.557142857143	321.428571428571	343.3	435.371428571429	363.514285714286	AtoA
chr13	71400000	71600000	0.03194199168	0.0000880231125	chr13 71400000 71600000	237.5	293.5	302.5	306.5	327	221.5	AtoA
chr13	71700000	71900000	0.03194199168	0.0025717523	chr13 71700000 71900000	179	250.5	272.5	308.5	314	219	AtoA
chr13	72100000	72200000	0.03194199168	0.005115879385	chr13 72100000 72200000	195	305	270	336	243	208	AtoA
chr13	72300000	73400000	0.03194199168	0.01815716359	chr13 72300000 73400000	180.727272727273	235.545454545455	217.727272727273	228.272727272727	259.181818181818	214.272727272727	AtoA
chr13	73500000	73600000	0.03194199168	0.008123029659	chr13 73500000 73600000	203	265	202	260	305	251	AtoA
chr13	74400000	83400000	0.02851206743	0.02784265959	chr13 74400000 83400000	232.122222222222	361.9	298.3	335.777777777778	361.444444444444	305.211111111111	AtoA
chr13	83600000	90900000	0.02677838346	0.02661000334	chr13 83600000 90900000	217.534246575342	329.767123287671	283.986301369863	316.506849315069	340.452054794521	286.520547945205	AtoA
chr13	91800000	92400000	0.01549884641	0.01242327773	chr13 91800000 92400000	216.166666666667	320.666666666667	263.333333333333	335.333333333333	312.166666666667	272.666666666667	AtoA
chr13	92700000	93400000	0.0123787684	0.005374494337	chr13 92700000 93400000	198.571428571429	305.571428571429	262.428571428571	326.571428571429	312.285714285714	275.714285714286	AtoA
chr13	93500000	93700000	0.0123787684	0.005966311113	chr13 93500000 93700000	203.5	333	295	337	367.5	290	AtoA
chr13	95700000	96400000	0.02248303158	0.02204309835	chr13 95700000 96400000	189.142857142857	271.428571428571	252.571428571429	282.142857142857	306.857142857143	242	AtoA
chr13	100900000	101600000	0.006509029329	0.008523804168	chr13 100900000 101600000	200.428571428571	273.285714285714	271.428571428571	294	317.285714285714	249.571428571429	AtoA
chr13	104800000	107000000	0.03565932232	0.03762532784	chr13 104800000 107000000	201.681818181818	286.681818181818	256	274.227272727273	311.818181818182	243.909090909091	AtoA
chr13	107100000	107300000	0.03565932232	0.004150227336	chr13 107100000 107300000	202	285	246.5	295.5	331	270.5	AtoA
chr13	108200000	110400000	0.02264475657	0.01539713102	chr13 108200000 110400000	188.681818181818	265.272727272727	243.5	257.409090909091	274.363636363636	220.136363636364	AtoA
chr13	111000000	111200000	0.02264475657	0.004700061877	chr13 111000000 111200000	208.5	303	274	303	345.5	285.5	AtoA
chr13	111300000	111400000	0.02264475657	0.001923442328	chr13 111300000 111400000	230	350	266	366	324	267	AtoA
chr13	111500000	111700000	0.02264475657	0.007124127001	chr13 111500000 111700000	229	345.5	295.5	366	367	314	AtoA
chr13	111800000	112300000	0.02264475657	0.01474669751	chr13 111800000 112300000	172	236.6	229.8	257.8	264	225	AtoA
chr13	115100000	119400000	0.0304528688	0.0275870853	chr13 115100000 119400000	188.837209302326	259.744186046512	234.604651162791	253.674418604651	277.255813953488	229.558139534884	AtoA
chr13	120000000	120300000	0.004567690827	0.01293338697	chr13 120000000 120300000	278.333333333333	465	405.666666666667	489	550	434.666666666667	AtoA
chr14	3300000	3400000	0.004899508124	0.03047612544	chr14 3300000 3400000	289	463	385	352	494	442	AtoA
chr14	3700000	3800000	0.008860148369	0.03019232533	chr14 3700000 3800000	315	437	394	355	493	412	AtoA
chr14	4600000	4700000	0.001505566755	0.06646370487	chr14 4600000 4700000	329	431	415	369	517	379	AtoA
chr14	5500000	5700000	0.00886177008	0.02510242758	chr14 5500000 5700000	270	392.5	322	324.5	456.5	341.5	AtoA
chr14	7100000	7200000	0.000305589375	0.009484800095	chr14 7100000 7200000	249	351	344	310	457	363	AtoA
chr14	22300000	22400000	0.002280299123	0.01157141395	chr14 22300000 22400000	186	266	206	239	300	244	AtoA
chr14	33800000	33900000	0.000361687069	0.01742077638	chr14 33800000 33900000	243	452	358	581	319	254	AtoA
chr14	60200000	60300000	0.004827886395	0.000015206817	chr14 60200000 60300000	216	355	287	339	326	268	AtoA
chr14	102000000	103000000	0.01047132674	0.006443820368	chr14 102000000 103000000	305.8	514.6	396.8	491.1	355.5	273	AtoA
chr14	116900000	117100000	0.000623754841	0.002285142037	chr14 116900000 117100000	253.5	395	308.5	396.5	272.5	230.5	AtoA
chr15	11500000	11700000	0.002014420954	0.002006073172	chr15 11500000 11700000	238.5	366	329	363.5	386	291.5	AtoA
chr15	38600000	38800000	0.001902684302	0.0006432280945	chr15 38600000 38800000	192.5	308	262.5	324	280	221.5	AtoA
chr15	38900000	39000000	0.001902684302	0.000147272106	chr15 38900000 39000000	305	557	481	620	377	307	AtoA
chr15	56800000	56900000	0.01188011599	0.005814327165	chr15 56800000 56900000	346	536	436	570	381	354	AtoA
chr15	74800000	74900000	0.002678114637	0.004767838661	chr15 74800000 74900000	260	333	322	355	418	324	AtoA
chr15	98300000	98400000	0.000157625375	0.002887356568	chr15 98300000 98400000	244	367	321	363	419	322	AtoA
chr16	22300000	22400000	0.00042568788	0.002908025872	chr16 22300000 22400000	248	384	341	403	384	331	AtoA
chr16	22900000	23100000	0.002278444891	0.004197477072	chr16 22900000 23100000	277	465.5	421.5	438.5	520	424	AtoA
chr16	77900000	78000000	0.000144860196	0.005850646274	chr16 77900000 78000000	300	595	393	560	469	427	AtoA
chr17	12700000	12800000	0.000264353945	0.001489938706	chr17 12700000 12800000	339	723	617	859	502	378	AtoA
chr17	62400000	62500000	0.000151204562	0.0117560475	chr17 62400000 62500000	278	514	388	551	390	367	AtoA
chr17	62600000	62900000	0.002019417027	0.00593167203	chr17 62600000 62900000	301.666666666667	577	480.666666666667	696.333333333333	388.333333333333	296	AtoA
chr18	0	3000000	0.000566213395	0.000519868119	chr18 0 3000000	0	0	0	0	0	0	AtoA
chr18	4300000	6800000	0.0102446896	0.01250069367	chr18 4300000 6800000	283.92	498.2	395.16	532.36	379.12	300.28	AtoA
chr18	7500000	11100000	0.01131501155	0.01236546953	chr18 7500000 11100000	274.777777777778	446.888888888889	358.222222222222	451.527777777778	397.944444444444	338.111111111111	AtoA
chr18	11300000	13000000	0.01131501155	0.01212140311	chr18 11300000 13000000	264	434.588235294118	354.411764705882	453.470588235294	347.411764705882	284.529411764706	AtoA
chr18	13800000	14000000	0.002575393847	0.000156460458	chr18 13800000 14000000	298	552	402	577.5	308.5	266.5	AtoA
chr18	24000000	24300000	0.006542030441	0.007661413104	chr18 24000000 24300000	263.333333333333	473.333333333333	369	480	381.666666666667	309.666666666667	AtoA
chr18	24500000	25000000	0.004495794303	0.004058913293	chr18 24500000 25000000	237.6	365	338.2	426.4	333.2	272.4	AtoA
chr18	30300000	32900000	0.01084330385	0.009575634974	chr18 30300000 32900000	253.615384615385	392.923076923077	338.653846153846	394.846153846154	350.653846153846	297.346153846154	AtoA
chr18	33700000	36800000	0.01372067372	0.01277484395	chr18 33700000 36800000	259.161290322581	426.58064516129	351.903225806452	466.612903225806	375.548387096774	313.032258064516	AtoA
chr18	39700000	40000000	0.00128379641	0.002992914205	chr18 39700000 40000000	292	522.666666666667	439	546	337.333333333333	271	AtoA
chr18	52600000	52700000	0.005190481195	0.001600991589	chr18 52600000 52700000	294	524	480	633	326	239	AtoA
chr18	53100000	53400000	0.005338034835	0.002459125045	chr18 53100000 53400000	242.333333333333	401	319	449.666666666667	345.666666666667	281	AtoA
chr18	53700000	57600000	0.01760189552	0.0166557223	chr18 53700000 57600000	288.641025641026	497.153846153846	391.307692307692	515.897435897436	371	305.179487179487	AtoA
chr18	57800000	58100000	0.003756543955	0.003646935762	chr18 57800000 58100000	238	408.666666666667	295.666666666667	379.666666666667	273.666666666667	227	AtoA
chr18	60600000	61800000	0.01443812341	0.01521281386	chr18 60600000 61800000	278.333333333333	455.833333333333	382.583333333333	515.333333333333	335.166666666667	260.666666666667	AtoA
chr18	67400000	68300000	0.009212578787	0.008651458306	chr18 67400000 68300000	274.111111111111	441.111111111111	359.555555555556	497.222222222222	346.777777777778	283.333333333333	AtoA
chr18	75000000	76300000	0.012114962	0.01196214843	chr18 75000000 76300000	264.230769230769	447	397.076923076923	522.076923076923	326.846153846154	261	AtoA
chr18	77100000	77200000	0.00755024143	0.00012050629	chr18 77100000 77200000	225	328	304	358	299	273	AtoA
chr18	77500000	79200000	0.00755024143	0.007049024199	chr18 77500000 79200000	258.176470588235	430.529411764706	348.176470588235	465.058823529412	303.647058823529	245.117647058824	AtoA
chr18	82700000	83000000	0.004906260683	0.008457369355	chr18 82700000 83000000	287	475	403.666666666667	563.666666666667	350.333333333333	294.666666666667	AtoA
chr18	90600000	90700000	0.000489426217	0.000179158243	chr18 90600000 90700000	44	21	33	27	31	37	AtoA
chr19	0	3000000	0.000885398894	0.000803241683	chr19 0 3000000	0	0	0	0	0	0	AtoA
chr19	3300000	7500000	0.01573792762	0.01518968649	chr19 3300000 7500000	312.833333333333	540.714285714286	439.785714285714	580.047619047619	504.571428571429	417.428571428571	AtoA
chr19	8700000	9000000	0.005163195256	0.007492047934	chr19 8700000 9000000	368	736.666666666667	462	659	688.666666666667	632.666666666667	AtoA
chr19	9900000	10700000	0.007865438243	0.0117845368	chr19 9900000 10700000	311	546.875	450.125	592.25	453.25	359.5	AtoA
chr19	28100000	28800000	0.008139015849	0.005046552068	chr19 28100000 28800000	307.142857142857	542.285714285714	453.142857142857	571.142857142857	386.857142857143	319.142857142857	AtoA
chr19	28900000	29700000	0.008139015849	0.01040592101	chr19 28900000 29700000	299.75	507.75	432.5	582.625	486.875	404.75	AtoA
chr19	32800000	33000000	0.001468579485	0.003606675968	chr19 32800000 33000000	358	716.5	516	825.5	416.5	353	AtoA
chr19	36700000	38100000	0.01626050441	0.01239045398	chr19 36700000 38100000	329.857142857143	603.285714285714	447.928571428571	618.428571428571	468	380.142857142857	AtoA
chr19	41700000	42200000	0.01456093501	0.01607022905	chr19 41700000 42200000	333.4	538.6	437.8	586.8	513.6	423.8	AtoA
chr19	43600000	47900000	0.01719990419	0.01631820314	chr19 43600000 47900000	305.604651162791	524.116279069767	431.06976744186	579	467.93023255814	389.186046511628	AtoA
chr19	53300000	53900000	0.003337022355	0.007193655649	chr19 53300000 53900000	335.333333333333	606	492.5	673.333333333333	466.166666666667	392.333333333333	AtoA
chr19	55200000	57500000	0.01509871632	0.01524476623	chr19 55200000 57500000	313.130434782609	526.739130434783	455.869565217391	609.086956521739	418.95652173913	344	AtoA
chr19	60700000	61200000	0.004330670757	0.006361786894	chr19 60700000 61200000	316.6	525.6	445	547.4	538	452	AtoA
chr2	0	3000000	0.000180807379	0.00017763056	chr2 0 3000000	0	0	0	0	0	0	AtoA
chr2	3300000	3800000	0.005392749045	0.003927427515	chr2 3300000 3800000	277.2	451.2	398.8	491.8	430.8	367.4	AtoA
chr2	4300000	4700000	0.006259915567	0.004331898468	chr2 4300000 4700000	300.5	426.5	396.5	529.25	376	283.5	AtoA
chr2	4800000	6400000	0.006259915567	0.008243138801	chr2 4800000 6400000	289.25	466.5	388	512.6875	422.4375	333	AtoA
chr2	13300000	13400000	0.000763518785	0.003651256841	chr2 13300000 13400000	314	753	508	672	379	288	AtoA
chr2	13500000	13600000	0.003256920518	0.00451516222	chr2 13500000 13600000	359	660	474	646	497	416	AtoA
chr2	18000000	18200000	0.00334398413	0.003287799572	chr2 18000000 18200000	298	566.5	398	541	424	378	AtoA
chr2	20900000	21100000	0.002707853136	0.001343862022	chr2 20900000 21100000	331.5	581	537.5	703	465	366	AtoA
chr2	24800000	35800000	0.01756886708	0.01651023109	chr2 24800000 35800000	289.881818181818	479.809090909091	402.581818181818	528.727272727273	417.663636363636	333.163636363636	AtoA
chr2	35900000	36000000	0.001547524123	0.003756274771	chr2 35900000 36000000	261	376	314	445	399	322	AtoA
chr2	37400000	39100000	0.00920921849	0.007742757984	chr2 37400000 39100000	275.176470588235	469.411764705882	407.529411764706	524.352941176471	388.352941176471	320.588235294118	AtoA
chr2	44800000	45900000	0.001935139167	0.001728018755	chr2 44800000 45900000	319.272727272727	614.272727272727	438	597.636363636364	375.727272727273	334.545454545455	AtoA
chr2	49400000	49800000	0.003882510085	0.003438148561	chr2 49400000 49800000	285.75	429.25	393.25	494.25	368.5	304.5	AtoA
chr2	50200000	53200000	0.009332025592	0.009344258094	chr2 50200000 53200000	312.633333333333	553.8	451.566666666667	588.4	401.7	333.666666666667	AtoA
chr2	59500000	61500000	0.007884483052	0.008750861577	chr2 59500000 61500000	305.35	535.4	432.95	569.95	393.5	316.45	AtoA
chr2	69700000	70000000	0.007134756823	0.008336177658	chr2 69700000 70000000	291.666666666667	473.666666666667	361.333333333333	498.666666666667	435.666666666667	364.333333333333	AtoA
chr2	70700000	71700000	0.007574751159	0.01031259408	chr2 70700000 71700000	284.9	486.5	409.1	525	414.5	337.9	AtoA
chr2	71800000	71900000	0.002502510758	0.01036966031	chr2 71800000 71900000	228	340	305	398	342	292	AtoA
chr2	72200000	73900000	0.008992499441	0.009784115669	chr2 72200000 73900000	275.058823529412	451.352941176471	389.352941176471	525.823529411765	401.764705882353	336.117647058824	AtoA
chr2	75600000	75900000	0.005250723162	0.006153799671	chr2 75600000 75900000	316.666666666667	592.333333333333	450.333333333333	629	476	392.666666666667	AtoA
chr2	84500000	84800000	0.00595827662	0.008077267271	chr2 84500000 84800000	327.666666666667	606.666666666667	468	655	546.666666666667	453.666666666667	AtoA
chr2	90700000	94400000	0.01976722644	0.01846779703	chr2 90700000 94400000	279.432432432432	461.297297297297	394.135135135135	514	406.351351351351	329.540540540541	AtoA
chr2	101700000	101800000	0.003065436679	0.001238615892	chr2 101700000 101800000	351	598	480	746	412	301	AtoA
chr2	102000000	102300000	0.001614602936	0.003659834308	chr2 102000000 102300000	299.666666666667	528.666666666667	485.333333333333	643.333333333333	370.666666666667	274.666666666667	AtoA
chr2	102700000	103100000	0.004445190395	0.005046018161	chr2 102700000 103100000	312	594.75	452	651.75	367.5	294.25	AtoA
chr2	103400000	103900000	0.006957648039	0.007751951518	chr2 103400000 103900000	265.6	413.8	393.6	505.2	407	335.4	AtoA
chr2	104000000	104100000	0.001386607678	0.006359248532	chr2 104000000 104100000	296	449	411	514	488	410	AtoA
chr2	104400000	104700000	0.002366754729	0.006030926859	chr2 104400000 104700000	290	464.666666666667	400	525.666666666667	416	338	AtoA
chr2	113500000	113700000	0.002080784592	0.002452595334	chr2 113500000 113700000	336.5	670.5	436	618	346.5	273	AtoA
chr2	114100000	114300000	0.00814278779	0.003168255805	chr2 114100000 114300000	237	367	284.5	365.5	374	314	AtoA
chr2	114400000	116100000	0.00814278779	0.007400837378	chr2 114400000 116100000	304.235294117647	562	413.823529411765	534.294117647059	360.647058823529	307.647058823529	AtoA
chr2	116600000	121600000	0.01992951495	0.01920832159	chr2 116600000 121600000	302.46	506.64	424.3	549.06	427	355.9	AtoA
chr2	121900000	122300000	0.005603008593	0.009052947136	chr2 121900000 122300000	297.25	484.5	380	504	441.25	362.25	AtoA
chr2	125300000	129700000	0.01560751201	0.01505633947	chr2 125300000 129700000	288.318181818182	463.681818181818	397.75	504.613636363636	418.386363636364	346.159090909091	AtoA
chr2	129800000	129900000	0.002892089735	0.003298085593	chr2 129800000 129900000	234	386	338	424	409	337	AtoA
chr2	130200000	132300000	0.01918523965	0.01811776968	chr2 130200000 132300000	302.428571428571	515.285714285714	435	567.238095238095	442.047619047619	357.428571428571	AtoA
chr2	143900000	144000000	0.001244877261	0.002536782309	chr2 143900000 144000000	310	481	421	577	378	332	AtoA
chr2	144100000	144300000	0.002441473515	0.005211797947	chr2 144100000 144300000	340	663	531	686.5	481	369	AtoA
chr2	152200000	152400000	0.004591148265	0.006953787931	chr2 152200000 152400000	330	469.5	382	506	501	415.5	AtoA
chr2	152500000	153800000	0.01385420702	0.01411366217	chr2 152500000 153800000	282.538461538462	461.538461538462	404.384615384615	503.230769230769	430	331.923076923077	AtoA
chr2	154300000	158700000	0.02047498647	0.01908374564	chr2 154300000 158700000	289.659090909091	474.818181818182	404.931818181818	541.204545454545	431.25	344.931818181818	AtoA
chr2	163000000	163100000	0.01934422564	0.005726931272	chr2 163000000 163100000	264	437	310	401	424	299	AtoA
chr2	163300000	168700000	0.01934422564	0.01861448076	chr2 163300000 168700000	298.333333333333	491.740740740741	432.518518518519	569.759259259259	416.203703703704	322.87037037037	AtoA
chr2	175200000	176600000	0.001056873395	0.0001759825856	chr2 175200000 176600000	221	332.571428571429	288.5	320.214285714286	444.5	371.785714285714	AtoA
chr2	176900000	177000000	0.000180807379	0.00160701205	chr2 176900000 177000000	313	448	398	426	574	474	AtoA
chr2	179900000	182100000	0.0143250207	0.01501738961	chr2 179900000 182100000	260.454545454545	393	344.772727272727	422.5	409.636363636364	330.818181818182	AtoA
chr3	0	53300000	0.0254895647	0.02315413069	chr3 0 53300000	207.176360225141	304.285178236398	268.424015009381	298.637898686679	318.853658536585	260.718574108818	AtoA
chr3	113400000	113500000	0.000130057707	0.00015568215	chr3 113400000 113500000	0	0	0	0	0	0	AtoA
chr4	7100000	7200000	0.001743038366	0.003332084501	chr4 7100000 7200000	303	408	428	483	414	373	AtoA
chr4	7300000	7500000	0.0002588857875	0.00350717496	chr4 7300000 7500000	274.5	441	394.5	452	453	385.5	AtoA
chr4	7700000	7800000	0.001803031854	0.002564446332	chr4 7700000 7800000	302	508	414	479	565	450	AtoA
chr4	89100000	89300000	0.004876564575	0.000519979983	chr4 89100000 89300000	150	254	204.5	250.5	254.5	216	AtoA
chr5	13300000	13400000	0.000810487772	0.00277075707	chr5 13300000 13400000	377	775	534	791	445	398	AtoA
chr5	38300000	38400000	0.001617820111	0.000660746758	chr5 38300000 38400000	269	379	375	502	374	277	AtoA
chr5	73200000	73300000	0.004445015566	0.01879707088	chr5 73200000 73300000	281	434	373	524	347	269	AtoA
chr5	73700000	73900000	0.001277328446	0.0068516147	chr5 73700000 73900000	203	301	274.5	325.5	340	272	AtoA
chr5	120300000	120400000	0.001538239808	0.005506034042	chr5 120300000 120400000	208	290	265	277	294	244	AtoA
chr5	150900000	151000000	0.004637889594	0.00098269734	chr5 150900000 151000000	301	469	429	619	450	381	AtoA
chr6	0	3000000	0.000337613488	0.000325491015	chr6 0 3000000	0	0	0	0	0	0	AtoA
chr6	4300000	4700000	0.007727499527	0.00667452116	chr6 4300000 4700000	296.25	582	426.5	546.75	489.25	408.5	AtoA
chr6	5200000	5700000	0.004828874973	0.006257998209	chr6 5200000 5700000	291.4	490	427.8	510.4	487.2	411.2	AtoA
chr6	5800000	7000000	0.009473987925	0.008746243494	chr6 5800000 7000000	334	617.083333333333	496.083333333333	657	451.666666666667	379.583333333333	AtoA
chr6	7800000	8000000	0.003366526784	0.005872220328	chr6 7800000 8000000	299.5	434.5	445	443	459.5	373.5	AtoA
chr6	8100000	8500000	0.004415230839	0.005362540964	chr6 8100000 8500000	291.5	501.5	460	533.5	453.25	351	AtoA
chr6	17100000	17400000	0.006463659002	0.00882219873	chr6 17100000 17400000	339.666666666667	566.666666666667	514.666666666667	611.333333333333	481.333333333333	385	AtoA
chr6	17600000	17800000	0.005081430791	0.008981246978	chr6 17600000 17800000	304.5	517	532	659	477	362.5	AtoA
chr6	28400000	31600000	0.01803371758	0.01817561087	chr6 28400000 31600000	328.875	578.25	477.46875	623.1875	456.875	356.71875	AtoA
chr6	32900000	33100000	0.00335989766	0.001817337612	chr6 32900000 33100000	276.5	433.5	401.5	502	403	333.5	AtoA
chr6	33200000	33700000	0.007308616894	0.005399839613	chr6 33200000 33700000	288.2	477.6	372.4	500.6	372.6	305.8	AtoA
chr6	34000000	35400000	0.01149005726	0.01232060176	chr6 34000000 35400000	320.142857142857	548.285714285714	457.928571428571	599.142857142857	474.928571428571	380	AtoA
chr6	36800000	36900000	0.001727306571	0.004683001524	chr6 36800000 36900000	399	796	645	850	498	453	AtoA
chr6	37300000	39800000	0.01736261821	0.01661269411	chr6 37300000 39800000	333.04	583.92	468.52	621.12	492.04	397.24	AtoA
chr6	42300000	42400000	0.001337283097	0.004275249964	chr6 42300000 42400000	302	485	435	476	430	311	AtoA
chr6	47300000	48100000	0.01425126514	0.01377922547	chr6 47300000 48100000	353.875	591.875	514.375	652	662.25	548.125	AtoA
chr6	49000000	49400000	0.006197717457	0.004623236285	chr6 49000000 49400000	327	539.5	469.5	606.75	516.25	435.5	AtoA
chr6	50300000	50800000	0.01045587864	0.01035213381	chr6 50300000 50800000	314.8	561.2	455.2	624.8	466.4	372.6	AtoA
chr6	51100000	53200000	0.01045587864	0.01195283631	chr6 51100000 53200000	310.238095238095	530.190476190476	460.666666666667	611.666666666667	476.761904761905	388.952380952381	AtoA
chr6	54400000	55400000	0.009737181247	0.008269188942	chr6 54400000 55400000	282.2	467.8	420.4	510.8	453.2	354.2	AtoA
chr6	70800000	70900000	0.001751901301	0.005496761702	chr6 70800000 70900000	330	525	421	567	494	406	AtoA
chr6	71100000	73300000	0.01804250014	0.01651614823	chr6 71100000 73300000	333.772727272727	561.181818181818	496.409090909091	641.681818181818	507.636363636364	407.909090909091	AtoA
chr6	82600000	89700000	0.01518070052	0.0145871138	chr6 82600000 89700000	317.084507042254	542.352112676056	458.014084507042	603.535211267606	495.605633802817	398.957746478873	AtoA
chr6	90500000	90900000	0.006079364987	0.0103345171	chr6 90500000 90900000	303	534.75	470.75	637.5	430	339.5	AtoA
chr6	91000000	92200000	0.0117473863	0.01284144839	chr6 91000000 92200000	292.25	458.833333333333	450.5	553.083333333333	441.583333333333	361.833333333333	AtoA
chr6	98500000	100900000	0.009582950457	0.009759780068	chr6 98500000 100900000	325.458333333333	554.708333333333	513.833333333333	674.916666666667	472.666666666667	357.958333333333	AtoA
chr6	108100000	108800000	0.004882897464	0.004228405336	chr6 108100000 108800000	304.285714285714	562.857142857143	478	600.857142857143	441.857142857143	357.285714285714	AtoA
chr6	112200000	112300000	0.001351706308	0.003352562208	chr6 112200000 112300000	359	672	609	759	505	357	AtoA
chr6	112500000	113900000	0.01642891487	0.01678591115	chr6 112500000 113900000	318.357142857143	553.5	435	582.571428571429	478.571428571429	390.857142857143	AtoA
chr6	114300000	116400000	0.01642891487	0.01546673024	chr6 114300000 116400000	340.095238095238	609.190476190476	520	669.52380952381	501.047619047619	399.904761904762	AtoA
chr6	117200000	118200000	0.005818038634	0.007197902748	chr6 117200000 118200000	307	505.4	483.3	579.8	508.2	394.6	AtoA
chr6	118300000	118600000	0.01063890074	0.01286312923	chr6 118300000 118600000	312	482	395.333333333333	468.333333333333	514	392	AtoA
chr6	119100000	121200000	0.01676535747	0.01579315238	chr6 119100000 121200000	322.380952380952	550.761904761905	447.428571428571	603.190476190476	479	387.904761904762	AtoA
chr6	122600000	122700000	0.001812586772	0.00132141749	chr6 122600000 122700000	440	798	616	810	600	503	AtoA
chr6	124400000	125600000	0.01737956532	0.01679966106	chr6 124400000 125600000	351.916666666667	655	509.416666666667	652.75	563.25	448.083333333333	AtoA
chr6	134400000	135400000	0.01362097241	0.01219274947	chr6 134400000 135400000	367.5	650.6	535.2	695.7	503.9	407.1	AtoA
chr6	136500000	136600000	0.00407240096	0.004654029146	chr6 136500000 136600000	336	653	448	663	511	410	AtoA
chr6	136800000	137000000	0.009684502445	0.01004405152	chr6 136800000 137000000	361.5	676.5	539.5	723	530.5	410	AtoA
chr6	137500000	137600000	0.00803672946	0.004385348436	chr6 137500000 137600000	386	649	513	687	449	364	AtoA
chr6	140500000	140700000	0.007574320565	0.007645817491	chr6 140500000 140700000	386.5	760	568	737.5	481.5	372.5	AtoA
chr6	143000000	143300000	0.003739821916	0.006126764307	chr6 143000000 143300000	276.666666666667	464.666666666667	376	459.333333333333	410	342.333333333333	AtoA
chr6	143500000	144100000	0.003739821916	0.00332403848	chr6 143500000 144100000	306	525.5	400.5	549.833333333333	412.166666666667	349.5	AtoA
chr6	144700000	147700000	0.01272964856	0.01263961721	chr6 144700000 147700000	311.466666666667	527.7	441.533333333333	580.633333333333	449.733333333333	361.433333333333	AtoA
chr6	148200000	148300000	0.004192406706	0.006583962586	chr6 148200000 148300000	325	559	479	610	447	346	AtoA
chr6	148700000	149000000	0.004767044938	0.007581132301	chr6 148700000 149000000	312.333333333333	501.333333333333	397.666666666667	495	499.333333333333	400.666666666667	AtoA
chr6	149100000	149300000	0.00321726672	0.007389840035	chr6 149100000 149300000	346.5	673.5	529	657.5	641	517	AtoA
chr6	149600000	149700000	0.000337613488	0.000325491015	chr6 149600000 149700000	0	0	0	0	0	0	AtoA
chr7	3000000	3200000	0.005864210583	0.006400207247	chr7 3000000 3200000	296	411	384	405	475.5	364	AtoA
chr7	3700000	4100000	0.008125423545	0.004801190235	chr7 3700000 4100000	272.5	402.5	352.75	346	468.5	385.5	AtoA
chr7	4200000	4400000	0.007765619367	0.005347277498	chr7 4200000 4400000	268	403	377.5	374.5	453	398.5	AtoA
chr7	5100000	5700000	0.008907708779	0.00847763873	chr7 5100000 5700000	311.333333333333	439.333333333333	422.5	439.833333333333	522.666666666667	418.666666666667	AtoA
chr7	5800000	6100000	0.02600639914	0.01283647922	chr7 5800000 6100000	269	393.666666666667	358.666666666667	355.666666666667	517	397.666666666667	AtoA
chr7	6200000	9400000	0.02600639914	0.01969130621	chr7 6200000 9400000	254.71875	364.4375	326.40625	319.625	429.4375	352.40625	AtoA
chr7	9800000	12900000	0.02590644279	0.02348968847	chr7 9800000 12900000	256.677419354839	361.483870967742	319.548387096774	323.709677419355	428.709677419355	347.193548387097	AtoA
chr7	13100000	15900000	0.02833520552	0.026632551	chr7 13100000 15900000	281.392857142857	411.357142857143	364.035714285714	363.107142857143	471.5	379.214285714286	AtoA
chr7	17000000	18900000	0.02865712052	0.02614796309	chr7 17000000 18900000	264.894736842105	376.947368421053	340	349.842105263158	433.315789473684	340.526315789474	AtoA
chr7	19900000	20300000	0.02100842661	0.01974682862	chr7 19900000 20300000	306.75	427.5	389.5	399.75	501.25	418.25	AtoA
chr7	20400000	20600000	0.037073151	0.02645592173	chr7 20400000 20600000	298	447	376	387	522.5	423.5	AtoA
chr7	20700000	21500000	0.037073151	0.02581144328	chr7 20700000 21500000	294.125	407.375	377.875	361.75	505.5	406	AtoA
chr7	21700000	21800000	0.002221469952	0.001221179639	chr7 21700000 21800000	302	393	379	309	485	394	AtoA
chr7	22200000	22600000	0.03395572595	0.01967521683	chr7 22200000 22600000	321	459	405.25	396.75	541.25	451.75	AtoA
chr7	22700000	22900000	0.03395572595	0.03390700449	chr7 22700000 22900000	297.5	436.5	408	391.5	540	429.5	AtoA
chr7	23000000	24300000	0.0285753293	0.02832266598	chr7 23000000 24300000	281.846153846154	395.153846153846	348.307692307692	368.230769230769	471.230769230769	390.769230769231	AtoA
chr7	25800000	27100000	0.03050319556	0.02772346147	chr7 25800000 27100000	285.769230769231	384.923076923077	351.307692307692	381.384615384615	460.692307692308	365.769230769231	AtoA
chr7	35800000	37900000	0.02104052984	0.02118990391	chr7 35800000 37900000	174.190476190476	226.714285714286	204.666666666667	223.571428571429	252.619047619048	197.190476190476	AtoA
chr7	38200000	39000000	0.02481279003	0.02627259271	chr7 38200000 39000000	241.75	355.875	293.5	326	389.5	312.125	AtoA
chr7	39100000	44200000	0.02796673203	0.02469736857	chr7 39100000 44200000	255.294117647059	357.117647058824	322.333333333333	336.333333333333	419.823529411765	344.274509803922	AtoA
chr7	47100000	49200000	0.03688917811	0.03507332343	chr7 47100000 49200000	246.142857142857	353.047619047619	329.571428571429	344	407.238095238095	323.857142857143	AtoA
chr7	49400000	51800000	0.02855506482	0.02984641601	chr7 49400000 51800000	211.333333333333	313.958333333333	259.458333333333	298.208333333333	286.75	236.75	AtoA
chr7	51900000	55900000	0.03281792076	0.03714900158	chr7 51900000 55900000	204.05	289.5	253.375	265.075	310.25	258.75	AtoA
chr7	56100000	63900000	0.03281792076	0.03580214995	chr7 56100000 63900000	217.474358974359	311.717948717949	271.115384615385	284.564102564103	344.205128205128	274.717948717949	AtoA
chr7	64000000	64200000	0.03281792076	0.001877189123	chr7 64000000 64200000	399.5	566	491.5	611	548	391	AtoA
chr7	64400000	65300000	0.03281792076	0.02333465145	chr7 64400000 65300000	199.888888888889	284.111111111111	263.444444444444	295.777777777778	317.555555555556	266.555555555556	AtoA
chr7	65500000	65600000	0.02093769098	0.004918844936	chr7 65500000 65600000	218	290	311	350	387	262	AtoA
chr7	67800000	67900000	0.000295632488	0.001805245972	chr7 67800000 67900000	206	281	275	319	357	301	AtoA
chr7	68300000	73400000	0.02040511285	0.02274804977	chr7 68300000 73400000	192.56862745098	268.941176470588	242.647058823529	270.78431372549	289.352941176471	237.666666666667	AtoA
chr7	73600000	75400000	0.02463720648	0.02940687854	chr7 73600000 75400000	198.333333333333	269.833333333333	245.666666666667	277.833333333333	299.444444444444	233.111111111111	AtoA
chr7	75800000	78800000	0.03184916644	0.02837764519	chr7 75800000 78800000	193.666666666667	262.233333333333	243.6	256.733333333333	285.066666666667	222.266666666667	AtoA
chr7	82900000	83500000	0.004340460037	0.009552891388	chr7 82900000 83500000	220.5	356.166666666667	306.5	406.333333333333	346.5	286.5	AtoA
chr7	84500000	89500000	0.03602355402	0.03812711009	chr7 84500000 89500000	227.26	321.84	294.26	307.68	360.34	297.16	AtoA
chr7	90500000	92600000	0.02377344091	0.02622372999	chr7 90500000 92600000	190.857142857143	262.619047619048	249.380952380952	261.52380952381	286.714285714286	235.571428571429	AtoA
chr7	92800000	95900000	0.03063364545	0.03417133722	chr7 92800000 95900000	202.161290322581	284.193548387097	252.41935483871	274.290322580645	310.677419354839	256.967741935484	AtoA
chr7	96400000	96900000	0.007593244143	0.006407761128	chr7 96400000 96900000	239	420.4	318.6	463.2	221.4	156.6	AtoA
chr7	97100000	97200000	0.005612219104	0.000106676044	chr7 97100000 97200000	263	402	370	395	395	326	AtoA
chr7	102500000	109500000	0.03366842328	0.03650390893	chr7 102500000 109500000	227.428571428571	318.857142857143	288.1	303.942857142857	356.914285714286	292.571428571429	AtoA
chr7	113400000	113500000	0.01236836708	0.00266268756	chr7 113400000 113500000	243	414	343	383	426	363	AtoA
chr7	113600000	114000000	0.01236836708	0.021329895	chr7 113600000 114000000	177.25	251	215.5	261	290.75	233.25	AtoA
chr7	114300000	114700000	0.007525057823	0.0194302283	chr7 114300000 114700000	214	314.75	297.75	327.25	368	309	AtoA
chr7	116500000	118100000	0.02973414609	0.03557673743	chr7 116500000 118100000	178.375	239.4375	214.875	250.8125	261.8125	217.0625	AtoA
chr7	118300000	120800000	0.02065984034	0.02282395303	chr7 118300000 120800000	216.52	310.52	278.32	312.52	324.84	258.68	AtoA
chr7	121000000	122000000	0.01793251048	0.0172368271	chr7 121000000 122000000	204.2	271.5	257.6	285.7	306.9	236.8	AtoA
chr7	122200000	123000000	0.02703600079	0.03046170008	chr7 122200000 123000000	180.75	250.25	225	258.375	274	225.75	AtoA
chr7	123200000	125400000	0.03331712848	0.03864625856	chr7 123200000 125400000	183.409090909091	251.272727272727	226.136363636364	247.181818181818	276.227272727273	216	AtoA
chr7	128800000	129500000	0.01787161223	0.02704927581	chr7 128800000 129500000	203.714285714286	268.142857142857	245.428571428571	265.428571428571	306.285714285714	251.714285714286	AtoA
chr7	131600000	131700000	0.00062083001	0.005230040435	chr7 131600000 131700000	167	251	247	263	274	257	AtoA
chr7	133200000	133600000	0.005056846231	0.01255680676	chr7 133200000 133600000	184	268	242.75	293	306.25	252.25	AtoA
chr7	134300000	134700000	0.004475507482	0.00548534929	chr7 134300000 134700000	195.75	266.25	264.5	296.75	314.5	237.5	AtoA
chr7	134900000	135000000	0.00055930061	0.001890680899	chr7 134900000 135000000	198	318	226	290	221	199	AtoA
chr7	135200000	135400000	0.003421690268	0.008261076849	chr7 135200000 135400000	192.5	281.5	264.5	294	315.5	235.5	AtoA
chr7	135700000	139100000	0.02491101531	0.03094818353	chr7 135700000 139100000	168.911764705882	231.5	202.882352941176	236.676470588235	250.147058823529	199	AtoA
chr7	139600000	140000000	0.003782350804	0.009479982085	chr7 139600000 140000000	209.25	273	247.75	309.75	288	211	AtoA
chr7	140100000	140800000	0.0234411552	0.03400174788	chr7 140100000 140800000	241.571428571429	347	306.571428571429	327.428571428571	401.714285714286	310.571428571429	AtoA
chr7	142200000	142300000	0.000394411966	0.003461747445	chr7 142200000 142300000	289	398	357	391	510	368	AtoA
chr7	142600000	143000000	0.01312341377	0.01677974564	chr7 142600000 143000000	209	306.5	273.75	310.75	349.75	279.5	AtoA
chr7	143100000	143500000	0.01546502914	0.01544442444	chr7 143100000 143500000	173	231.25	213.75	255.25	287.5	232.25	AtoA
chr8	3000000	3200000	0.01305074489	0.007304732102	chr8 3000000 3200000	280	406.5	376	367	517	397	AtoA
chr8	3300000	3400000	0.01305074489	0.00038111094	chr8 3300000 3400000	285	392	394	435	443	349	AtoA
chr8	3700000	4200000	0.0275604907	0.02989598958	chr8 3700000 4200000	281.6	408.2	358	386	462.6	384.4	AtoA
chr8	4300000	10600000	0.03372285252	0.03190121141	chr8 4300000 10600000	217.68253968254	289.571428571429	266.809523809524	271.714285714286	335.142857142857	265.809523809524	AtoA
chr8	11000000	11200000	0.007109464959	0.00703328873	chr8 11000000 11200000	200.5	274	285	328.5	366	256	AtoA
chr8	11900000	12600000	0.01083452815	0.01421011637	chr8 11900000 12600000	180.428571428571	231	216.857142857143	245.571428571429	295.428571428571	227.142857142857	AtoA
chr8	14100000	14900000	0.0168802088	0.0188238897	chr8 14100000 14900000	197.375	268.125	241.875	255.75	303	246.625	AtoA
chr8	15100000	18600000	0.03789153676	0.0381458647	chr8 15100000 18600000	187.914285714286	252.171428571429	228.285714285714	223.457142857143	286.285714285714	219.742857142857	AtoA
chr8	18800000	19800000	0.03789153676	0.03476667847	chr8 18800000 19800000	294.9	499.2	412.3	464.9	526.1	417.1	AtoA
chr8	19900000	22100000	0.03192046233	0.03095555908	chr8 19900000 22100000	307.318181818182	525.272727272727	457.681818181818	492.363636363636	620.909090909091	484	AtoA
chr8	23300000	24900000	0.02419274735	0.02610201707	chr8 23300000 24900000	222.125	291.125	273.4375	290.625	328.3125	256.25	AtoA
chr8	26200000	26600000	0.002564373173	0.001066882011	chr8 26200000 26600000	220	299.5	275.25	316.25	342	274.25	AtoA
chr8	27200000	31100000	0.03935424563	0.03830871722	chr8 27200000 31100000	207.153846153846	279.307692307692	260	263.717948717949	325.589743589744	255.897435897436	AtoA
chr8	32000000	33200000	0.01799251352	0.01366022628	chr8 32000000 33200000	220	295.333333333333	290.25	295.583333333333	358.583333333333	269.666666666667	AtoA
chr8	33800000	34100000	0.003625380682	0.004986498028	chr8 33800000 34100000	219.666666666667	287.666666666667	271.333333333333	337.333333333333	332	241.333333333333	AtoA
chr8	34200000	34800000	0.02526240852	0.02634069684	chr8 34200000 34800000	219.666666666667	280.5	267	296.5	315.666666666667	253.833333333333	AtoA
chr8	36700000	36900000	0.001671342336	0.001176601494	chr8 36700000 36900000	347	533	427.5	570.5	333	295.5	AtoA
chr8	37000000	40500000	0.03144310853	0.03611584353	chr8 37000000 40500000	213.714285714286	296.257142857143	267.771428571429	284.428571428571	335.057142857143	271.971428571429	AtoA
chr8	40600000	40900000	0.03144310853	0.006496046376	chr8 40600000 40900000	295	426.333333333333	369.333333333333	433.333333333333	466.333333333333	410.666666666667	AtoA
chr8	41400000	44900000	0.02356706037	0.02182135092	chr8 41400000 44900000	227.628571428571	336.171428571429	293.942857142857	322.057142857143	356.542857142857	293.142857142857	AtoA
chr8	45000000	45300000	0.02356706037	0.01630118847	chr8 45000000 45300000	230.333333333333	299	286.333333333333	314.333333333333	361.333333333333	282.333333333333	AtoA
chr8	47000000	47500000	0.008632764987	0.01712685955	chr8 47000000 47500000	216.6	305.4	287.8	341.2	358.8	294	AtoA
chr8	47600000	47700000	0.008632764987	0.000597669692	chr8 47600000 47700000	237	385	335	415	391	334	AtoA
chr8	48000000	55200000	0.03685860599	0.03702902544	chr8 48000000 55200000	204.430555555556	274.291666666667	249.263888888889	254.888888888889	313.263888888889	253.527777777778	AtoA
chr8	55300000	61500000	0.03485837733	0.03545855797	chr8 55300000 61500000	224.870967741935	324.758064516129	287.677419354839	308.403225806452	354.58064516129	289.951612903226	AtoA
chr8	61700000	69100000	0.03154023698	0.02991948048	chr8 61700000 69100000	229.256756756757	331.297297297297	298.486486486487	317.256756756757	350.310810810811	284.797297297297	AtoA
chr8	69200000	69600000	0.03154023698	0.006565036552	chr8 69200000 69600000	346.25	543.5	446.5	505.25	672.75	554	AtoA
chr8	71000000	71200000	0.006077424695	0.007494821124	chr8 71000000 71200000	395	615	495	595	774.5	589.5	AtoA
chr8	71700000	72100000	0.009520710571	0.0122909425	chr8 71700000 72100000	339.25	551.5	479	573.75	654.75	518.25	AtoA
chr8	72600000	77400000	0.02674074014	0.02727991474	chr8 72600000 77400000	240.375	357.979166666667	310.4375	348.75	375.479166666667	298.3125	AtoA
chr8	77600000	77700000	0.002094991203	0.01281713968	chr8 77600000 77700000	302	495	373	517	388	354	AtoA
chr8	77800000	79000000	0.008741717772	0.014824315	chr8 77800000 79000000	254.25	376.5	329	391	365.25	311.25	AtoA
chr8	79700000	80700000	0.02824855986	0.03477051543	chr8 79700000 80700000	220.6	313.6	285.2	316.3	353.9	287.4	AtoA
chr8	80900000	83500000	0.0285997185	0.02861730013	chr8 80900000 83500000	234.192307692308	318.423076923077	298.192307692308	315.615384615385	354.076923076923	280.884615384615	AtoA
chr8	86100000	86400000	0.005084658055	0.001622402092	chr8 86100000 86400000	248	333.666666666667	322.666666666667	360	403	328	AtoA
chr8	88700000	90800000	0.03848801524	0.0398624943	chr8 88700000 90800000	187.238095238095	239.47619047619	214.857142857143	220.095238095238	278.666666666667	217.238095238095	AtoA
chr8	93100000	93500000	0.007389750212	0.01786251742	chr8 93100000 93500000	246.25	344.25	322.25	332.75	402.25	334.25	AtoA
chr8	95900000	102600000	0.03597366196	0.03960167602	chr8 95900000 102600000	203.44776119403	284.522388059701	256.686567164179	257.179104477612	317.417910447761	258.402985074627	AtoA
chr8	104600000	105100000	0.01376740903	0.01283245761	chr8 104600000 105100000	259.2	416	354.4	393.6	470.4	370.4	AtoA
chr8	110300000	110400000	0.00061489451	0.004953909284	chr8 110300000 110400000	201	276	245	260	338	278	AtoA
chr8	112000000	114500000	0.03034699233	0.03252735366	chr8 112000000 114500000	217.92	323.88	271.04	320.28	332.52	264.68	AtoA
chr8	115000000	115300000	0.001204562107	0.004787939677	chr8 115000000 115300000	248.333333333333	394.666666666667	332.333333333333	434	348.333333333333	287.333333333333	AtoA
chr8	115500000	115600000	0.001726845945	0.004536376675	chr8 115500000 115600000	244	377	349	442	337	261	AtoA
chr8	115900000	116900000	0.004822239205	0.01191789753	chr8 115900000 116900000	254.4	371.1	337.8	430.5	370.6	302.6	AtoA
chr8	117500000	119300000	0.03475434873	0.03905059911	chr8 117500000 119300000	194.277777777778	264.277777777778	226.277777777778	256.222222222222	297.333333333333	232.611111111111	AtoA
chr8	125800000	126400000	0.007698450273	0.009386218451	chr8 125800000 126400000	216.666666666667	294.333333333333	269.666666666667	296.666666666667	348.333333333333	276.666666666667	AtoA
chr8	127600000	128200000	0.002744344255	0.004170670779	chr8 127600000 128200000	236.833333333333	351.333333333333	337.333333333333	419.666666666667	379	310.5	AtoA
chr8	128500000	129300000	0.01866423205	0.02274324217	chr8 128500000 129300000	301.375	471.625	390.25	461.125	503.75	408.5	AtoA
chr9	0	3000000	0.000346249132	0.00033833917	chr9 0 3000000	0	0	0	0	0	0	AtoA
chr9	13800000	13900000	0.001159777768	0.003351700566	chr9 13800000 13900000	257	411	349	421	347	267	AtoA
chr9	14000000	14300000	0.003122489873	0.005992020531	chr9 14000000 14300000	293	509	433.333333333333	592	354	269.666666666667	AtoA
chr9	20600000	22500000	0.02084462486	0.01934119374	chr9 20600000 22500000	289.947368421053	469.421052631579	357.631578947368	481.631578947368	406.368421052632	336.421052631579	AtoA
chr9	35300000	35500000	0.001456394362	0.001764948241	chr9 35300000 35500000	5890	4085.5	6002.5	4075.5	9402	7086	AtoA
chr9	40600000	42400000	0.009273273898	0.009758178257	chr9 40600000 42400000	290.666666666667	475.777777777778	385.388888888889	510.444444444444	342.333333333333	279.055555555556	AtoA
chr9	42900000	45100000	0.01241939951	0.01232398735	chr9 42900000 45100000	229.863636363636	361.045454545455	312.409090909091	389.363636363636	346.454545454545	276.227272727273	AtoA
chr9	45700000	46300000	0.01148721208	0.009718279474	chr9 45700000 46300000	277.166666666667	473.333333333333	360.666666666667	507.833333333333	346.833333333333	267.666666666667	AtoA
chr9	49700000	49800000	0.002832481406	0.004140824889	chr9 49700000 49800000	275	349	366	408	278	238	AtoA
chr9	49900000	50000000	0.000331045301	0.000964190864	chr9 49900000 50000000	239	367	377	486	338	227	AtoA
chr9	50500000	51100000	0.008721401233	0.01188445988	chr9 50500000 51100000	252.666666666667	433.833333333333	328.166666666667	429.333333333333	364.333333333333	297.666666666667	AtoA
chr9	53500000	53600000	0.002321295975	0.008236841974	chr9 53500000 53600000	256	395	265	338	309	277	AtoA
chr9	54700000	68000000	0.01256683767	0.01212325646	chr9 54700000 68000000	251.789473684211	409.887218045113	354.18045112782	458.413533834586	353.518796992481	282.90977443609	AtoA
chr9	69300000	69500000	0.002777579828	0.00425937379	chr9 69300000 69500000	262.5	516.5	387	511.5	301.5	267	AtoA
chr9	70000000	73100000	0.01317782826	0.01264877319	chr9 70000000 73100000	264.483870967742	445.354838709677	370.258064516129	497.935483870968	358.935483870968	289.516129032258	AtoA
chr9	85600000	85700000	0.004081520173	0.004376103038	chr9 85600000 85700000	268	478	363	454	318	296	AtoA
chr9	86500000	86800000	0.005543473308	0.01044702909	chr9 86500000 86800000	260.333333333333	504.666666666667	365	476.666666666667	296.666666666667	238	AtoA
chr9	87200000	88600000	0.008506338118	0.008639744727	chr9 87200000 88600000	269.428571428571	450.285714285714	378.785714285714	463.285714285714	375.785714285714	304.285714285714	AtoA
chr9	95800000	96900000	0.01557315758	0.01381315442	chr9 95800000 96900000	262.727272727273	447.818181818182	345.636363636364	455.181818181818	343.272727272727	286.545454545455	AtoA
chr9	99000000	99100000	0.001904969703	0.002129386596	chr9 99000000 99100000	266	394	311	370	297	270	AtoA
chr9	99300000	99600000	0.006557003188	0.00725234816	chr9 99300000 99600000	250.666666666667	419.333333333333	345.666666666667	453.666666666667	321.666666666667	257.333333333333	AtoA
chr9	100600000	100900000	0.004262801683	0.001455114463	chr9 100600000 100900000	246.333333333333	396	326.666666666667	425.333333333333	302	273.333333333333	AtoA
chr9	101000000	101100000	0.004262801683	0.000655236843	chr9 101000000 101100000	278	444	317	456	420	369	AtoA
chr9	102600000	103400000	0.01034402929	0.008966958822	chr9 102600000 103400000	286.75	477.5	409.875	529.625	354.125	277.25	AtoA
chr9	104000000	104200000	0.004519392804	0.004446771156	chr9 104000000 104200000	268	467.5	331.5	433.5	300.5	231.5	AtoA
chr9	106100000	107000000	0.01343112987	0.01129260071	chr9 106100000 107000000	247	395.444444444444	333	433.555555555556	381.333333333333	303.888888888889	AtoA
chr9	107200000	109100000	0.01930728016	0.0175145314	chr9 107200000 109100000	252.631578947368	411.210526315789	327.052631578947	427.578947368421	376	304.842105263158	AtoA
chr9	109900000	111300000	0.01818128351	0.01344598178	chr9 109900000 111300000	281.071428571429	463.857142857143	358.285714285714	481.642857142857	347.857142857143	282.285714285714	AtoA
chr9	113700000	114000000	0.006372064546	0.004800957344	chr9 113700000 114000000	263.333333333333	440.333333333333	314.666666666667	456	355.333333333333	274.666666666667	AtoA
chr9	114400000	114800000	0.008624439749	0.007969887352	chr9 114400000 114800000	276.75	424.5	354.5	420.5	380	308.5	AtoA
chr9	116100000	116400000	0.003933513675	0.002667921227	chr9 116100000 116400000	322.666666666667	594	426	592.333333333333	335.333333333333	270.333333333333	AtoA
chr9	118500000	118600000	0.0128131512	0.005580458615	chr9 118500000 118600000	224	300	252	313	274	201	AtoA
chr9	118800000	119600000	0.0128131512	0.00971323867	chr9 118800000 119600000	236.375	363	326	430.75	327.25	248.875	AtoA
chr9	119800000	122500000	0.0128131512	0.01335565706	chr9 119800000 122500000	244.444444444444	373.518518518519	325.851851851852	419.259259259259	351.925925925926	278.037037037037	AtoA
chr9	122700000	123900000	0.008611739009	0.009353665385	chr9 122700000 123900000	240.333333333333	371.916666666667	300.583333333333	381.166666666667	345.083333333333	286.083333333333	AtoA
chr1	152600000	152700000	-0.001790454291	0.005774204676	chr1 152600000 152700000	273	400	400	514	424	302	BtoA
chr1	158900000	159000000	-0.000314082902	0.005314686215	chr1 158900000 159000000	349	696	475	678	387	278	BtoA
chr1	164200000	165200000	-0.004486466375	0.006694377206	chr1 164200000 165200000	246.4	392.9	344.6	416.5	357.9	297.5	BtoA
chr1	182100000	182200000	-0.001791152665	0.005624677011	chr1 182100000 182200000	284	432	391	502	469	392	BtoA
chr1	182700000	182800000	-0.000392002494	0.003238262871	chr1 182700000 182800000	216	307	259	348	307	273	BtoA
chr10	3100000	4000000	-0.01889867071	0.01231185222	chr10 3100000 4000000	326.333333333333	480	449.888888888889	530.888888888889	518.444444444444	407	BtoA
chr10	5300000	5800000	-0.006832180434	0.009703579964	chr10 5300000 5800000	258.2	367.2	326.4	390.4	419	329	BtoA
chr10	5900000	6900000	-0.006635153085	0.01377687649	chr10 5900000 6900000	263.4	393.9	355.9	388.5	430.5	336.3	BtoA
chr10	8900000	12600000	-0.01997530961	0.01762360051	chr10 8900000 12600000	237.135135135135	357	314.513513513513	361	362.054054054054	298.189189189189	BtoA
chr10	13300000	13400000	-0.000863254604	0.004022473571	chr10 13300000 13400000	258	465	377	532	398	351	BtoA
chr10	13600000	13900000	-0.004199556078	0.01282683216	chr10 13600000 13900000	244.333333333333	368.666666666667	324.666666666667	396.333333333333	368.333333333333	303	BtoA
chr10	14100000	14300000	-0.003223212167	0.01142271602	chr10 14100000 14300000	217	343.5	288	338	338.5	276.5	BtoA
chr10	14800000	15100000	-0.001241207048	0.01341948677	chr10 14800000 15100000	272	371	309.666666666667	357.666666666667	400.666666666667	370	BtoA
chr10	18600000	18900000	-0.01156996702	0.01105236708	chr10 18600000 18900000	219.666666666667	304	265	334.333333333333	345.666666666667	278	BtoA
chr10	19100000	21400000	-0.01786154506	0.01440927925	chr10 19100000 21400000	235.565217391304	329.913043478261	292.304347826087	344.521739130435	352.304347826087	286.130434782609	BtoA
chr10	22000000	23100000	-0.01765190426	0.01573283537	chr10 22000000 23100000	295.818181818182	422.818181818182	393.181818181818	446.363636363636	534.636363636364	420	BtoA
chr10	23800000	24200000	-0.01338952681	0.01093634632	chr10 23800000 24200000	258.75	387.25	359.5	404.5	453.25	359.5	BtoA
chr10	25800000	26200000	-0.02076166441	0.003744036958	chr10 25800000 26200000	250.25	358.75	318.75	336	394.5	322.25	BtoA
chr10	26400000	26500000	-0.02076166441	0.002007246496	chr10 26400000 26500000	257	406	336	416	404	361	BtoA
chr10	26900000	34000000	-0.02076166441	0.02276715005	chr10 26900000 34000000	248.647887323944	372.267605633803	323.450704225352	361.338028169014	387.619718309859	319.112676056338	BtoA
chr10	34300000	36900000	-0.02733896354	0.02825345089	chr10 34300000 36900000	237.615384615385	355.384615384615	305.269230769231	326.346153846154	379.538461538462	314.192307692308	BtoA
chr10	43600000	43900000	-0.01245369979	0.01080870223	chr10 43600000 43900000	241.333333333333	313.666666666667	296.666666666667	357	404.333333333333	314.333333333333	BtoA
chr10	44200000	57900000	-0.03589402889	0.03591932443	chr10 44200000 57900000	235.36496350365	344.85401459854	302.102189781022	326.751824817518	373.335766423358	305.824817518248	BtoA
chr10	58200000	58300000	-0.01902313784	0.02117206806	chr10 58200000 58300000	373	580	514	523	657	553	BtoA
chr10	61800000	62100000	-0.002520374425	0.005588981242	chr10 61800000 62100000	210.333333333333	319	269.666666666667	369	327	265	BtoA
chr10	63400000	66900000	-0.0398878031	0.04293350111	chr10 63400000 66900000	229.714285714286	321.6	292.971428571429	306.2	350.028571428571	280.771428571429	BtoA
chr10	71300000	75100000	-0.04673315072	0.04618442207	chr10 71300000 75100000	220.368421052632	308.894736842105	274.684210526316	298.789473684211	340.736842105263	276	BtoA
chr10	78500000	79600000	-0.02238584337	0.02171728313	chr10 78500000 79600000	315.818181818182	472.818181818182	426.090909090909	460.363636363636	535.909090909091	434	BtoA
chr10	81900000	82700000	-0.01578423897	0.01487732682	chr10 81900000 82700000	293.875	489.25	405.375	460.625	631.25	565	BtoA
chr10	85200000	86000000	-0.01854709394	0.01585004743	chr10 85200000 86000000	253	369.125	339.375	385.75	417.375	336.625	BtoA
chr10	86400000	87700000	-0.03246716326	0.02158407121	chr10 86400000 87700000	268.230769230769	393.076923076923	352.538461538462	407.615384615385	407.923076923077	327.076923076923	BtoA
chr10	87900000	88100000	-0.03246716326	0.003263483695	chr10 87900000 88100000	314.5	480	409.5	500	432.5	332	BtoA
chr10	88400000	93200000	-0.03246716326	0.03882423892	chr10 88400000 93200000	228.770833333333	334.666666666667	297.166666666667	338.958333333333	354.020833333333	282.9375	BtoA
chr10	97700000	99200000	-0.02138092314	0.02235506226	chr10 97700000 99200000	242.266666666667	383.666666666667	320.866666666667	394.666666666667	368.533333333333	309.466666666667	BtoA
chr10	99400000	99500000	-0.03470197287	0.000829045355	chr10 99400000 99500000	293	495	455	566	365	305	BtoA
chr10	99600000	111500000	-0.03470197287	0.03567888378	chr10 99600000 111500000	238.016806722689	364.352941176471	303.025210084034	356.302521008403	356.084033613445	299.36974789916	BtoA
chr10	111700000	115300000	-0.03470197287	0.03366193963	chr10 111700000 115300000	230.861111111111	335.388888888889	302.111111111111	327.25	355.388888888889	295.555555555556	BtoA
chr10	115500000	116300000	-0.01239972123	0.01589091437	chr10 115500000 116300000	259.75	417.375	365.75	446	393.625	325	BtoA
chr10	117400000	117700000	-0.01413955221	0.01514290894	chr10 117400000 117700000	244	352	337.333333333333	400	422.666666666667	318.333333333333	BtoA
chr10	117800000	120200000	-0.039194746	0.036829861	chr10 117800000 120200000	240.125	341.041666666667	304.083333333333	349.125	357.458333333333	290.916666666667	BtoA
chr10	121000000	121200000	-0.001430301775	0.003814255368	chr10 121000000 121200000	273	437.5	406	528	494	394	BtoA
chr10	121600000	122900000	-0.03066017493	0.03687848467	chr10 121600000 122900000	241.769230769231	343.384615384615	307.923076923077	362.615384615385	367.615384615385	304.461538461538	BtoA
chr10	123000000	126900000	-0.03066017493	0.03066887777	chr10 123000000 126900000	235.820512820513	331.820512820513	293.74358974359	323.717948717949	345.153846153846	287.538461538462	BtoA
chr10	129000000	130600000	-0.04854092943	0.04956446731	chr10 129000000 130600000	272.25	387.875	343.125	367.875	450.3125	365.0625	BtoA
chr11	68000000	68100000	-0.000520027923	0.002552293678	chr11 68000000 68100000	287	476	513	685	348	266	BtoA
chr12	0	3000000	-0.000467722575	0.000442795162	chr12 0 3000000	0	0	0	0	0	0	BtoA
chr12	3200000	5000000	-0.01250901556	0.01348240399	chr12 3200000 5000000	272.5	427.055555555556	338.777777777778	438.666666666667	353.055555555556	284	BtoA
chr12	8300000	10600000	-0.01309065044	0.0121843153	chr12 8300000 10600000	274.217391304348	475.869565217391	391.086956521739	504.130434782609	351.913043478261	282.826086956522	BtoA
chr12	15600000	17600000	-0.00777197014	0.01034584463	chr12 15600000 17600000	278.3	445.5	382	475.75	333.2	258.35	BtoA
chr12	17700000	17800000	-0.004984503944	0.004608120488	chr12 17700000 17800000	265	412	424	506	330	217	BtoA
chr12	21300000	21400000	-0.002218879435	0.01269081819	chr12 21300000 21400000	256	374	272	366	334	262	BtoA
chr12	28600000	28700000	-0.005935093902	0.004241465075	chr12 28600000 28700000	260	391	292	367	344	331	BtoA
chr12	31200000	32100000	-0.007850396736	0.007380844268	chr12 31200000 32100000	242.555555555556	402.222222222222	327.333333333333	417.111111111111	337.666666666667	273.888888888889	BtoA
chr12	32900000	33400000	-0.003475164318	0.006739450018	chr12 32900000 33400000	263	423	392.2	529.4	333.2	259.8	BtoA
chr12	35200000	35800000	-0.006452097075	0.008549341684	chr12 35200000 35800000	313	595	424.666666666667	582.5	347.833333333333	290	BtoA
chr12	40400000	40600000	-0.00180982768	0.003055377111	chr12 40400000 40600000	239	395	386.5	535	301	252.5	BtoA
chr12	51400000	54100000	-0.01139996804	0.01188638927	chr12 51400000 54100000	244.888888888889	385.333333333333	329.62962962963	402.777777777778	306.222222222222	257.074074074074	BtoA
chr12	54500000	55900000	-0.01837882005	0.01617933365	chr12 54500000 55900000	274.642857142857	465.285714285714	356.5	451.857142857143	415.857142857143	365.785714285714	BtoA
chr12	59000000	59200000	-0.004940475533	0.005894241483	chr12 59000000 59200000	262.5	436	336	410	415.5	367	BtoA
chr12	65000000	65100000	-0.008684200626	0.01280494335	chr12 65000000 65100000	237	365	253	335	370	346	BtoA
chr12	69100000	71400000	-0.01923287023	0.01823684249	chr12 69100000 71400000	271.95652173913	454.521739130435	356.565217391304	469.826086956522	368.782608695652	317.391304347826	BtoA
chr12	71700000	72100000	-0.01923287023	0.007145774889	chr12 71700000 72100000	218.25	338.25	334	437.5	339.5	284.25	BtoA
chr12	72500000	74000000	-0.01044918774	0.01169578855	chr12 72500000 74000000	260.666666666667	418.266666666667	356.133333333333	474.4	373.866666666667	306.8	BtoA
chr12	75300000	75400000	-0.000456001074	0.01383943633	chr12 75300000 75400000	238	351	299	412	322	260	BtoA
chr12	75500000	77000000	-0.0141642392	0.01562267213	chr12 75500000 77000000	256.733333333333	409.333333333333	336.733333333333	431.6	352.533333333333	291.866666666667	BtoA
chr12	78900000	82500000	-0.01455747709	0.01462610577	chr12 78900000 82500000	273.611111111111	467.666666666667	388.472222222222	515.25	355.722222222222	283.805555555556	BtoA
chr12	83500000	84600000	-0.01820928208	0.01829606184	chr12 83500000 84600000	252.727272727273	397.818181818182	330.909090909091	407.636363636364	370.272727272727	315.181818181818	BtoA
chr12	84700000	87500000	-0.01820928208	0.01655848091	chr12 84700000 87500000	240.357142857143	387.821428571429	341.571428571429	444.392857142857	346.821428571429	279.142857142857	BtoA
chr12	91700000	91800000	-0.00609341093	0.001536560395	chr12 91700000 91800000	277	478	393	519	355	229	BtoA
chr12	98600000	98800000	-0.008913143397	0.009371895774	chr12 98600000 98800000	228	376.5	273.5	403.5	334	259	BtoA
chr12	98900000	99000000	-0.006493631844	0.001868292636	chr12 98900000 99000000	204	323	279	295	316	245	BtoA
chr12	99100000	100000000	-0.006493631844	0.00733782678	chr12 99100000 100000000	226.555555555556	368.333333333333	307.555555555556	410.444444444444	305.333333333333	247.333333333333	BtoA
chr12	100100000	100900000	-0.01632686306	0.01425678546	chr12 100100000 100900000	269.125	466.75	370	516.5	316.625	249	BtoA
chr12	101900000	102000000	-0.001200520532	0.003403201784	chr12 101900000 102000000	264	401	323	371	365	339	BtoA
chr12	102400000	102500000	-0.004478617194	0.01196298503	chr12 102400000 102500000	256	415	349	481	441	349	BtoA
chr12	102600000	102800000	-0.004478617194	0.003989426542	chr12 102600000 102800000	232	306.5	282.5	336.5	300.5	235.5	BtoA
chr12	104400000	105100000	-0.006280077137	0.005955322856	chr12 104400000 105100000	248.571428571429	403.714285714286	336.857142857143	471.142857142857	312.142857142857	255	BtoA
chr12	105500000	106100000	-0.01193284975	0.007622934965	chr12 105500000 106100000	233.833333333333	341	302.666666666667	379.166666666667	327.5	247.166666666667	BtoA
chr12	107800000	107900000	-0.01617030822	0.000943983149	chr12 107800000 107900000	237	326	307	416	346	227	BtoA
chr12	108100000	112300000	-0.01617030822	0.01471062363	chr12 108100000 112300000	247.690476190476	372.785714285714	334	418.785714285714	337.928571428571	270.619047619048	BtoA
chr12	112400000	113200000	-0.01617030822	0.02107481356	chr12 112400000 113200000	249.125	391.625	328.625	436.75	340.875	261	BtoA
chr12	116200000	116500000	-0.005036587888	0.006494481805	chr12 116200000 116500000	267.666666666667	436	330	428	337.666666666667	268.333333333333	BtoA
chr12	118600000	118700000	-0.002348159259	0.002067375594	chr12 118600000 118700000	276	430	363	407	328	283	BtoA
chr13	15500000	15600000	-0.000395248626	0.000512428462	chr13 15500000 15600000	281	520	422	679	274	208	BtoA
chr13	50200000	50300000	-0.001050760918	0.001734609394	chr13 50200000 50300000	288	501	429	469	524	384	BtoA
chr13	56300000	56400000	-0.003699147977	0.001836698145	chr13 56300000 56400000	272	443	407	552	302	215	BtoA
chr13	120300000	120400000	-0.000453717675	0.000534121116	chr13 120300000 120400000	73	114	104	136	103	84	BtoA
chr14	3000000	3300000	-0.03593250371	0.04812333558	chr14 3000000 3300000	308.333333333333	435.333333333333	399	389	513.333333333333	423.666666666667	BtoA
chr14	3400000	3600000	-0.01274078153	0.005916545517	chr14 3400000 3600000	307	428.5	391	357	506	384	BtoA
chr14	3800000	4600000	-0.02893920622	0.03997173078	chr14 3800000 4600000	299.5	404	380.875	363.75	486.75	379.375	BtoA
chr14	4700000	5500000	-0.02275467379	0.02558035295	chr14 4700000 5500000	287	411.25	364.625	345.5	468.375	360.5	BtoA
chr14	5800000	7100000	-0.02586119145	0.03120274481	chr14 5800000 7100000	273.461538461538	381.769230769231	329.846153846154	329	441.615384615385	339.230769230769	BtoA
chr14	7200000	7800000	-0.02064889608	0.02115236493	chr14 7200000 7800000	277.5	394	362.333333333333	348.833333333333	465.166666666667	357	BtoA
chr14	8300000	9300000	-0.01691543739	0.01221337008	chr14 8300000 9300000	218	319.3	287.8	315.8	344.2	269.5	BtoA
chr14	9800000	11500000	-0.01691543739	0.01766165147	chr14 9800000 11500000	190	280.823529411765	239.764705882353	262.647058823529	306.235294117647	249.529411764706	BtoA
chr14	12100000	12200000	-0.02119620944	0.002822312351	chr14 12100000 12200000	210	319	249	270	208	183	BtoA
chr14	12300000	14000000	-0.02119620944	0.02985955328	chr14 12300000 14000000	204.470588235294	278.058823529412	254.941176470588	271	309.588235294118	248.529411764706	BtoA
chr14	14100000	14600000	-0.02119620944	0.01652910271	chr14 14100000 14600000	280.6	435.2	363.4	418	462.4	373.8	BtoA
chr14	14800000	16200000	-0.01994060732	0.02566480088	chr14 14800000 16200000	212.571428571429	297.857142857143	272.571428571429	276.142857142857	343.428571428571	273.571428571429	BtoA
chr14	16600000	16700000	-0.005965793363	0.002737525034	chr14 16600000 16700000	273	401	385	411	429	337	BtoA
chr14	17000000	18200000	-0.005965793363	0.006895925747	chr14 17000000 18200000	256.75	393.25	364.583333333333	419.5	388.333333333333	309.166666666667	BtoA
chr14	18300000	18500000	-0.00272557913	0.002965028503	chr14 18300000 18500000	230	359.5	315	374	388.5	283	BtoA
chr14	18600000	18700000	-0.00272557913	0.001775012501	chr14 18600000 18700000	268	511	385	502	352	310	BtoA
chr14	18900000	19700000	-0.00893402116	0.01880409946	chr14 18900000 19700000	14964.375	9568.75	14451.5	9518.5	22995	18220.375	BtoA
chr14	19800000	19900000	-0.001499686786	0.01206823073	chr14 19800000 19900000	245	373	312	366	370	342	BtoA
chr14	22100000	22300000	-0.004057725383	0.009739509063	chr14 22100000 22300000	150.5	206.5	179.5	221	247	198.5	BtoA
chr14	22400000	22500000	-0.003596569969	0.003102998166	chr14 22400000 22500000	162	245	206	257	248	196	BtoA
chr14	23600000	24000000	-0.006664173169	0.008342378652	chr14 23600000 24000000	160	290.25	196.75	289.25	224.25	194.75	BtoA
chr14	27500000	30000000	-0.02710614603	0.02768183612	chr14 27500000 30000000	169.88	225.44	206.48	228.4	252.76	208.48	BtoA
chr14	30200000	30400000	-0.003817970754	0.01589691671	chr14 30200000 30400000	173	261	250	293.5	296	260	BtoA
chr14	32700000	33200000	-0.002685518397	0.008947580872	chr14 32700000 33200000	197.4	342.6	254	406.2	280.2	243	BtoA
chr14	33500000	33800000	-0.007135125236	0.009931142376	chr14 33500000 33800000	232.333333333333	346	313.666666666667	404.333333333333	337.333333333333	256.666666666667	BtoA
chr14	33900000	34000000	-0.001256437384	0.006943006831	chr14 33900000 34000000	203	356	287	406	305	209	BtoA
chr14	34700000	45000000	-0.03421302945	0.03304078064	chr14 34700000 45000000	223.339805825243	320.106796116505	284.873786407767	287.873786407767	364.097087378641	286.961165048544	BtoA
chr14	48400000	49000000	-0.01639282095	0.01711714487	chr14 48400000 49000000	204	254.833333333333	236	258.5	288	227.666666666667	BtoA
chr14	49100000	50800000	-0.04371977979	0.04197678519	chr14 49100000 50800000	212.588235294118	304.235294117647	276.294117647059	284.647058823529	340.823529411765	273.176470588235	BtoA
chr14	51000000	51900000	-0.02656639068	0.02664459285	chr14 51000000 51900000	253.444444444444	372.444444444444	340.777777777778	346.777777777778	437.333333333333	340.555555555556	BtoA
chr14	52300000	54200000	-0.03634203955	0.03824260146	chr14 52300000 54200000	241.578947368421	332.894736842105	309.894736842105	313.526315789474	381.421052631579	309.263157894737	BtoA
chr14	55100000	55500000	-0.008249898495	0.0116710368	chr14 55100000 55500000	215	305.75	286	345.5	372.75	282	BtoA
chr14	55900000	56600000	-0.01978694461	0.02055498951	chr14 55900000 56600000	237	319	291.428571428571	322.857142857143	372.571428571429	292.857142857143	BtoA
chr14	57000000	57300000	-0.008052921813	0.009429115763	chr14 57000000 57300000	190.333333333333	271	255.333333333333	276.333333333333	314.333333333333	239.333333333333	BtoA
chr14	58000000	60200000	-0.0149513298	0.02025382821	chr14 58000000 60200000	218.954545454545	319.227272727273	290.5	344.136363636364	323.818181818182	259.363636363636	BtoA
chr14	60300000	60500000	-0.003163152235	0.01566137524	chr14 60300000 60500000	217	286.5	268	315.5	340	269.5	BtoA
chr14	62000000	62200000	-0.002230573553	0.003966037115	chr14 62000000 62200000	195	280	249.5	319.5	336.5	270.5	BtoA
chr14	63200000	64600000	-0.01063198749	0.009592297974	chr14 63200000 64600000	173.928571428571	234.857142857143	215.928571428571	245.5	267.214285714286	212.714285714286	BtoA
chr14	66400000	66800000	-0.01436483308	0.0164294946	chr14 66400000 66800000	176.75	248.5	234.5	300	302.75	258	BtoA
chr14	67200000	67700000	-0.01400981848	0.01200979357	chr14 67200000 67700000	159.6	229.6	216.8	254	259.6	210.6	BtoA
chr14	67900000	69300000	-0.03284077189	0.03297700905	chr14 67900000 69300000	200.785714285714	284.857142857143	250.785714285714	302.357142857143	297.642857142857	242.571428571429	BtoA
chr14	71400000	72500000	-0.01026153296	0.02320238636	chr14 71400000 72500000	196	277.363636363636	229.636363636364	271.545454545455	294.636363636364	230.727272727273	BtoA
chr14	72900000	73100000	-0.004102130223	0.003820459923	chr14 72900000 73100000	242	332	316.5	363	363.5	315	BtoA
chr14	73600000	74700000	-0.02573956845	0.02259106655	chr14 73600000 74700000	199.818181818182	277.545454545455	250.363636363636	267.545454545455	306.727272727273	245.090909090909	BtoA
chr14	75000000	75200000	-0.005326129131	0.005728557715	chr14 75000000 75200000	212	308	293.5	333.5	309	232.5	BtoA
chr14	75400000	75500000	-0.001855335225	0.008895983073	chr14 75400000 75500000	196	289	295	315	359	276	BtoA
chr14	78000000	78200000	-0.00689522433	0.01886886173	chr14 78000000 78200000	169	238	227	230	284.5	230.5	BtoA
chr14	79600000	87000000	-0.03932589817	0.03900591643	chr14 79600000 87000000	185.662162162162	254.283783783784	227.459459459459	233.932432432432	283.554054054054	230.72972972973	BtoA
chr14	87100000	101500000	-0.03932589817	0.03846126836	chr14 87100000 101500000	181.930555555556	248.291666666667	220.513888888889	225.1875	272.5625	222.354166666667	BtoA
chr14	103500000	105800000	-0.03659430466	0.0265292808	chr14 103500000 105800000	186.782608695652	256.608695652174	229.130434782609	257.913043478261	283.913043478261	226.913043478261	BtoA
chr14	105900000	116900000	-0.03659430466	0.03836217383	chr14 105900000 116900000	188.609090909091	259.909090909091	233.409090909091	235.363636363636	292.581818181818	239.309090909091	BtoA
chr14	117100000	118900000	-0.01175103485	0.01092284911	chr14 117100000 118900000	218.777777777778	328.555555555556	269.222222222222	327.944444444444	275.5	224.444444444444	BtoA
chr14	119000000	120800000	-0.03149165303	0.02911882333	chr14 119000000 120800000	196.722222222222	281.555555555556	248.222222222222	278.055555555556	291.222222222222	234.111111111111	BtoA
chr14	122300000	122400000	-0.001744481831	0.005098406011	chr14 122300000 122400000	247	350	301	394	274	223	BtoA
chr14	122700000	122800000	-0.02275968572	0.002325644533	chr14 122700000 122800000	232	369	339	416	300	258	BtoA
chr14	122900000	124800000	-0.02275968572	0.02970588122	chr14 122900000 124800000	221.894736842105	318.736842105263	290.210526315789	307.052631578947	331.526315789474	272.473684210526	BtoA
chr15	0	3000000	-0.000484227248	0.000441245366	chr15 0 3000000	0	0	0	0	0	0	BtoA
chr15	6700000	7300000	-0.008437019341	0.007076554478	chr15 6700000 7300000	270.333333333333	467	387	498.5	357.5	283.5	BtoA
chr15	7800000	8500000	-0.01056791669	0.009862851847	chr15 7800000 8500000	256.142857142857	409	307.714285714286	394.428571428571	338.285714285714	284.428571428571	BtoA
chr15	8600000	8900000	-0.003821878764	0.003488073929	chr15 8600000 8900000	356	580.333333333333	459.333333333333	596	391.666666666667	342.666666666667	BtoA
chr15	10500000	11500000	-0.005682320818	0.007718204326	chr15 10500000 11500000	298.2	547.8	417.5	568.1	376.1	301.8	BtoA
chr15	11700000	12400000	-0.006372441022	0.007755766972	chr15 11700000 12400000	279.857142857143	423.285714285714	399.285714285714	476.714285714286	365.428571428571	293.285714285714	BtoA
chr15	25800000	25900000	-0.001074747097	0.004418442863	chr15 25800000 25900000	302	484	442	574	356	277	BtoA
chr15	34000000	34500000	-0.006743245932	0.005089124158	chr15 34000000 34500000	308.6	542.8	410.4	558.6	458.2	384.8	BtoA
chr15	36200000	37000000	-0.004077792986	0.004563148498	chr15 36200000 37000000	259	419.5	393.875	474	388.5	311.125	BtoA
chr15	37900000	38600000	-0.00639282658	0.00743139661	chr15 37900000 38600000	294.714285714286	460.571428571429	406.285714285714	504.857142857143	389.142857142857	310.571428571429	BtoA
chr15	39000000	39100000	-0.000645901448	0.001335592723	chr15 39000000 39100000	316	598	396	525	437	358	BtoA
chr15	56900000	57200000	-0.01184845137	0.001877091538	chr15 56900000 57200000	269.666666666667	408.333333333333	341	399	381.333333333333	312	BtoA
chr15	57500000	59800000	-0.01184845137	0.01038857187	chr15 57500000 59800000	280.260869565217	448.130434782609	393.217391304348	506.565217391304	362.782608695652	290.304347826087	BtoA
chr15	61100000	61800000	-0.009278184761	0.006216557065	chr15 61100000 61800000	266.428571428571	423.285714285714	385.571428571429	438.285714285714	354.857142857143	270.285714285714	BtoA
chr15	61900000	64400000	-0.009278184761	0.008827923961	chr15 61900000 64400000	324.32	617.24	438.16	574.72	361.84	283.64	BtoA
chr15	73100000	73700000	-0.008247968519	0.007227878267	chr15 73100000 73700000	260.666666666667	447.833333333333	396.166666666667	520.333333333333	373	273	BtoA
chr15	74600000	74800000	-0.005776270024	0.008729042034	chr15 74600000 74800000	212.5	313.5	342.5	366	301.5	244	BtoA
chr15	74900000	82400000	-0.01296709769	0.01181992728	chr15 74900000 82400000	287.466666666667	463.386666666667	397.546666666667	510.76	429.24	335.906666666667	BtoA
chr15	82800000	82900000	-0.008604708957	0.000983677122	chr15 82800000 82900000	227	408	370	453	351	259	BtoA
chr15	83000000	83700000	-0.008604708957	0.00990027305	chr15 83000000 83700000	290	502	421.428571428571	543.714285714286	419.428571428571	326	BtoA
chr15	88700000	89500000	-0.02005900333	0.01894489257	chr15 88700000 89500000	270.25	456.625	355.375	463.5	411	335.375	BtoA
chr15	96300000	97300000	-0.009593394153	0.01081935775	chr15 96300000 97300000	274.1	471	362.4	481.6	361.3	298.4	BtoA
chr15	97600000	98300000	-0.01248839112	0.01353072883	chr15 97600000 98300000	265	402.571428571429	364.714285714286	461.428571428571	377.857142857143	315.714285714286	BtoA
chr15	98400000	103400000	-0.01577944012	0.01431570184	chr15 98400000 103400000	287.46	467.58	396.28	515.74	404.44	326.46	BtoA
chr16	0	3000000	-0.000568205679	0.000512280405	chr16 0 3000000	0	0	0	0	0	0	BtoA
chr16	3800000	5300000	-0.01721446904	0.01566034714	chr16 3800000 5300000	289.066666666667	489.066666666667	400.333333333333	538	421.733333333333	349.266666666667	BtoA
chr16	10500000	11300000	-0.01008536879	0.01026931675	chr16 10500000 11300000	305.375	519.75	439.125	596.5	413.5	297.25	BtoA
chr16	13100000	14500000	-0.01261262328	0.01259511315	chr16 13100000 14500000	306.285714285714	515.857142857143	412.428571428571	533.642857142857	421.428571428571	328.928571428571	BtoA
chr16	14600000	16200000	-0.01261262328	0.008248997936	chr16 14600000 16200000	310.4375	551.75	427.75	514.6875	473.125	384.375	BtoA
chr16	16900000	18900000	-0.01675106884	0.01657707862	chr16 16900000 18900000	291.45	481.35	410.55	531.35	432.05	343.6	BtoA
chr16	20200000	20800000	-0.009688104065	0.01146902264	chr16 20200000 20800000	300.5	510.166666666667	380.166666666667	495.333333333333	466.166666666667	393.5	BtoA
chr16	21200000	22300000	-0.007650847877	0.009065844364	chr16 21200000 22300000	274.454545454545	446.363636363636	366.181818181818	480.363636363636	393.818181818182	333.181818181818	BtoA
chr16	22400000	22500000	-0.002120054233	0.005593071113	chr16 22400000 22500000	215	285	252	327	321	255	BtoA
chr16	22800000	22900000	-0.006145721849	0.0076073112	chr16 22800000 22900000	242	421	385	438	386	328	BtoA
chr16	23100000	23600000	-0.006111316037	0.008831244773	chr16 23100000 23600000	266.2	454.8	388.8	488.4	409.8	314.2	BtoA
chr16	23900000	26200000	-0.01242386395	0.01371814143	chr16 23900000 26200000	317.695652173913	603.95652173913	459.260869565217	611.695652173913	363.739130434783	287.478260869565	BtoA
chr16	29600000	36100000	-0.01654462222	0.01587621991	chr16 29600000 36100000	292.938461538462	494.907692307692	414.569230769231	553.215384615385	397.784615384615	319.107692307692	BtoA
chr16	37700000	38600000	-0.00532082579	0.008387196273	chr16 37700000 38600000	297.222222222222	501.888888888889	401.444444444444	554.666666666667	405.444444444444	334.111111111111	BtoA
chr16	43200000	43400000	-0.002660876376	0.002239469051	chr16 43200000 43400000	273.5	544.5	392	579.5	315.5	287	BtoA
chr16	44100000	44200000	-0.0077777605	0.01357950529	chr16 44100000 44200000	354	551	403	536	418	345	BtoA
chr16	45800000	45900000	-0.001619902787	0.003624688623	chr16 45800000 45900000	360	660	519	701	383	351	BtoA
chr16	49900000	50000000	-0.001718809383	0.00452576488	chr16 49900000 50000000	297	561	444	607	362	281	BtoA
chr16	55900000	56100000	-0.0070667017	0.0102748684	chr16 55900000 56100000	299	512	412	530.5	547	440	BtoA
chr16	57100000	57600000	-0.005331216555	0.006899352064	chr16 57100000 57600000	279.2	492.6	409.8	554.8	358.6	294	BtoA
chr16	65800000	65900000	-0.001797594784	0.004369745341	chr16 65800000 65900000	352	745	444	702	451	416	BtoA
chr16	77500000	77900000	-0.00368247202	0.008481515933	chr16 77500000 77900000	291.75	566.5	381.25	567.5	379	347.25	BtoA
chr16	78000000	78100000	-0.001683816609	0.006792248027	chr16 78000000 78100000	302	538	428	509	429	315	BtoA
chr16	85800000	86700000	-0.007231958132	0.009998121665	chr16 85800000 86700000	323.666666666667	555.888888888889	457.222222222222	567.111111111111	372.888888888889	319.666666666667	BtoA
chr16	87200000	87500000	-0.009243135737	0.01097616304	chr16 87200000 87500000	310.666666666667	604.666666666667	407.333333333333	549	433.333333333333	356.333333333333	BtoA
chr16	90200000	90500000	-0.01798871983	0.004848458278	chr16 90200000 90500000	294.333333333333	438.666666666667	390	495.666666666667	400.666666666667	339.333333333333	BtoA
chr16	90700000	91200000	-0.01798871983	0.01320883831	chr16 90700000 91200000	276	390.4	342.4	407.8	380	286.6	BtoA
chr16	91300000	94800000	-0.01798871983	0.01701904093	chr16 91300000 94800000	279.857142857143	430.342857142857	394.542857142857	508.828571428571	382.285714285714	301.685714285714	BtoA
chr16	95900000	96200000	-0.006760363893	0.007512746775	chr16 95900000 96200000	317.666666666667	480.666666666667	403.333333333333	508.666666666667	437	353	BtoA
chr16	98100000	98200000	-0.000256151382	0.001578001102	chr16 98100000 98200000	66	63	63	51	101	65	BtoA
chr17	3000000	3100000	-0.02430113982	0.008488698599	chr17 3000000 3100000	909	1043	985	817	1548	1105	BtoA
chr17	3500000	5700000	-0.02905131732	0.02884040307	chr17 3500000 5700000	241.409090909091	347.545454545455	307.590909090909	362.590909090909	359.136363636364	285.454545454545	BtoA
chr17	8400000	12700000	-0.03425586792	0.03497374754	chr17 8400000 12700000	221.186046511628	307.906976744186	289.372093023256	320.232558139535	351.720930232558	279.883720930233	BtoA
chr17	12800000	12900000	-0.002921377554	0.000888318956	chr17 12800000 12900000	353	609	552	736	494	365	BtoA
chr17	13000000	13700000	-0.02443584792	0.02387716216	chr17 13000000 13700000	429.857142857143	665.857142857143	609.142857142857	676.857142857143	767.285714285714	581.714285714286	BtoA
chr17	13900000	14100000	-0.007473788365	0.001731361383	chr17 13900000 14100000	362.5	583.5	521	660.5	693	524	BtoA
chr17	14300000	14500000	-0.00390746273	0.001562730997	chr17 14300000 14500000	223.5	291.5	337	346	374	267	BtoA
chr17	15100000	15400000	-0.007462089347	0.01064998164	chr17 15100000 15400000	223	322	327.333333333333	367	420	348	BtoA
chr17	15500000	23600000	-0.03615017406	0.03499521792	chr17 15500000 23600000	299.20987654321	469.530864197531	405.246913580247	436.481481481481	556.617283950617	464.716049382716	BtoA
chr17	30700000	31500000	-0.01259402034	0.01381112799	chr17 30700000 31500000	224.625	281.375	271.25	294	337.875	263.75	BtoA
chr17	36300000	43600000	-0.04316298969	0.04277708502	chr17 36300000 43600000	285.424657534247	428.054794520548	376.931506849315	397.123287671233	471.575342465753	390.72602739726	BtoA
chr17	47900000	56000000	-0.03924572283	0.03807856868	chr17 47900000 56000000	256.333333333333	386.407407407407	338.345679012346	383.716049382716	408.20987654321	333.691358024691	BtoA
chr17	57000000	62400000	-0.02384683644	0.02999759463	chr17 57000000 62400000	260.074074074074	394.888888888889	337.944444444444	370.722222222222	404.296296296296	340.425925925926	BtoA
chr17	62500000	62600000	-0.000553784508	0.007353140052	chr17 62500000 62600000	296	449	404	483	357	284	BtoA
chr17	62900000	65600000	-0.02155012277	0.02353139825	chr17 62900000 65600000	268.666666666667	425.481481481481	361.111111111111	436.259259259259	389.925925925926	328.37037037037	BtoA
chr17	66200000	66400000	-0.03002448257	0.005142631476	chr17 66200000 66400000	269	383	372	443.5	408	315.5	BtoA
chr17	66500000	70700000	-0.03002448257	0.03295427941	chr17 66500000 70700000	255.761904761905	386.190476190476	343.357142857143	399.452380952381	376.690476190476	305.738095238095	BtoA
chr17	71600000	72900000	-0.03314385989	0.03604231252	chr17 71600000 72900000	232.692307692308	327.307692307692	288.461538461538	327.461538461538	368.153846153846	289	BtoA
chr17	73300000	73900000	-0.01884175264	0.02740555225	chr17 73300000 73900000	235.833333333333	331.5	296.666666666667	340.5	375.166666666667	282.333333333333	BtoA
chr17	74000000	74200000	-0.01884175264	0.004193851547	chr17 74000000 74200000	289	464	399.5	487.5	514.5	421	BtoA
chr17	75400000	78700000	-0.04368286009	0.04312140897	chr17 75400000 78700000	250.575757575758	359.181818181818	316.69696969697	341.515151515152	376.242424242424	307.606060606061	BtoA
chr17	81100000	83300000	-0.03745086211	0.03766184637	chr17 81100000 83300000	252.545454545455	363.681818181818	335.727272727273	377.681818181818	409.181818181818	332.318181818182	BtoA
chr17	83600000	83700000	-0.000242969573	0.001207330384	chr17 83600000 83700000	311	504	397	571	548	460	BtoA
chr17	85200000	85600000	-0.009342781045	0.009108137304	chr17 85200000 85600000	254.25	342.5	323.5	378.75	388	332.25	BtoA
chr17	87800000	87900000	-0.003700264979	0.006994562878	chr17 87800000 87900000	304	441	365	466	482	350	BtoA
chr17	88100000	88200000	-0.002158883744	0.001248759223	chr17 88100000 88200000	348	577	487	633	535	466	BtoA
chr17	88600000	94900000	-0.04709990609	0.04785130074	chr17 88600000 94900000	245.174603174603	349.31746031746	303.31746031746	317	388.095238095238	311.809523809524	BtoA
chr19	61200000	61400000	-0.002895614272	0.001965151011	chr19 61200000 61400000	224.5	345.5	284	352.5	505	410.5	BtoA
chr2	3100000	3300000	-0.001305301094	0.00229077174	chr2 3100000 3300000	308.5	480.5	447	538	399.5	339.5	BtoA
chr2	13400000	13500000	-0.000134041979	0.003608541654	chr2 13400000 13500000	351	676	486	697	379	286	BtoA
chr2	35800000	35900000	-0.001059903035	0.00276848926	chr2 35800000 35900000	167	387	278	444	330	311	BtoA
chr2	71700000	71800000	-0.000158799102	0.01103016358	chr2 71700000 71800000	244	358	345	426	440	313	BtoA
chr2	71900000	72200000	-0.002830276322	0.003961143814	chr2 71900000 72200000	227.333333333333	317.666666666667	324.666666666667	384	362.666666666667	319	BtoA
chr2	129700000	129800000	-0.00049312325	0.003152272497	chr2 129700000 129800000	243	342	314	375	471	377	BtoA
chr2	144000000	144100000	-0.000385962919	0.003613557395	chr2 144000000 144100000	251	461	427	564	401	331	BtoA
chr4	0	3000000	-0.000270677541	0.000266465942	chr4 0 3000000	0	0	0	0	0	0	BtoA
chr4	3600000	3900000	-0.005652095435	0.007582995629	chr4 3600000 3900000	345.333333333333	655	524.333333333333	671.666666666667	538	428.666666666667	BtoA
chr4	6300000	7100000	-0.003736014742	0.004527890772	chr4 6300000 7100000	324.125	574.25	459.125	604.25	475.875	403.375	BtoA
chr4	7200000	7300000	-0.000247902768	0.003464281931	chr4 7200000 7300000	286	422	388	414	431	361	BtoA
chr4	7500000	7700000	-0.001799982405	0.004304224623	chr4 7500000 7700000	300	490.5	423.5	513.5	510	414	BtoA
chr4	7800000	7900000	-0.003068535112	0.002003067334	chr4 7800000 7900000	312	480	365	423	505	399	BtoA
chr4	8500000	10600000	-0.008413549743	0.006309071333	chr4 8500000 10600000	314.095238095238	531.52380952381	450.047619047619	572.571428571429	482.761904761905	392.857142857143	BtoA
chr4	10700000	11600000	-0.008413549743	0.01040369026	chr4 10700000 11600000	318.777777777778	525.555555555556	412.666666666667	523.111111111111	508.888888888889	427.111111111111	BtoA
chr4	11900000	12200000	-0.004457809354	0.00290652948	chr4 11900000 12200000	342	680.333333333333	523.333333333333	656.333333333333	557.666666666667	503.666666666667	BtoA
chr4	14500000	14700000	-0.00152407426	0.002713622501	chr4 14500000 14700000	318	673	525	666.5	504.5	411	BtoA
chr4	14800000	14900000	-0.004500324985	0.004296237115	chr4 14800000 14900000	358	666	535	650	553	483	BtoA
chr4	15200000	15300000	-0.00081367833	0.001404716048	chr4 15200000 15300000	330	561	552	663	542	435	BtoA
chr4	16000000	16200000	-0.002835746786	0.004039245251	chr4 16000000 16200000	338.5	561	469	593	577.5	468.5	BtoA
chr4	32000000	32100000	-0.008166137151	0.002479105979	chr4 32000000 32100000	319	451	412	467	455	377	BtoA
chr4	32200000	32400000	-0.008166137151	0.0008948414745	chr4 32200000 32400000	344	584	507.5	660.5	462	352.5	BtoA
chr4	32500000	33400000	-0.008166137151	0.005674393202	chr4 32500000 33400000	293.333333333333	480.111111111111	397.777777777778	486.888888888889	482.333333333333	394.333333333333	BtoA
chr4	34500000	34700000	-0.003969709734	0.003838024439	chr4 34500000 34700000	294.5	475.5	385.5	509.5	493.5	395	BtoA
chr4	40200000	40300000	-0.002150351528	0.001368080558	chr4 40200000 40300000	319	505	387	457	566	450	BtoA
chr4	40700000	44500000	-0.01106446946	0.01180776088	chr4 40700000 44500000	298.789473684211	486.868421052632	413.052631578947	522.815789473684	474.184210526316	390.947368421053	BtoA
chr4	44600000	45600000	-0.01106446946	0.00788018118	chr4 44600000 45600000	283.3	462.8	386.3	504.7	443.9	364.5	BtoA
chr4	45700000	46600000	-0.01106446946	0.008411661872	chr4 45700000 46600000	286	440.555555555556	371.333333333333	475.666666666667	465.222222222222	358.666666666667	BtoA
chr4	47000000	47500000	-0.004918771976	0.007068970793	chr4 47000000 47500000	316.4	531.4	484.6	671.4	465.2	374.2	BtoA
chr4	48000000	48700000	-0.003473247653	0.00375607891	chr4 48000000 48700000	310.857142857143	540.714285714286	407.142857142857	537.285714285714	453.857142857143	382	BtoA
chr4	53400000	53500000	-0.000946830867	0.005707916839	chr4 53400000 53500000	351	662	551	750	495	363	BtoA
chr4	55200000	59900000	-0.01211515279	0.01200732992	chr4 55200000 59900000	335.255319148936	595.234042553191	499.808510638298	659.255319148936	470.425531914894	382.063829787234	BtoA
chr4	60900000	61100000	-0.000270677541	0.000266465942	chr4 60900000 61100000	0	0	0	0	0	0	BtoA
chr4	62300000	62800000	-0.006845073704	0.007968679919	chr4 62300000 62800000	320.8	529.6	482.4	585.6	494.4	390.4	BtoA
chr4	83200000	83400000	-0.002266843532	0.001526024625	chr4 83200000 83400000	335.5	596.5	445	659.5	389	306	BtoA
chr4	89000000	89100000	-0.003186859259	0.003845465902	chr4 89000000 89100000	359	663	450	634	399	383	BtoA
chr4	89300000	89400000	-0.000258551216	0.000231718202	chr4 89300000 89400000	46	83	74	79	62	53	BtoA
chr4	101200000	101300000	-0.002641109449	0.002558717958	chr4 101200000 101300000	305	540	487	725	401	306	BtoA
chr4	106300000	109700000	-0.0168310358	0.01474581347	chr4 106300000 109700000	261.617647058824	408.970588235294	343.235294117647	446.058823529412	363.794117647059	297.794117647059	BtoA
chr4	116000000	118400000	-0.01511311852	0.01255267574	chr4 116000000 118400000	258.875	415.666666666667	338.791666666667	435.041666666667	373.916666666667	309.25	BtoA
chr4	119200000	119300000	-0.003394389162	0.003241787671	chr4 119200000 119300000	248	414	311	408	377	291	BtoA
chr4	119500000	119600000	-0.001984189847	0.002124898662	chr4 119500000 119600000	251	414	375	499	374	289	BtoA
chr4	120000000	120100000	-0.002286510198	0.002217757571	chr4 120000000 120100000	191	235	310	343	264	190	BtoA
chr4	120400000	120600000	-0.005443067612	0.004034208742	chr4 120400000 120600000	242	405.5	309.5	399.5	343	262.5	BtoA
chr4	123200000	123900000	-0.006985752947	0.007705133779	chr4 123200000 123900000	276.285714285714	456.571428571429	366.571428571429	507.714285714286	384.714285714286	322.857142857143	BtoA
chr4	124700000	125100000	-0.01054342711	0.008747758238	chr4 124700000 125100000	246	398.75	322.25	402.5	383.75	298.5	BtoA
chr4	126000000	127200000	-0.01854915957	0.01380622397	chr4 126000000 127200000	274.25	448.416666666667	349.916666666667	465.083333333333	392.833333333333	316.833333333333	BtoA
chr4	128600000	130900000	-0.01619783053	0.0144508851	chr4 128600000 130900000	249.565217391304	394	349.913043478261	462.173913043478	355.913043478261	287.260869565217	BtoA
chr4	131800000	132000000	-0.01234903668	0.002935373299	chr4 131800000 132000000	190.5	279.5	256	333.5	325.5	253	BtoA
chr4	132100000	139700000	-0.01234903668	0.01144924207	chr4 132100000 139700000	274.921052631579	438.315789473684	365.421052631579	487.460526315789	372.355263157895	296.789473684211	BtoA
chr4	140500000	141800000	-0.01746090705	0.01693264573	chr4 140500000 141800000	299.692307692308	499.076923076923	378.307692307692	531.230769230769	358.769230769231	291	BtoA
chr4	145900000	146000000	-0.000270677541	0.000266465942	chr4 145900000 146000000	0	0	0	0	0	0	BtoA
chr4	146300000	146400000	-0.000270677541	0.000266465942	chr4 146300000 146400000	0	0	0	0	0	0	BtoA
chr4	147900000	148200000	-0.007540943418	0.006890091549	chr4 147900000 148200000	203.666666666667	288	250.666666666667	301.666666666667	276.666666666667	221.333333333333	BtoA
chr4	148400000	151200000	-0.01642085888	0.01352506772	chr4 148400000 151200000	219.928571428571	334.821428571429	289.5	388.071428571429	279.535714285714	217.428571428571	BtoA
chr4	151900000	152500000	-0.01432714868	0.01173930885	chr4 151900000 152500000	205.666666666667	287.833333333333	261.833333333333	337.333333333333	251.833333333333	211	BtoA
chr4	154000000	154300000	-0.006336511942	0.003174472333	chr4 154000000 154300000	178.666666666667	239.666666666667	217.333333333333	265	244.333333333333	165.333333333333	BtoA
chr4	154800000	156300000	-0.01673058186	0.01399935422	chr4 154800000 156300000	212.333333333333	322.6	255.866666666667	341.666666666667	299.533333333333	242.333333333333	BtoA
chr4	156400000	156500000	-0.000270677541	0.000266465942	chr4 156400000 156500000	0	0	0	0	0	0	BtoA
chr5	0	3000000	-0.000265006047	0.000263490336	chr5 0 3000000	0	0	0	0	0	0	BtoA
chr5	3200000	4200000	-0.006030489747	0.008707727098	chr5 3200000 4200000	303.9	513.3	414	501.9	461.2	387.3	BtoA
chr5	5100000	5400000	-0.004620204128	0.001347479559	chr5 5100000 5400000	346.666666666667	683	520	757.666666666667	420	341.333333333333	BtoA
chr5	13200000	13300000	-0.00049677948	0.00258036869	chr5 13200000 13300000	338	696	429	718	428	403	BtoA
chr5	13400000	13500000	-0.00167953021	0.0013399257	chr5 13400000 13500000	358	692	446	702	369	321	BtoA
chr5	15100000	15400000	-0.000265006047	0.000263490336	chr5 15100000 15400000	0	0	0	0	0	0	BtoA
chr5	20900000	21000000	-0.002683265999	0.004186722618	chr5 20900000 21000000	339	577	452	639	512	363	BtoA
chr5	21400000	21500000	-0.000665637606	0.000736578929	chr5 21400000 21500000	326	536	493	610	469	382	BtoA
chr5	23400000	25700000	-0.01514053197	0.01495825734	chr5 23400000 25700000	297.869565217391	489.304347826087	420.130434782609	542.608695652174	446.695652173913	367.782608695652	BtoA
chr5	29400000	37200000	-0.01842230451	0.01863826606	chr5 29400000 37200000	280.48717948718	478.25641025641	400.589743589744	520.666666666667	427.346153846154	342.974358974359	BtoA
chr5	37300000	37400000	-0.01842230451	0.004402841947	chr5 37300000 37400000	264	446	301	364	328	254	BtoA
chr5	38000000	38300000	-0.007448280209	0.006827148626	chr5 38000000 38300000	290.333333333333	520	433.333333333333	576	408.666666666667	336	BtoA
chr5	38400000	38600000	-0.002754714319	0.002914886009	chr5 38400000 38600000	273	450	400	482.5	442.5	301.5	BtoA
chr5	53400000	53600000	-0.005753090042	0.008657134139	chr5 53400000 53600000	383	631.5	565.5	740.5	412	301.5	BtoA
chr5	64300000	65800000	-0.01415249626	0.01533118676	chr5 64300000 65800000	289.266666666667	495.933333333333	376	493.6	374.6	299.533333333333	BtoA
chr5	66400000	66600000	-0.004552705492	0.005472843096	chr5 66400000 66600000	309.5	559	450	656	329	254.5	BtoA
chr5	72800000	73200000	-0.01181272507	0.01277592439	chr5 72800000 73200000	248.5	402.75	316.5	430.75	330	251	BtoA
chr5	73300000	73700000	-0.01071074038	0.01289975254	chr5 73300000 73700000	218.5	351.25	336.75	398	344.25	272	BtoA
chr5	73900000	75200000	-0.007095762162	0.01115436561	chr5 73900000 75200000	248	404.230769230769	347.615384615385	460.692307692308	325.384615384615	254.307692307692	BtoA
chr5	76200000	76300000	-0.001404256205	0.005372709758	chr5 76200000 76300000	236	382	301	348	275	244	BtoA
chr5	90200000	90400000	-0.003319897975	0.003620082024	chr5 90200000 90400000	225	368.5	279	387	329.5	268.5	BtoA
chr5	90700000	90900000	-0.007345539102	0.004532093949	chr5 90700000 90900000	278.5	455	424.5	512	337	273	BtoA
chr5	92000000	92500000	-0.005637580125	0.00858292727	chr5 92000000 92500000	271.6	390	319.2	395.4	343.2	295.8	BtoA
chr5	94500000	94600000	-0.000239245872	0.000263490336	chr5 94500000 94600000	266	376	335	356	458	350	BtoA
chr5	94800000	94900000	-0.000265006047	0.0119274001	chr5 94800000 94900000	296	420	394	354	496	387	BtoA
chr5	100000000	100100000	-0.003915930569	0.0030730912	chr5 100000000 100100000	237	346	302	405	325	289	BtoA
chr5	100300000	100700000	-0.007502479679	0.008288168294	chr5 100300000 100700000	244.75	385.75	319.25	402.75	345.75	290	BtoA
chr5	103600000	104500000	-0.005713209733	0.008941312855	chr5 103600000 104500000	308.777777777778	542.777777777778	425.666666666667	582.555555555556	386.444444444444	306.333333333333	BtoA
chr5	107000000	108700000	-0.008148368708	0.008522186149	chr5 107000000 108700000	257.823529411765	410	330.823529411765	426.647058823529	357.176470588235	296.882352941176	BtoA
chr5	110100000	116100000	-0.0206891091	0.0198025358	chr5 110100000 116100000	257.366666666667	397.1	344.95	455	348.866666666667	275.1	BtoA
chr5	117100000	117400000	-0.009241404067	0.008481441739	chr5 117100000 117400000	280.666666666667	428.333333333333	340	409.666666666667	370	291.333333333333	BtoA
chr5	118000000	118900000	-0.01019050934	0.01148263247	chr5 118000000 118900000	296	484.444444444444	428.111111111111	560.111111111111	351.111111111111	270.777777777778	BtoA
chr5	119100000	119300000	-0.001383595091	0.002604076803	chr5 119100000 119300000	251	356	352.5	391.5	315	259.5	BtoA
chr5	119600000	119700000	-0.002542619856	0.004338737654	chr5 119600000 119700000	245	345	284	322	329	285	BtoA
chr5	120100000	120300000	-0.003412077815	0.0064803106	chr5 120100000 120300000	193	252.5	239	263	268.5	180	BtoA
chr5	120400000	125500000	-0.02145002646	0.02034692331	chr5 120400000 125500000	277.588235294118	439.823529411765	356.235294117647	475.274509803922	380.058823529412	319.392156862745	BtoA
chr5	129500000	130300000	-0.01628584035	0.0145313776	chr5 129500000 130300000	275.75	444.875	349.125	458.875	389.25	322.5	BtoA
chr5	134100000	138300000	-0.01957518339	0.01890346608	chr5 134100000 138300000	290.785714285714	459.214285714286	378.047619047619	497.785714285714	412.142857142857	336.333333333333	BtoA
chr5	138600000	140800000	-0.01957518339	0.01848910076	chr5 138600000 140800000	279.5	446	374.954545454545	514.136363636364	374.681818181818	290.636363636364	BtoA
chr5	142300000	144300000	-0.01967872324	0.01665544997	chr5 142300000 144300000	325.8	529.95	433	565	474.7	379.7	BtoA
chr5	144700000	145200000	-0.01340652423	0.01252906926	chr5 144700000 145200000	312.4	493.2	397.4	514.8	452.2	374.2	BtoA
chr5	146700000	147100000	-0.004704636712	0.002375192326	chr5 146700000 147100000	298	459.5	401.25	551.75	431	359	BtoA
chr5	147400000	147900000	-0.008616089006	0.006859331929	chr5 147400000 147900000	320.8	502.2	383	488.8	401.6	343	BtoA
chr5	148300000	149700000	-0.01154687546	0.01340341395	chr5 148300000 149700000	311.642857142857	508	445.5	555.857142857143	437.642857142857	345.285714285714	BtoA
chr5	150600000	150900000	-0.002794186929	0.003392451513	chr5 150600000 150900000	282.333333333333	474.333333333333	395.666666666667	499.666666666667	371.333333333333	328.666666666667	BtoA
chr5	151000000	151400000	-0.003092100296	0.006262687931	chr5 151000000 151400000	319	627.5	500.25	665.5	452.75	372.5	BtoA
chr5	151700000	151800000	-0.000885790429	0.003113941532	chr5 151700000 151800000	94	112	133	155	155	137	BtoA
chr6	8000000	8100000	-0.000476995639	0.004740074913	chr6 8000000 8100000	293	392	464	488	421	326	BtoA
chr6	118200000	118300000	-0.000295077175	0.005190328491	chr6 118200000 118300000	242	340	293	357	398	330	BtoA
chr6	118600000	119100000	-0.001614568893	0.005524834672	chr6 118600000 119100000	275	449.2	395.8	533.8	390.4	292.2	BtoA
chr6	148300000	148700000	-0.001649516751	0.004920944002	chr6 148300000 148700000	299.5	472	424	544	449	355.5	BtoA
chr6	149000000	149100000	-0.000480514206	0.00143265833	chr6 149000000 149100000	296	489	431	509	451	369	BtoA
chr7	20300000	20400000	-0.003224011887	0.005634833683	chr7 20300000 20400000	329	433	423	411	537	470	BtoA
chr7	51800000	51900000	-0.00014406587	0.002852064878	chr7 51800000 51900000	309	646	427	606	396	344	BtoA
chr7	135000000	135200000	-0.001266558015	0.0007261958095	chr7 135000000 135200000	207	292	222	282.5	213.5	148.5	BtoA
chr7	140000000	140100000	-0.000594708282	0.005627488042	chr7 140000000 140100000	279	424	338	403	431	372	BtoA
chr8	19800000	19900000	-0.000603473811	0.000786366571	chr8 19800000 19900000	17	38	30	40	37	33	BtoA
chr8	77700000	77800000	-0.000345430069	0.01481303885	chr8 77700000 77800000	304	638	439	614	454	323	BtoA
chr8	115300000	115500000	-0.000517232051	0.004878027185	chr8 115300000 115500000	250	368.5	361	501.5	361.5	257.5	BtoA
chr9	13900000	14000000	-0.001874927559	0.005580726096	chr9 13900000 14000000	309	487	414	504	367	267	BtoA
chr9	49800000	49900000	-0.001279036394	0.00112414683	chr9 49800000 49900000	210	310	365	329	313	240	BtoA
chr9	99100000	99300000	-0.000879363452	0.001593260262	chr9 99100000 99300000	249.5	373.5	357.5	392	367.5	319	BtoA
chr1	3400000	3700000	0.002077103678	-0.004996342511	chr1 3400000 3700000	206	265.333333333333	237.333333333333	230.666666666667	272.666666666667	239.666666666667	AtoB
chr1	8400000	8500000	0.000380819823	-0.006578865199	chr1 8400000 8500000	250	321	294	308	345	289	AtoB
chr1	8600000	8700000	0.000627653921	-0.005076796762	chr1 8600000 8700000	259	358	356	347	436	347	AtoB
chr1	9000000	9100000	0.003335903007	-0.002718991503	chr1 9000000 9100000	265	381	349	351	480	353	AtoB
chr1	11600000	11700000	0.000974312053	-0.007345149223	chr1 11600000 11700000	224	327	295	316	400	327	AtoB
chr1	17100000	17200000	0.000141536099	-0.0058409606	chr1 17100000 17200000	238	300	274	291	338	295	AtoB
chr1	19000000	19200000	0.00328760034	-0.0037270362	chr1 19000000 19200000	228	322.5	267	308	359.5	301	AtoB
chr1	19400000	19500000	0.00592456055	-0.004480221955	chr1 19400000 19500000	225	381	318	346	396	331	AtoB
chr10	0	3100000	0.000374458877	-0.000343834142	chr10 0 3100000	0	0	0	0	0	0	AtoB
chr10	4000000	4800000	0.006313688383	-0.007056351644	chr10 4000000 4800000	297	474.5	406.875	527	401.375	328.75	AtoB
chr10	5000000	5300000	0.006972964757	-0.01008366314	chr10 5000000 5300000	279.333333333333	464.333333333333	331	406.333333333333	309	273.333333333333	AtoB
chr10	5800000	5900000	0.008747585118	-0.004505218652	chr10 5800000 5900000	318	604	482	636	485	429	AtoB
chr10	6900000	8900000	0.009419915693	-0.008903875918	chr10 6900000 8900000	304.75	513.25	421.8	557.8	447.6	360.5	AtoB
chr10	12600000	13000000	0.007808947846	-0.009546628573	chr10 12600000 13000000	329.75	601	449.75	660	400.5	338	AtoB
chr10	14400000	14700000	0.008062392376	-0.004867630411	chr10 14400000 14700000	287	500	435	547	408.666666666667	352.666666666667	AtoB
chr10	15200000	18600000	0.01256842271	-0.0108650114	chr10 15200000 18600000	300.411764705882	524.352941176471	401.941176470588	502.852941176471	411.264705882353	351.705882352941	AtoB
chr10	19000000	19100000	0.000173968017	-0.00492871528	chr10 19000000 19100000	320	484	458	531	485	399	AtoB
chr10	21500000	22000000	0.004481005868	-0.005916329907	chr10 21500000 22000000	276	472	440.6	553.6	372.8	294.4	AtoB
chr10	24300000	24600000	0.0005495748583	-0.004360369988	chr10 24300000 24600000	283.666666666667	512.333333333333	436	562	428.333333333333	332.333333333333	AtoB
chr10	24800000	25500000	0.007315218722	-0.01166915342	chr10 24800000 25500000	320	566.142857142857	438.714285714286	593	407	332	AtoB
chr10	34000000	34300000	0.004916426326	-0.006100485374	chr10 34000000 34300000	312	548.666666666667	452	592.666666666667	500.333333333333	420.666666666667	AtoB
chr10	36900000	43600000	0.0143216942	-0.01414257752	chr10 36900000 43600000	315.701492537313	569.10447761194	427.55223880597	561.925373134328	433.597014925373	356.119402985075	AtoB
chr10	43900000	44200000	0.003882532168	-0.0071473601	chr10 43900000 44200000	313	501	443.666666666667	548.666666666667	415.666666666667	316.333333333333	AtoB
chr10	57900000	58200000	0.000374458877	-0.000343834142	chr10 57900000 58200000	0	0	0	0	0	0	AtoB
chr10	58300000	61800000	0.01415470395	-0.01309550393	chr10 58300000 61800000	290.371428571429	500.171428571429	412.628571428571	556.057142857143	411.428571428571	333.485714285714	AtoB
chr10	62200000	63400000	0.01238097407	-0.01221986714	chr10 62200000 63400000	299.5	468.083333333333	380.833333333333	474.083333333333	459.166666666667	366.75	AtoB
chr10	66900000	68600000	0.008963315526	-0.01016770744	chr10 66900000 68600000	308.470588235294	545.235294117647	434	605.411764705882	403.058823529412	336.941176470588	AtoB
chr10	69100000	71300000	0.01432142618	-0.01343753189	chr10 69100000 71300000	317.454545454545	543.045454545455	420.727272727273	586.590909090909	416.090909090909	338.818181818182	AtoB
chr10	75100000	78500000	0.01477301819	-0.01344300427	chr10 75100000 78500000	281.088235294118	445.529411764706	388.264705882353	495.970588235294	422.352941176471	334.676470588235	AtoB
chr10	79600000	81700000	0.01511621404	-0.01518916377	chr10 79600000 81700000	302.952380952381	497.52380952381	409.142857142857	532.380952380952	476.238095238095	390.761904761905	AtoB
chr10	81800000	81900000	0.01511621404	-0.01234790793	chr10 81800000 81900000	351	500	463	533	818	752	AtoB
chr10	82700000	85200000	0.01235437455	-0.0114723131	chr10 82700000 85200000	297.76	526.24	418.12	556.16	403.68	326	AtoB
chr10	86200000	86300000	0.003298666017	-0.01439507131	chr10 86200000 86300000	293	590	456	670	375	264	AtoB
chr10	93200000	93300000	0.003881021009	-0.002959428297	chr10 93200000 93300000	302	607	456	682	308	306	AtoB
chr10	93800000	94200000	0.01122965296	-0.01193781453	chr10 93800000 94200000	285.25	493.25	397.5	520.25	397.25	358.25	AtoB
chr10	94500000	97700000	0.01074695893	-0.01160454978	chr10 94500000 97700000	318.78125	580.375	453.28125	604	417.09375	352.96875	AtoB
chr10	99200000	99300000	0.001556761171	-0.004300936496	chr10 99200000 99300000	307	576	459	556	430	361	AtoB
chr10	117700000	117800000	0.004460677606	-0.008058756195	chr10 117700000 117800000	392	669	453	603	464	434	AtoB
chr10	120300000	121000000	0.00750007851	-0.006388478441	chr10 120300000 121000000	295.285714285714	426.714285714286	417.714285714286	514.142857142857	382	333.714285714286	AtoB
chr10	126900000	129000000	0.02383933674	-0.02198071872	chr10 126900000 129000000	329	566.285714285714	426.333333333333	560.47619047619	499.904761904762	409.190476190476	AtoB
chr11	3100000	3200000	0.002430025661	-0.003695843446	chr11 3100000 3200000	4198	3852	4533	3749	7219	5369	AtoB
chr11	103700000	103800000	0.000876557226	-0.005075391664	chr11 103700000 103800000	195	272	282	315	353	279	AtoB
chr12	3000000	3100000	0.003151701841	-0.0051474057	chr12 3000000 3100000	344	513	467	536	651	438	AtoB
chr12	5000000	8300000	0.03969239771	-0.04060277439	chr12 5000000 8300000	183.545454545455	244	220.818181818182	229.878787878788	274.30303030303	216.939393939394	AtoB
chr12	10600000	15500000	0.03059972211	-0.02977230464	chr12 10600000 15500000	196.34693877551	276.795918367347	239.795918367347	258.530612244898	289.714285714286	236.367346938776	AtoB
chr12	17600000	17700000	0.000832132471	-0.001324778751	chr12 17600000 17700000	274	378	374	452	377	287	AtoB
chr12	17800000	21100000	0.03332181076	-0.03247478997	chr12 17800000 21100000	266.878787878788	352.393939393939	327.060606060606	327.515151515152	468.151515151515	373.272727272727	AtoB
chr12	28700000	31100000	0.02229693455	-0.02349261218	chr12 28700000 31100000	178.625	233.375	218	236.416666666667	266.458333333333	208.375	AtoB
chr12	32100000	32800000	0.01776075235	-0.01170242543	chr12 32100000 32800000	221.714285714286	324.428571428571	296.428571428571	328.857142857143	352	290.285714285714	AtoB
chr12	33400000	35200000	0.01325208518	-0.01641843529	chr12 33400000 35200000	204.833333333333	314.222222222222	265.888888888889	321.333333333333	306.5	263.833333333333	AtoB
chr12	35900000	36000000	0.02912485953	-0.002203158015	chr12 35900000 36000000	247	353	310	390	393	329	AtoB
chr12	36200000	36300000	0.02912485953	-0.006818014544	chr12 36200000 36300000	226	322	310	325	338	275	AtoB
chr12	36500000	40200000	0.02912485953	-0.03304982378	chr12 36500000 40200000	187.162162162162	257.648648648649	231.810810810811	245.351351351351	287.432432432432	232.918918918919	AtoB
chr12	40300000	40400000	0.02912485953	-0.00005092435	chr12 40300000 40400000	254	383	348	443	337	286	AtoB
chr12	40600000	51300000	0.04134128862	-0.04064810657	chr12 40600000 51300000	189.766355140187	266.429906542056	235.196261682243	242.299065420561	293.121495327103	239.616822429907	AtoB
chr12	54200000	54500000	0.004415315099	-0.007278568444	chr12 54200000 54500000	196.666666666667	250.333333333333	239.333333333333	283.333333333333	303.666666666667	257.333333333333	AtoB
chr12	55900000	59000000	0.0344832824	-0.03398144419	chr12 55900000 59000000	196.129032258065	269.129032258065	245.064516129032	268.838709677419	306.290322580645	248.161290322581	AtoB
chr12	59200000	65000000	0.04055113814	-0.04258068456	chr12 59200000 65000000	200.810344827586	277.844827586207	250.310344827586	256.413793103448	313.396551724138	254.224137931034	AtoB
chr12	65100000	69100000	0.04156128843	-0.04210777495	chr12 65100000 69100000	222.85	281.3	264.3	261.175	347.3	275.05	AtoB
chr12	72100000	72400000	0.006578341328	-0.006899036027	chr12 72100000 72400000	195.333333333333	253.666666666667	250.333333333333	264.333333333333	313.666666666667	268.666666666667	AtoB
chr12	77000000	78800000	0.02773153079	-0.02856500591	chr12 77000000 78800000	203.722222222222	300.111111111111	271.944444444444	305.833333333333	310.666666666667	257.388888888889	AtoB
chr12	82500000	83500000	0.01774239339	-0.0223485223	chr12 82500000 83500000	169.9	228	206.8	233.3	264.8	207.9	AtoB
chr12	87500000	91600000	0.03511692666	-0.03708158428	chr12 87500000 91600000	190	284.146341463415	240.853658536585	262.90243902439	291.024390243902	235.80487804878	AtoB
chr12	91800000	98600000	0.02493333394	-0.02694635451	chr12 91800000 98600000	196.367647058824	278.617647058824	247.75	266.602941176471	293.720588235294	240.382352941176	AtoB
chr12	100000000	100100000	0.01598694795	-0.001916597972	chr12 100000000 100100000	218	335	287	374	369	268	AtoB
chr12	101100000	101900000	0.02990591604	-0.03304056137	chr12 101100000 101900000	258.5	388.125	359.875	385.625	429	352.5	AtoB
chr12	102000000	102400000	0.01120076717	-0.003038364748	chr12 102000000 102400000	196.25	247.75	254.5	301.5	293.25	211.25	AtoB
chr12	102800000	103400000	0.01662557966	-0.0196735128	chr12 102800000 103400000	183.666666666667	259.333333333333	231.333333333333	271.5	288.666666666667	226.666666666667	AtoB
chr12	103500000	104400000	0.01662557966	-0.01569090512	chr12 103500000 104400000	259.444444444444	360.333333333333	331	377.555555555556	401.222222222222	289.888888888889	AtoB
chr12	105100000	105500000	0.01010222308	-0.0137151808	chr12 105100000 105500000	187.5	265.75	238.75	285.25	324.25	240.75	AtoB
chr12	106200000	106900000	0.002213634462	-0.0215288193	chr12 106200000 106900000	194.285714285714	265.857142857143	238.428571428571	270.428571428571	269.142857142857	212	AtoB
chr12	107100000	107500000	0.003026100715	-0.02108424293	chr12 107100000 107500000	189.75	216	187.75	228	245	187.25	AtoB
chr12	113200000	116200000	0.03537096507	-0.03632981643	chr12 113200000 116200000	247.633333333333	350.633333333333	310	327.766666666667	392.233333333333	317.166666666667	AtoB
chr12	116500000	118500000	0.02176224181	-0.02721951697	chr12 116500000 118500000	181.4	248.7	222.05	243.6	276.7	213.25	AtoB
chr12	118800000	120100000	0.02030414016	-0.01883397067	chr12 118800000 120100000	209.769230769231	306.307692307692	264	288.538461538462	328.692307692308	262.461538461538	AtoB
chr13	47500000	47600000	0.002171130349	-0.003942454274	chr13 47500000 47600000	253	363	376	342	296	236	AtoB
chr13	47700000	47900000	0.002186559198	-0.003638380945	chr13 47700000 47900000	192.5	297	261	321.5	310.5	229	AtoB
chr13	49800000	50100000	0.00813460312	-0.0006186940083	chr13 49800000 50100000	295	479.666666666667	431.666666666667	516	519.333333333333	422.333333333333	AtoB
chr13	55900000	56000000	0.00019709067	-0.001564752695	chr13 55900000 56000000	140	198	170	230	215	162	AtoB
chr13	74100000	74200000	0.000944173491	-0.000791321202	chr13 74100000 74200000	183	286	234	316	268	218	AtoB
chr13	94700000	95300000	0.003216764214	-0.003488685233	chr13 94700000 95300000	209.166666666667	294.166666666667	277.166666666667	322.833333333333	330.166666666667	259.333333333333	AtoB
chr13	95400000	95500000	0.002683369679	-0.00625886675	chr13 95400000 95500000	223	277	324	384	370	286	AtoB
chr13	98900000	99000000	0.001065367556	-0.01504985404	chr13 98900000 99000000	265	428	361	511	436	350	AtoB
chr13	100300000	100400000	0.00043652619	-0.007507176243	chr13 100300000 100400000	265	484	382	434	523	405	AtoB
chr14	0	3000000	0.000486897481	-0.000508628073	chr14 0 3000000	0	0	0	0	0	0	AtoB
chr14	7800000	8200000	0.007810924042	-0.01364037043	chr14 7800000 8200000	295.75	478.5	382.75	525.75	363.75	288.75	AtoB
chr14	11500000	11900000	0.004300742484	-0.004339264918	chr14 11500000 11900000	296.5	468.25	412.25	589	307.25	229.5	AtoB
chr14	14600000	14700000	0.009399961095	-0.000761509602	chr14 14600000 14700000	312	473	427	514	421	307	AtoB
chr14	16400000	16600000	0.002099831268	-0.005250345871	chr14 16400000 16600000	252.5	399	395	463	306	232.5	AtoB
chr14	18200000	18300000	0.007108319749	-0.008288780369	chr14 18200000 18300000	293	490	353	518	480	408	AtoB
chr14	18700000	18800000	0.000790743033	-0.001156501671	chr14 18700000 18800000	252	438	356	508	385	284	AtoB
chr14	19700000	19800000	0.007184652587	-0.006278967139	chr14 19700000 19800000	341	566	457	601	343	278	AtoB
chr14	20100000	22000000	0.01601564075	-0.01645475587	chr14 20100000 22000000	284.105263157895	510.210526315789	374.315789473684	526.631578947368	362.421052631579	297.789473684211	AtoB
chr14	24000000	26700000	0.00826584156	-0.01019045777	chr14 24000000 26700000	248.185185185185	395.185185185185	352.888888888889	440.148148148148	384.37037037037	300.481481481481	AtoB
chr14	26900000	27500000	0.008579655024	-0.01028722912	chr14 26900000 27500000	241.666666666667	380	332.333333333333	447.833333333333	357.666666666667	288.666666666667	AtoB
chr14	30400000	32600000	0.01824656225	-0.01622585077	chr14 30400000 32600000	260.636363636364	436.818181818182	353	462.454545454545	357.181818181818	294.545454545455	AtoB
chr14	33200000	33500000	0.008484375271	-0.004666604427	chr14 33200000 33500000	229.333333333333	318.666666666667	324	394	316.333333333333	266.333333333333	AtoB
chr14	34100000	34700000	0.01110548427	-0.01248085155	chr14 34100000 34700000	268.5	449.166666666667	380.333333333333	520.333333333333	350.833333333333	298.333333333333	AtoB
chr14	45000000	48400000	0.01634392167	-0.01525812417	chr14 45000000 48400000	258.941176470588	421.558823529412	364.735294117647	463.705882352941	339.411764705882	270.676470588235	AtoB
chr14	49000000	49100000	0.000135006366	-0.001584843296	chr14 49000000 49100000	228	353	243	330	286	271	AtoB
chr14	50800000	50900000	0.001533565007	-0.005055446227	chr14 50800000 50900000	291	415	314	384	428	335	AtoB
chr14	52000000	52300000	0.009762531784	-0.01532916787	chr14 52000000 52300000	261.333333333333	407.333333333333	321.666666666667	410	385.666666666667	344.666666666667	AtoB
chr14	54200000	55100000	0.008400417068	-0.009153776339	chr14 54200000 55100000	253.555555555556	367.444444444444	324	387.666666666667	391.777777777778	299.777777777778	AtoB
chr14	55500000	55900000	0.0120287818	-0.0130597591	chr14 55500000 55900000	239	389.75	327	430	398.75	328	AtoB
chr14	56600000	56900000	0.008305100447	-0.007293002442	chr14 56600000 56900000	272.666666666667	436	336	417.666666666667	400.333333333333	335.333333333333	AtoB
chr14	57300000	58000000	0.009822910493	-0.009144461767	chr14 57300000 58000000	248.571428571429	419.857142857143	316.857142857143	432.571428571429	337.142857142857	288.428571428571	AtoB
chr14	62200000	62500000	0.006118388227	-0.004238751695	chr14 62200000 62500000	191.333333333333	288	268.666666666667	332.333333333333	328.333333333333	281	AtoB
chr14	62600000	63200000	0.006118388227	-0.00780691415	chr14 62600000 63200000	248.166666666667	389	345	422.5	345	268.833333333333	AtoB
chr14	64600000	66300000	0.01156674363	-0.01188602448	chr14 64600000 66300000	250.823529411765	397.294117647059	335.411764705882	447.588235294118	335.352941176471	258.176470588235	AtoB
chr14	66800000	67100000	0.006776718334	-0.005749278113	chr14 66800000 67100000	252	397	348.333333333333	489	330.666666666667	261.666666666667	AtoB
chr14	69300000	70800000	0.01008883944	-0.0118665916	chr14 69300000 70800000	235.266666666667	373.466666666667	337	433.8	333.4	264.666666666667	AtoB
chr14	71100000	71200000	0.01008883944	-0.002287271396	chr14 71100000 71200000	320	578	467	590	362	256	AtoB
chr14	72600000	72800000	0.002600151687	-0.006088806563	chr14 72600000 72800000	232	396	325.5	427	343.5	272	AtoB
chr14	73100000	73600000	0.009732276239	-0.008691257893	chr14 73100000 73600000	260.6	444.8	331.4	441.4	326.4	293.6	AtoB
chr14	74800000	75000000	0.006072293849	-0.008021837684	chr14 74800000 75000000	265.5	480	449	602	356.5	279.5	AtoB
chr14	75700000	77600000	0.01228926681	-0.01332145187	chr14 75700000 77600000	244.263157894737	394.578947368421	349.526315789474	457.894736842105	316.473684210526	255.789473684211	AtoB
chr14	77800000	77900000	0.01228926681	-0.002489929012	chr14 77800000 77900000	219	366	293	390	291	270	AtoB
chr14	78500000	79600000	0.01316676383	-0.009621460174	chr14 78500000 79600000	237.909090909091	387.454545454545	311.272727272727	406.909090909091	327.909090909091	278.272727272727	AtoB
chr14	118900000	119000000	0.003605745045	-0.005013061623	chr14 118900000 119000000	278	441	332	414	324	240	AtoB
chr14	120800000	122200000	0.007821330003	-0.008447743776	chr14 120800000 122200000	263.714285714286	414	362.285714285714	481.357142857143	323.571428571429	256.5	AtoB
chr14	122500000	122700000	0.002531803488	-0.001353387147	chr14 122500000 122700000	266.5	437.5	367	473.5	370.5	310	AtoB
chr15	3000000	6700000	0.02465688026	-0.01951700381	chr15 3000000 6700000	242.405405405405	366.891891891892	316.486486486487	357.72972972973	376.918918918919	299.513513513513	AtoB
chr15	8500000	8600000	0.001966791985	-0.001205968311	chr15 8500000 8600000	243	355	298	382	428	377	AtoB
chr15	8900000	9000000	0.002068152122	-0.002733773797	chr15 8900000 9000000	264	386	369	444	440	368	AtoB
chr15	9100000	10400000	0.02545564045	-0.02068576058	chr15 9100000 10400000	233.692307692308	330.076923076923	294.307692307692	314.076923076923	361.461538461538	290.307692307692	AtoB
chr15	12600000	25500000	0.04309940472	-0.04370744843	chr15 12600000 25500000	198.984496124031	273.271317829457	245.922480620155	246.294573643411	307.790697674419	244.372093023256	AtoB
chr15	26000000	32900000	0.03499850625	-0.03501933472	chr15 26000000 32900000	211.159420289855	303.31884057971	269.927536231884	309.840579710145	312.144927536232	251	AtoB
chr15	33500000	33900000	0.001350322948	-0.00743075366	chr15 33500000 33900000	325	587.25	437.25	534.5	490.25	408.25	AtoB
chr15	34500000	36100000	0.007206311125	-0.01003540517	chr15 34500000 36100000	238	393.5625	317.5625	401.5	363.6875	320	AtoB
chr15	37000000	37900000	0.02069212062	-0.02516734387	chr15 37000000 37900000	218.666666666667	289.333333333333	274.222222222222	330	355.444444444444	296	AtoB
chr15	59800000	61100000	0.03607713894	-0.03789722504	chr15 59800000 61100000	208.923076923077	284.307692307692	263.538461538462	275.384615384615	335.538461538462	260.692307692308	AtoB
chr15	64600000	66800000	0.03481674373	-0.03944973297	chr15 64600000 66800000	204.772727272727	304.454545454545	268.681818181818	293.227272727273	325.681818181818	255.227272727273	AtoB
chr15	66900000	73100000	0.04303890402	-0.04238650944	chr15 66900000 73100000	202.58064516129	281.822580645161	248.774193548387	270.483870967742	294.854838709677	228.209677419355	AtoB
chr15	73700000	74600000	0.02014406704	-0.02119447623	chr15 73700000 74600000	154	200.222222222222	188.444444444444	211.333333333333	253	179.666666666667	AtoB
chr15	82400000	82800000	0.01510447341	-0.01767671637	chr15 82400000 82800000	284.75	424.5	392.25	409.25	492.25	409.75	AtoB
chr15	83700000	84200000	0.006369057159	-0.00964257123	chr15 83700000 84200000	197.8	247.2	243.8	274.4	305	241.8	AtoB
chr15	84300000	84400000	0.003700976541	-0.007868918216	chr15 84300000 84400000	210	259	236	282	324	238	AtoB
chr15	84500000	84600000	0.003241898131	-0.008115301618	chr15 84500000 84600000	209	278	299	330	348	271	AtoB
chr15	86200000	88700000	0.03040490914	-0.03017628564	chr15 86200000 88700000	180.04	236.92	209.24	231.36	257.36	196.2	AtoB
chr15	89500000	95800000	0.03449154076	-0.03726267942	chr15 89500000 95800000	206.904761904762	299.31746031746	262.47619047619	297.698412698413	311.126984126984	251.253968253968	AtoB
chr15	95900000	96300000	0.03449154076	-0.01292635881	chr15 95900000 96300000	229	332.25	280.5	363.5	334.25	270	AtoB
chr15	103400000	104000000	0.03542091972	-0.04009915284	chr15 103400000 104000000	225.666666666667	328.333333333333	308	326.333333333333	393.666666666667	308.166666666667	AtoB
chr16	3000000	3100000	0.01702806013	-0.000449733291	chr16 3000000 3100000	347	627	509	558	760	602	AtoB
chr16	3200000	3800000	0.01702806013	-0.01946145358	chr16 3200000 3800000	353	504	468	461.166666666667	608.833333333333	468	AtoB
chr16	5300000	10500000	0.03427857235	-0.03648115411	chr16 5300000 10500000	210.519230769231	288.346153846154	259.826923076923	277.307692307692	303.980769230769	236.923076923077	AtoB
chr16	11500000	13100000	0.0214419014	-0.02942156542	chr16 11500000 13100000	253.75	362.6875	311	374	344.3125	265.5625	AtoB
chr16	16300000	16900000	0.02283969825	-0.02140721171	chr16 16300000 16900000	247	396.666666666667	336.833333333333	366.666666666667	429.833333333333	359.333333333333	AtoB
chr16	18900000	20100000	0.04008550087	-0.0426920287	chr16 18900000 20100000	261.666666666667	387.333333333333	335.666666666667	355.5	437.166666666667	354.083333333333	AtoB
chr16	20800000	21200000	0.01056601565	-0.01108426097	chr16 20800000 21200000	322.25	469.75	431.25	503.25	556.75	470.5	AtoB
chr16	22500000	22800000	0.0046269672	-0.004897786855	chr16 22500000 22800000	204.666666666667	278	254.666666666667	308.666666666667	324.333333333333	257.333333333333	AtoB
chr16	23600000	23900000	0.001719188595	-0.002726627462	chr16 23600000 23900000	227.666666666667	374	326	404.666666666667	392	326.666666666667	AtoB
chr16	26300000	29600000	0.03186488044	-0.03272960423	chr16 26300000 29600000	212.606060606061	296.909090909091	270.30303030303	288.969696969697	333.090909090909	276.515151515152	AtoB
chr16	36100000	36900000	0.02448388696	-0.02695849497	chr16 36100000 36900000	271.125	376.125	337.75	369.875	432.375	348.75	AtoB
chr16	37000000	37700000	0.02448388696	-0.01805056895	chr16 37000000 37700000	234.857142857143	354.857142857143	305	358.714285714286	379.714285714286	316.428571428571	AtoB
chr16	38700000	42800000	0.04124557369	-0.04472316474	chr16 38700000 42800000	188.80487804878	258.512195121951	229.90243902439	240.219512195122	282.90243902439	229.414634146341	AtoB
chr16	43000000	43200000	0.04124557369	-0.002086400406	chr16 43000000 43200000	245.5	446	365.5	440.5	355.5	286.5	AtoB
chr16	43400000	43900000	0.005731937769	-0.004089634686	chr16 43400000 43900000	266.8	480.6	353.2	488.4	352.4	291.4	AtoB
chr16	46000000	49800000	0.03251417826	-0.03357527664	chr16 46000000 49800000	233.736842105263	347.315789473684	306.026315789474	335.210526315789	361.131578947368	294.315789473684	AtoB
chr16	50000000	55700000	0.03685176287	-0.03732917518	chr16 50000000 55700000	217.736842105263	316.350877192982	280	300.578947368421	333.245614035088	276	AtoB
chr16	56100000	56800000	0.02157215607	-0.01975345424	chr16 56100000 56800000	228.857142857143	343.142857142857	294.285714285714	389.571428571429	362.857142857143	317.142857142857	AtoB
chr16	56900000	57100000	0.02157215607	-0.01453500594	chr16 56900000 57100000	285.5	398.5	374	410.5	514	377	AtoB
chr16	57600000	65800000	0.037136672	-0.0366605896	chr16 57600000 65800000	222.487804878049	321.512195121951	288.292682926829	310.231707317073	353.670731707317	289.353658536585	AtoB
chr16	65900000	77300000	0.03830018382	-0.03820448881	chr16 65900000 77300000	205.938596491228	292.105263157895	256.140350877193	274.973684210526	309.280701754386	258.657894736842	AtoB
chr16	78200000	85800000	0.0414866467	-0.04094199334	chr16 78200000 85800000	210.197368421053	302.842105263158	270.184210526316	282.789473684211	325.986842105263	270.618421052632	AtoB
chr16	86900000	87200000	0.007407033481	-0.003212087422	chr16 86900000 87200000	288.666666666667	493.666666666667	424	507	411.666666666667	345.666666666667	AtoB
chr16	87500000	90200000	0.04308082436	-0.04418811269	chr16 87500000 90200000	208.407407407407	275.518518518519	255.296296296296	267.518518518519	304.333333333333	247.925925925926	AtoB
chr16	94800000	95700000	0.0160474187	-0.01505627078	chr16 94800000 95700000	213.111111111111	268.555555555556	254.222222222222	295.555555555556	317.555555555556	239	AtoB
chr16	95800000	95900000	0.0160474187	-0.003300121092	chr16 95800000 95900000	297	441	441	548	417	310	AtoB
chr16	96200000	98100000	0.03104878424	-0.03399690207	chr16 96200000 98100000	215.210526315789	298.736842105263	255.736842105263	284.894736842105	329.736842105263	271.263157894737	AtoB
chr17	0	3000000	0.000427941898	-0.000416037847	chr17 0 3000000	0	0	0	0	0	0	AtoB
chr17	3100000	3500000	0.005675327307	-0.009599880003	chr17 3100000 3500000	369.25	659.5	519	731	419	353.5	AtoB
chr17	5800000	7200000	0.009702193736	-0.0113806426	chr17 5800000 7200000	375.285714285714	640.428571428571	561.071428571429	687.571428571429	654.785714285714	508.714285714286	AtoB
chr17	8000000	8100000	0.009702193736	-0.002246307454	chr17 8000000 8100000	311	498	518	600	682	504	AtoB
chr17	12900000	13000000	0.006892118991	-0.008308639832	chr17 12900000 13000000	359	656	480	678	624	502	AtoB
chr17	13800000	13900000	0.000503536459	-0.001568813477	chr17 13800000 13900000	327	565	395	585	355	293	AtoB
chr17	14100000	14300000	0.001413017623	-0.003144606794	chr17 14100000 14300000	248	386.5	418	466	435.5	322.5	AtoB
chr17	14500000	15100000	0.01206323859	-0.01083819642	chr17 14500000 15100000	349.833333333333	691.666666666667	532.666666666667	720.333333333333	568.166666666667	457.5	AtoB
chr17	15400000	15500000	0.005139818791	-0.006346598053	chr17 15400000 15500000	268	478	312	371	415	299	AtoB
chr17	23600000	30600000	0.01499032165	-0.01474117281	chr17 23600000 30600000	314.628571428571	514.271428571429	434.514285714286	571.928571428571	468.342857142857	374.285714285714	AtoB
chr17	31500000	32600000	0.01118501433	-0.01168841611	chr17 31500000 32600000	321.272727272727	509.636363636364	476.727272727273	587.181818181818	500.454545454545	383	AtoB
chr17	32800000	33100000	0.002675387092	-0.003609891753	chr17 32800000 33100000	316.333333333333	483.666666666667	383	463	585.666666666667	495.666666666667	AtoB
chr17	33300000	36300000	0.01653579146	-0.01628601789	chr17 33300000 36300000	326.8	536.366666666667	448.4	568.1	582.6	482.2	AtoB
chr17	43600000	43800000	0.01571649115	-0.001458405971	chr17 43600000 43800000	292.5	502	408.5	542.5	425.5	367.5	AtoB
chr17	44000000	47900000	0.01571649115	-0.01515554487	chr17 44000000 47900000	325.769230769231	575.641025641026	454.461538461538	616.666666666667	464.846153846154	370.794871794872	AtoB
chr17	56000000	57000000	0.02046628197	-0.01755070168	chr17 56000000 57000000	289.9	485.5	399.7	529.5	451.8	359	AtoB
chr17	65600000	66200000	0.008637913967	-0.009017737743	chr17 65600000 66200000	318.833333333333	586.666666666667	458.5	620	502.666666666667	413.333333333333	AtoB
chr17	71000000	71600000	0.005888438146	-0.006931651387	chr17 71000000 71600000	332.166666666667	570.666666666667	477.166666666667	605	480	393.166666666667	AtoB
chr17	72900000	73200000	0.001939671514	-0.004904277507	chr17 72900000 73200000	341	706	535.666666666667	781.333333333333	440.666666666667	336.666666666667	AtoB
chr17	74200000	75300000	0.009005651857	-0.009962354718	chr17 74200000 75300000	319.636363636364	548.909090909091	449.818181818182	585.909090909091	442.727272727273	375	AtoB
chr17	78700000	81000000	0.01596309984	-0.01540223404	chr17 78700000 81000000	331.608695652174	606.826086956522	480.695652173913	643.04347826087	458.347826086957	371.826086956522	AtoB
chr17	83300000	83500000	0.004132612347	-0.004684452493	chr17 83300000 83500000	338	593	459	665.5	440.5	354	AtoB
chr17	83700000	85100000	0.01305750993	-0.01368621929	chr17 83700000 85100000	314.785714285714	554.5	451.071428571429	607.357142857143	415.214285714286	330.785714285714	AtoB
chr17	85600000	87700000	0.01020916019	-0.0115969701	chr17 85600000 87700000	308.619047619048	496.285714285714	432.571428571429	552.904761904762	433.904761904762	335.809523809524	AtoB
chr17	87900000	88100000	0.005950100782	-0.00557026883	chr17 87900000 88100000	326.5	558	460.5	642.5	503.5	417.5	AtoB
chr17	88200000	88500000	0.0007972740123	-0.004401958151	chr17 88200000 88500000	361.666666666667	607.666666666667	482	634.333333333333	524	440	AtoB
chr2	173200000	173400000	0.001323385349	-0.002730738956	chr2 173200000 173400000	296	426.5	439.5	538	412.5	272.5	AtoB
chr4	3000000	3600000	0.01026597566	-0.00664564177	chr4 3000000 3600000	978.833333333333	941.833333333333	1107.16666666667	933.666666666667	1658.33333333333	1295	AtoB
chr4	3900000	5600000	0.01052355985	-0.008390715121	chr4 3900000 5600000	277.117647058824	425.411764705882	379.294117647059	433.058823529412	464.941176470588	381.529411764706	AtoB
chr4	5800000	6300000	0.005873847622	-0.005850770076	chr4 5800000 6300000	297.4	469.6	423.6	472.6	528.8	423.6	AtoB
chr4	7900000	8500000	0.006496502246	-0.005325663285	chr4 7900000 8500000	272.333333333333	415.166666666667	359.5	417.833333333333	473.833333333333	393.5	AtoB
chr4	11700000	11900000	0.000612225825	-0.003239199423	chr4 11700000 11900000	307	497.5	439.5	578.5	456	357.5	AtoB
chr4	12200000	13800000	0.006619756389	-0.008737895658	chr4 12200000 13800000	267.0625	415.875	354.9375	394.5625	419.6875	346.5625	AtoB
chr4	14000000	14500000	0.003518076518	-0.009442767279	chr4 14000000 14500000	279.8	425	376.6	466.8	465.2	400.2	AtoB
chr4	14700000	14800000	0.001682269925	-0.002063762407	chr4 14700000 14800000	327	537	453	547	500	447	AtoB
chr4	14900000	15200000	0.007807836604	-0.002789988273	chr4 14900000 15200000	287.666666666667	440.666666666667	417.333333333333	437	458.333333333333	381.333333333333	AtoB
chr4	15300000	16000000	0.01314810794	-0.01144640279	chr4 15300000 16000000	263.714285714286	404.857142857143	341.857142857143	385.714285714286	434.285714285714	360.571428571429	AtoB
chr4	16200000	19600000	0.01678737637	-0.006855708233	chr4 16200000 19600000	268.647058823529	395.5	354.235294117647	356.529411764706	438.441176470588	352.382352941176	AtoB
chr4	19700000	21800000	0.01678737637	-0.01825028402	chr4 19700000 21800000	259.52380952381	374.047619047619	328.761904761905	351.142857142857	430.190476190476	346.047619047619	AtoB
chr4	22000000	32000000	0.01678737637	-0.01844215168	chr4 22000000 32000000	250.05	364.86	324.86	340.75	405.63	341.31	AtoB
chr4	33400000	34500000	0.008857849833	-0.008240031076	chr4 33400000 34500000	279.727272727273	406	383.727272727273	426.090909090909	446	353.727272727273	AtoB
chr4	34900000	40200000	0.02678182985	-0.02599282901	chr4 34900000 40200000	247.641509433962	362.188679245283	312.339622641509	334.377358490566	392.132075471698	325.452830188679	AtoB
chr4	40300000	40700000	0.01202981771	-0.01438198356	chr4 40300000 40700000	271	400.25	391.5	402	486	376.75	AtoB
chr4	46700000	47000000	0.00466034321	-0.006656316572	chr4 46700000 47000000	216.666666666667	273.666666666667	247.333333333333	293.333333333333	334	264.666666666667	AtoB
chr4	47500000	48000000	0.008357945655	-0.007274727569	chr4 47500000 48000000	235.8	392.8	327.2	436.4	407.4	370.4	AtoB
chr4	48700000	53400000	0.02671076552	-0.02503630481	chr4 48700000 53400000	251.595744680851	363.808510638298	323.042553191489	337	408.723404255319	333.595744680851	AtoB
chr4	53800000	54900000	0.01002563957	-0.009824109965	chr4 53800000 54900000	276.363636363636	402.090909090909	364	412.363636363636	432.909090909091	360.363636363636	AtoB
chr4	59900000	60900000	0.02735743863	-0.02226483834	chr4 59900000 60900000	310.3	505.5	439.9	450.9	572.6	474.5	AtoB
chr4	61100000	62300000	0.02839526583	-0.02466812989	chr4 61100000 62300000	319.333333333333	527.916666666667	451.5	474.666666666667	620.583333333333	503.5	AtoB
chr4	65600000	82300000	0.03565788851	-0.03503242519	chr4 65600000 82300000	201.131736526946	284.461077844311	254.670658682635	268.946107784431	310.814371257485	254.958083832335	AtoB
chr4	82500000	83200000	0.01131204331	-0.01388938319	chr4 82500000 83200000	213	343	299.142857142857	385.857142857143	348.285714285714	287.142857142857	AtoB
chr4	83500000	89000000	0.02293536279	-0.0227710036	chr4 83500000 89000000	215.436363636364	334.036363636364	282.690909090909	339.490909090909	311.763636363636	256.836363636364	AtoB
chr4	89400000	95000000	0.03374925031	-0.04402837625	chr4 89400000 95000000	194.571428571429	270.357142857143	239.767857142857	249.160714285714	303.410714285714	248.303571428571	AtoB
chr4	95800000	99000000	0.03374925031	-0.02465803996	chr4 95800000 99000000	223.375	338.84375	291.78125	353.28125	322.0625	268.28125	AtoB
chr4	99100000	101200000	0.007083594785	-0.0144844629	chr4 99100000 101200000	239.380952380952	372.857142857143	327.142857142857	423.428571428571	332.571428571429	269.190476190476	AtoB
chr4	101300000	106300000	0.0322682999	-0.02938937828	chr4 101300000 106300000	192.58	276.14	249.6	284.62	284.82	226.36	AtoB
chr4	109800000	115800000	0.04122128419	-0.04262678899	chr4 109800000 115800000	225.133333333333	329.65	302.116666666667	319.4	360.3	290.7	AtoB
chr4	115900000	116000000	0.001237889622	-0.002252409397	chr4 115900000 116000000	200	264	270	311	357	252	AtoB
chr4	118500000	119200000	0.01993772495	-0.02484595307	chr4 118500000 119200000	258	344	326	357.285714285714	402.285714285714	310.857142857143	AtoB
chr4	119600000	119900000	0.004235877243	-0.004668363992	chr4 119600000 119900000	188.333333333333	259.333333333333	272.333333333333	296	294	246.666666666667	AtoB
chr4	120200000	120400000	0.003608654647	-0.003090695839	chr4 120200000 120400000	176	239.5	249	313	303	224	AtoB
chr4	120600000	120800000	0.03291054163	-0.004536393563	chr4 120600000 120800000	194	278.5	254.5	309	284	230	AtoB
chr4	120900000	123200000	0.03291054163	-0.03311571341	chr4 120900000 123200000	261	382.826086956522	334.130434782609	365.347826086957	423.521739130435	345.782608695652	AtoB
chr4	123900000	124700000	0.01911238821	-0.02249779354	chr4 123900000 124700000	178	246.875	219	244.75	270.625	220.875	AtoB
chr4	125200000	126000000	0.01528146224	-0.02289858566	chr4 125200000 126000000	161.75	206.625	195.5	212.25	254.75	186	AtoB
chr4	127200000	128600000	0.02780801867	-0.03276250932	chr4 127200000 128600000	156.928571428571	213.571428571429	203.357142857143	214	253.285714285714	188.714285714286	AtoB
chr4	131000000	131800000	0.01276911444	-0.02130513567	chr4 131000000 131800000	178.5	224.375	200.75	228	251.5	202.875	AtoB
chr4	139900000	140400000	0.004814903889	-0.008854071387	chr4 139900000 140400000	168.6	208.6	184.4	216.6	251.2	192.2	AtoB
chr4	141900000	145900000	0.0354438462	-0.0379447218	chr4 141900000 145900000	250.95	352.925	316.325	351.075	389.8	314.8	AtoB
chr4	146000000	146300000	0.03251177707	-0.02943898841	chr4 146000000 146300000	281.666666666667	417	377	392.666666666667	563.333333333333	449.666666666667	AtoB
chr4	146400000	147900000	0.03571516449	-0.03643699948	chr4 146400000 147900000	324.866666666667	503.133333333333	462.4	465.4	683.666666666667	569	AtoB
chr4	148200000	148400000	0.005461130017	-0.01151205596	chr4 148200000 148400000	145.5	159	155	205	188.5	161	AtoB
chr4	151200000	151800000	0.007924485857	-0.01167254119	chr4 151200000 151800000	134.333333333333	166	150.333333333333	178.666666666667	177.333333333333	134	AtoB
chr4	152500000	154000000	0.02544428385	-0.02718202763	chr4 152500000 154000000	137.466666666667	176.066666666667	155.666666666667	178.533333333333	196.133333333333	152.533333333333	AtoB
chr4	154400000	154800000	0.006386749064	-0.01275640311	chr4 154400000 154800000	111.5	138.75	144.5	152.75	175.5	132.5	AtoB
chr4	156300000	156400000	0.007317563993	-0.004914550822	chr4 156300000 156400000	172	229	212	220	273	238	AtoB
chr5	4200000	5000000	0.01290900266	-0.01423769527	chr5 4200000 5000000	273.25	460.5	349.25	434.25	408.25	315.875	AtoB
chr5	5400000	12600000	0.0263861653	-0.02588469904	chr5 5400000 12600000	252.902777777778	365.597222222222	329.486111111111	338.930555555556	417.5	337.638888888889	AtoB
chr5	12700000	12800000	0.0263861653	-0.00572542502	chr5 12700000 12800000	312	631	406	493	500	399	AtoB
chr5	13600000	15100000	0.03052325099	-0.02988466088	chr5 13600000 15100000	265.533333333333	412.266666666667	363.666666666667	395.066666666667	466.8	368.066666666667	AtoB
chr5	15400000	20900000	0.0287241296	-0.02717342779	chr5 15400000 20900000	244.309090909091	366.836363636364	327.672727272727	352.727272727273	402.181818181818	322.327272727273	AtoB
chr5	21000000	21400000	0.0065463798	-0.003425124893	chr5 21000000 21400000	265.25	408	371	463.25	431.5	353	AtoB
chr5	21500000	21600000	0.02055519808	-0.000025664003	chr5 21500000 21600000	338	640	512	641	462	371	AtoB
chr5	21800000	23400000	0.02055519808	-0.0252412	chr5 21800000 23400000	240	345.875	306.8125	330.1875	395.625	317.75	AtoB
chr5	25800000	29400000	0.02812990904	-0.02915045106	chr5 25800000 29400000	236.527777777778	339.055555555556	293.611111111111	333.333333333333	373.583333333333	298.25	AtoB
chr5	37400000	38000000	0.007065583232	-0.007311658589	chr5 37400000 38000000	234.666666666667	299.833333333333	294.666666666667	334.666666666667	364	290.833333333333	AtoB
chr5	38600000	43700000	0.02930488196	-0.03155728966	chr5 38600000 43700000	222.960784313725	316.725490196078	279.156862745098	296.039215686275	349.43137254902	277.352941176471	AtoB
chr5	43800000	46500000	0.02930488196	-0.0241746723	chr5 43800000 46500000	231.333333333333	334.592592592593	291.555555555556	325.666666666667	362.555555555556	293.444444444444	AtoB
chr5	46800000	53400000	0.02339607212	-0.02544580931	chr5 46800000 53400000	233.954545454545	358.106060606061	299.454545454545	343.530303030303	349.242424242424	285.166666666667	AtoB
chr5	53600000	64300000	0.03477696157	-0.03348062935	chr5 53600000 64300000	224.841121495327	320.700934579439	284.364485981308	296.831775700935	350.738317757009	285.570093457944	AtoB
chr5	65900000	66400000	0.007351430673	-0.01163967244	chr5 65900000 66400000	222.6	334	286.4	358.4	329	243.8	AtoB
chr5	66600000	72800000	0.0311201499	-0.03265555713	chr5 66600000 72800000	193.225806451613	265.548387096774	240.451612903226	252.064516129032	298.112903225806	242.225806451613	AtoB
chr5	75200000	76200000	0.0194447178	-0.01870660438	chr5 75200000 76200000	174.6	236.6	213.2	231	275.4	211.3	AtoB
chr5	76400000	76500000	0.004659275105	-0.004852977887	chr5 76400000 76500000	218	291	309	312	322	261	AtoB
chr5	76600000	76900000	0.004659275105	-0.008257213532	chr5 76600000 76900000	184.666666666667	239	221.666666666667	252.333333333333	265.333333333333	226	AtoB
chr5	77400000	90200000	0.03286518984	-0.0335175905	chr5 77400000 90200000	197.0859375	272.8125	245.6875	250.2421875	304.4453125	249.9296875	AtoB
chr5	90400000	90600000	0.006717640296	-0.01303565887	chr5 90400000 90600000	187	234	250.5	285	322	262	AtoB
chr5	90900000	92000000	0.01580276459	-0.01672765906	chr5 90900000 92000000	211.454545454545	289.818181818182	277	290.545454545455	320.363636363636	254.272727272727	AtoB
chr5	92500000	93000000	0.01155319024	-0.007064079523	chr5 92500000 93000000	224.4	345.8	327	385.4	361.6	286.4	AtoB
chr5	93200000	93900000	0.02989975291	-0.02796595791	chr5 93200000 93900000	274.857142857143	391.285714285714	355	355.571428571429	446.571428571429	370.428571428571	AtoB
chr5	94000000	94500000	0.02826077665	-0.02711934155	chr5 94000000 94500000	239	343.6	325.4	304.8	423.6	323.8	AtoB
chr5	94600000	94800000	0.04729559579	-0.0533363054	chr5 94600000 94800000	284.5	422.5	389.5	393.5	572	420	AtoB
chr5	94900000	96800000	0.02081785001	-0.0210866525	chr5 94900000 96800000	230.684210526316	331.473684210526	299.631578947368	308.526315789474	387	301.052631578947	AtoB
chr5	97100000	99900000	0.02081785001	-0.02044012032	chr5 97100000 99900000	185.25	263.821428571429	235.714285714286	264.25	279.821428571429	227.464285714286	AtoB
chr5	100100000	100300000	0.01092522311	-0.01429496497	chr5 100100000 100300000	200	264.5	248	320	347.5	261	AtoB
chr5	100700000	103400000	0.01961083292	-0.02034752201	chr5 100700000 103400000	210.518518518519	306.592592592593	272.777777777778	322.222222222222	306.555555555556	245.37037037037	AtoB
chr5	104500000	106900000	0.02266823232	-0.02145314366	chr5 104500000 106900000	235.666666666667	327.416666666667	312.041666666667	355.5	376.625	312.166666666667	AtoB
chr5	108700000	110100000	0.02745499015	-0.02911555043	chr5 108700000 110100000	295.642857142857	440.142857142857	395.214285714286	426.071428571429	530.214285714286	457.571428571429	AtoB
chr5	116100000	116400000	0.009588672239	-0.01010019408	chr5 116100000 116400000	204.666666666667	247	240	265.666666666667	302	228.666666666667	AtoB
chr5	116500000	117100000	0.01727513608	-0.02126446036	chr5 116500000 117100000	189.333333333333	245.833333333333	225	238.666666666667	281	212.5	AtoB
chr5	117400000	117900000	0.008446733769	-0.01332087733	chr5 117400000 117900000	182	240.4	210.8	250.8	272.4	208.4	AtoB
chr5	119000000	119100000	0.000909638915	-0.00029131542	chr5 119000000 119100000	223	260	248	313	314	223	AtoB
chr5	119300000	119600000	0.003335971904	-0.003868384377	chr5 119300000 119600000	197.333333333333	286.666666666667	261.666666666667	290.333333333333	307.666666666667	245	AtoB
chr5	119700000	120100000	0.007394019214	-0.008754267128	chr5 119700000 120100000	210.25	271	244.5	294.25	318.5	272	AtoB
chr5	125500000	129000000	0.0377913434	-0.03813305624	chr5 125500000 129000000	216.457142857143	286.171428571429	261.942857142857	273.257142857143	332.971428571429	252.628571428571	AtoB
chr5	129300000	129400000	0.002258699669	-0.009026047992	chr5 129300000 129400000	238	252	270	284	349	270	AtoB
chr5	130300000	134100000	0.02410203184	-0.02905947303	chr5 130300000 134100000	205.105263157895	295.868421052632	252.578947368421	295.526315789474	299.947368421053	239.789473684211	AtoB
chr5	140900000	142300000	0.02124635385	-0.02716090224	chr5 140900000 142300000	220.428571428571	293.357142857143	258.785714285714	276.928571428571	321.714285714286	259	AtoB
chr5	144300000	144700000	0.009871321178	-0.0149575088	chr5 144300000 144700000	251.5	343.75	307.75	351.5	398.75	308.75	AtoB
chr5	145200000	146700000	0.02327047448	-0.02760426484	chr5 145200000 146700000	308.8	457.266666666667	399.2	433.333333333333	517.333333333333	414	AtoB
chr5	147100000	147400000	0.005060567551	-0.006466953188	chr5 147100000 147400000	256.333333333333	364.333333333333	333	409.333333333333	414.666666666667	323.666666666667	AtoB
chr5	147900000	148200000	0.006414895133	-0.008464848536	chr5 147900000 148200000	220.666666666667	330	306.333333333333	346.666666666667	399	312.333333333333	AtoB
chr5	149700000	150500000	0.01395639122	-0.01249169678	chr5 149700000 150500000	228.375	324.25	297.375	357.25	354.375	301.125	AtoB
chr6	3500000	3600000	0.000614685647	-0.000664227649	chr6 3500000 3600000	256	374	313	315	343	287	AtoB
chr6	4000000	4100000	0.000338227959	-0.001329590924	chr6 4000000 4100000	248	336	300	349	485	367	AtoB
chr6	65800000	65900000	0.003349112662	-0.001338854066	chr6 65800000 65900000	377	807	570	806	414	311	AtoB
chr6	94600000	94700000	0.001112945154	-0.000700961327	chr6 94600000 94700000	271	476	486	703	411	341	AtoB
chr6	134000000	134200000	0.000864976049	-0.001467115939	chr6 134000000 134200000	335.5	540.5	482.5	633	436	345	AtoB
chr6	137100000	137200000	0.000428562705	-0.01324109589	chr6 137100000 137200000	407	861	537	816	473	390	AtoB
chr7	3400000	3600000	0.000999725858	-0.00272302606	chr7 3400000 3600000	203.5	306	266	314	292	222.5	AtoB
chr7	89800000	89900000	0.005892858573	-0.003672441316	chr7 89800000 89900000	269	468	429	463	384	286	AtoB
chr7	111300000	111900000	0.007695896536	-0.002007799826	chr7 111300000 111900000	175.5	238.166666666667	216	228.666666666667	278.333333333333	206.333333333333	AtoB
chr7	113000000	113100000	0.000319630498	-0.000170513531	chr7 113000000 113100000	150	264	245	284	300	204	AtoB
chr8	31500000	31700000	0.0002633266465	-0.002739072304	chr8 31500000 31700000	266.5	400	365.5	363.5	355.5	268.5	AtoB
chr8	103600000	103700000	0.001999157553	-0.003240476356	chr8 103600000 103700000	340	593	427	538	472	321	AtoB
chr8	125600000	125700000	0.001082248597	-0.000288913872	chr8 125600000 125700000	245	340	341	406	434	329	AtoB
chr9	75100000	75300000	0.00064885353	-0.002921878715	chr9 75100000 75300000	248	444	316	431.5	285	204	AtoB
chr9	80000000	80200000	0.003328980336	-0.001029321388	chr9 80000000 80200000	247	393.5	353.5	432	376	293	AtoB
chr9	83800000	83900000	0.005139860403	-0.004866110857	chr9 83800000 83900000	205	308	264	290	298	278	AtoB
chr9	84500000	85500000	0.005139860403	-0.007131552392	chr9 84500000 85500000	232.1	375.9	303.7	372.8	320.4	284.2	AtoB
chr9	95500000	95600000	0.001050465592	-0.000875651449	chr9 95500000 95600000	207	305	322	350	358	305	AtoB
chr9	97000000	97100000	0.003159750782	-0.00136617197	chr9 97000000 97100000	237	367	328	384	340	265	AtoB
chr1	3300000	3400000	-0.000198946551	-0.004390435852	chr1 3300000 3400000	235	282	248	256	355	279	BtoB
chr1	3700000	3800000	-0.000100179758	-0.005054724708	chr1 3700000 3800000	229	318	289	272	397	283	BtoB
chr1	5600000	5700000	-0.000003025548	-0.00448349434	chr1 5600000 5700000	251	397	352	340	425	316	BtoB
chr1	7700000	8400000	-0.001422392029	-0.005230764991	chr1 7700000 8400000	247.571428571429	355.714285714286	315.857142857143	318	397.857142857143	330.857142857143	BtoB
chr1	8500000	8600000	-0.000810014243	-0.000841905837	chr1 8500000 8600000	238	340	343	287	395	325	BtoB
chr1	8700000	9000000	-0.0005389212057	-0.005390549225	chr1 8700000 9000000	253	365.666666666667	314.666666666667	305	419	342.333333333333	BtoB
chr1	9100000	9300000	-0.001720234134	-0.004842850296	chr1 9100000 9300000	235	352	308	315.5	382	309.5	BtoB
chr1	11300000	11600000	-0.000656904177	-0.005823649717	chr1 11300000 11600000	225.333333333333	321.666666666667	264.333333333333	286	366.333333333333	284	BtoB
chr1	11700000	12700000	-0.002691253201	-0.00771804456	chr1 11700000 12700000	226	327	284.9	295.2	371	304.8	BtoB
chr1	15000000	15700000	-0.001874273681	-0.007014637302	chr1 15000000 15700000	215.714285714286	306	278.857142857143	275.142857142857	342.285714285714	279.285714285714	BtoB
chr1	16900000	17100000	-0.002310747561	-0.006142221402	chr1 16900000 17100000	217	311.5	266	295	321.5	280.5	BtoB
chr1	17200000	19000000	-0.003478008964	-0.008729199397	chr1 17200000 19000000	238.833333333333	334.388888888889	297.666666666667	311.5	377.388888888889	307.055555555556	BtoB
chr1	19300000	19400000	-0.000906598057	-0.001721296631	chr1 19300000 19400000	251	378	358	369	430	357	BtoB
chr1	19500000	19600000	-0.000733434333	-0.003910303117	chr1 19500000 19600000	212	330	243	282	320	286	BtoB
chr1	21400000	23000000	-0.003718466557	-0.007706261833	chr1 21400000 23000000	198.75	269	239.875	246.125	304.0625	242.75	BtoB
chr1	23500000	23800000	-0.003149803159	-0.004928374438	chr1 23500000 23800000	222.333333333333	297.666666666667	285.666666666667	291.333333333333	362.333333333333	299.333333333333	BtoB
chr1	24800000	30800000	-0.006892938352	-0.01071848071	chr1 24800000 30800000	212.85	294.183333333333	263.533333333333	265.35	327.116666666667	278.066666666667	BtoB
chr1	31000000	33500000	-0.007364875927	-0.01067748499	chr1 31000000 33500000	220.2	306.4	271.04	287.44	343.64	281.48	BtoB
chr1	34900000	35700000	-0.006781806756	-0.01134211063	chr1 34900000 35700000	221.875	297.875	280.75	311.5	355.375	282.5	BtoB
chr1	40800000	42800000	-0.0116322282	-0.01523474311	chr1 40800000 42800000	190	262.65	231.2	252.1	285.65	236.55	BtoB
chr1	46100000	50900000	-0.01108289597	-0.01563008437	chr1 46100000 50900000	236.541666666667	342.75	299.645833333333	312.166666666667	383.416666666667	322.354166666667	BtoB
chr1	51100000	51200000	-0.01108289597	-0.000236507792	chr1 51100000 51200000	233	339	313	318	321	230	BtoB
chr1	51300000	51400000	-0.01108289597	-0.000762444433	chr1 51300000 51400000	231	344	294	349	364	288	BtoB
chr1	52900000	53700000	-0.006164715711	-0.009717452431	chr1 52900000 53700000	280.375	432.375	366.625	403.5	473.25	402.5	BtoB
chr1	53900000	54400000	-0.004028407746	-0.009474309317	chr1 53900000 54400000	264.8	458.4	337.6	455.6	390.2	330.6	BtoB
chr1	55300000	56800000	-0.01049524316	-0.01315937804	chr1 55300000 56800000	213.4	307.6	276	328.133333333333	350.466666666667	299.066666666667	BtoB
chr1	57500000	57900000	-0.00827216791	-0.01379080358	chr1 57500000 57900000	187.5	265.5	225.5	266.25	316.25	241	BtoB
chr1	61200000	62000000	-0.003943316949	-0.01252039869	chr1 61200000 62000000	209.75	339.75	273.75	359	337	301.25	BtoB
chr1	65300000	66700000	-0.01216066379	-0.01486556012	chr1 65300000 66700000	223.714285714286	326.928571428571	290.428571428571	311.857142857143	356.714285714286	295.642857142857	BtoB
chr1	66900000	69400000	-0.01255765588	-0.01924751272	chr1 66900000 69400000	199.6	275.32	248.16	260.52	299.44	250.76	BtoB
chr1	69600000	71500000	-0.01255765588	-0.01216336513	chr1 69600000 71500000	204.842105263158	294.631578947368	263.263157894737	277.789473684211	321.789473684211	260.842105263158	BtoB
chr1	73100000	73200000	-0.0004711065	-0.00166380778	chr1 73100000 73200000	218	371	376	422	297	261	BtoB
chr1	73300000	73400000	-0.001673775069	-0.000553753177	chr1 73300000 73400000	288	443	412	432	402	293	BtoB
chr1	73500000	73800000	-0.001673775069	-0.001516399029	chr1 73500000 73800000	213.666666666667	339.666666666667	332.666666666667	377.666666666667	360.666666666667	280	BtoB
chr1	75700000	77400000	-0.01241093779	-0.01509365675	chr1 75700000 77400000	190.058823529412	269.529411764706	232.176470588235	259.764705882353	297.529411764706	241.470588235294	BtoB
chr1	77500000	77900000	-0.01241093779	-0.008692741823	chr1 77500000 77900000	233	349.5	341	378.25	341.75	279.25	BtoB
chr1	78700000	79700000	-0.01187244678	-0.01590677927	chr1 78700000 79700000	233.3	366.5	300.5	364.3	364.6	299.4	BtoB
chr1	80400000	80500000	-0.01416357145	-0.000473784851	chr1 80400000 80500000	238	339	364	415	388	293	BtoB
chr1	80600000	81300000	-0.01416357145	-0.01452007727	chr1 80600000 81300000	201.142857142857	295.857142857143	275.428571428571	298.428571428571	321.571428571429	282.571428571429	BtoB
chr1	82400000	82700000	-0.005021992057	-0.008056027043	chr1 82400000 82700000	225	333.333333333333	300	346	352.333333333333	280.333333333333	BtoB
chr1	82900000	83800000	-0.01583600667	-0.01856750843	chr1 82900000 83800000	216.888888888889	297.333333333333	286.666666666667	321.222222222222	341	263.555555555556	BtoB
chr1	84900000	85700000	-0.007713493847	-0.010051514	chr1 84900000 85700000	361.875	608.25	550.875	598.375	733.125	584	BtoB
chr1	93900000	97900000	-0.02608894549	-0.02196625488	chr1 93900000 97900000	222.65	321.825	282.7	297.325	356.55	291.275	BtoB
chr1	98100000	105900000	-0.02608894549	-0.02822943144	chr1 98100000 105900000	226.461538461538	322.24358974359	278.076923076923	289.5	348.576923076923	290.551282051282	BtoB
chr1	106500000	106700000	-0.03214722051	-0.002072366865	chr1 106500000 106700000	254.5	428.5	388	537	332.5	267	BtoB
chr1	106800000	121300000	-0.03214722051	-0.03139790545	chr1 106800000 121300000	234.006896551724	344.827586206897	294.827586206897	322.475862068966	363.11724137931	298.4	BtoB
chr1	121400000	127800000	-0.03214722051	-0.03453844317	chr1 121400000 127800000	211.625	296.578125	267.03125	288.53125	318.484375	256.703125	BtoB
chr1	128200000	131100000	-0.0359778192	-0.03603595235	chr1 128200000 131100000	214.551724137931	305	267.103448275862	290.758620689655	329.48275862069	269.724137931034	BtoB
chr1	136500000	136600000	-0.03557948041	-0.003285865047	chr1 136500000 136600000	291	430	402	471	371	288	BtoB
chr1	136700000	151400000	-0.03557948041	-0.03558627575	chr1 136700000 151400000	224.428571428571	332.755102040816	290.918367346939	323.040816326531	351.34693877551	292.068027210884	BtoB
chr1	151800000	152500000	-0.00915763051	-0.006671558411	chr1 151800000 152500000	224.285714285714	350	303.285714285714	379.428571428571	346.571428571429	289.142857142857	BtoB
chr1	153500000	155700000	-0.027444226	-0.02572217997	chr1 153500000 155700000	221.909090909091	318.818181818182	294.909090909091	341.136363636364	339.272727272727	271.772727272727	BtoB
chr1	157500000	158700000	-0.02378009677	-0.01903070064	chr1 157500000 158700000	203.083333333333	275.25	254.75	282.75	310.916666666667	243.666666666667	BtoB
chr1	159400000	160200000	-0.01179857757	-0.01303236554	chr1 159400000 160200000	219.5	303.5	281.125	328.125	316.75	263.625	BtoB
chr1	160400000	160700000	-0.002880549929	-0.002042152643	chr1 160400000 160700000	250.666666666667	382.666666666667	345.333333333333	414	357.333333333333	275	BtoB
chr1	160800000	160900000	-0.002880549929	-0.003565743289	chr1 160800000 160900000	229	384	374	477	478	396	BtoB
chr1	161100000	161800000	-0.01678720028	-0.01755108731	chr1 161100000 161800000	213.142857142857	343.714285714286	291.142857142857	341	372.285714285714	318.285714285714	BtoB
chr1	165500000	165600000	-0.02969281082	-0.000929922626	chr1 165500000 165600000	272	405	402	456	399	341	BtoB
chr1	165700000	170000000	-0.02969281082	-0.03231299776	chr1 165700000 170000000	214.441860465116	300.209302325581	277.209302325581	314.186046511628	328	262.53488372093	BtoB
chr1	170200000	171100000	-0.02969281082	-0.01351929341	chr1 170200000 171100000	247.555555555556	369.555555555556	332.444444444444	408.444444444444	407.444444444444	326	BtoB
chr1	171400000	177700000	-0.03177073377	-0.03208388856	chr1 171400000 177700000	237.460317460317	341.968253968254	298.936507936508	349.285714285714	359.825396825397	290.507936507937	BtoB
chr1	177800000	178300000	-0.03177073377	-0.01081134478	chr1 177800000 178300000	328.2	501	432.8	500	580.2	470.4	BtoB
chr1	179200000	179400000	-0.00279628781	-0.00445318737	chr1 179200000 179400000	211.5	353.5	296.5	399	290.5	229.5	BtoB
chr1	181300000	181800000	-0.01020285697	-0.006856955707	chr1 181300000 181800000	217	321.4	304.4	367.4	354	291	BtoB
chr1	185000000	185200000	-0.002885910909	-0.006460939639	chr1 185000000 185200000	242.5	320	315	390.5	372.5	307	BtoB
chr1	185400000	189700000	-0.03198839281	-0.03326528096	chr1 185400000 189700000	208.279069767442	303.790697674419	270.860465116279	316.023255813953	298.302325581395	238.651162790698	BtoB
chr1	189800000	190900000	-0.03198839281	-0.03077624658	chr1 189800000 190900000	207.454545454545	294.727272727273	247.181818181818	307.272727272727	283.727272727273	222.636363636364	BtoB
chr1	192200000	192700000	-0.01076384174	-0.01291357099	chr1 192200000 192700000	221.4	319	293.8	321.2	311	244	BtoB
chr1	192900000	193100000	-0.01252415087	-0.005743701265	chr1 192900000 193100000	227.5	329	318.5	344.5	394	295.5	BtoB
chr1	193200000	195400000	-0.01252415087	-0.01647678419	chr1 193200000 195400000	246.272727272727	370.227272727273	348.727272727273	406.636363636364	346.454545454545	277.090909090909	BtoB
chr10	24600000	24800000	-0.003607076427	-0.001709902963	chr10 24600000 24800000	234	354.5	339.5	387.5	361.5	307.5	BtoB
chr10	68600000	68900000	-0.002604861572	-0.001141202229	chr10 68600000 68900000	271	441	378.666666666667	513	352.333333333333	316.333333333333	BtoB
chr10	69000000	69100000	-0.002604861572	-0.00046149114	chr10 69000000 69100000	254	373	320	437	409	341	BtoB
chr10	93600000	93800000	-0.001226670364	-0.000967644701	chr10 93600000 93800000	300	383.5	406.5	480.5	417	340.5	BtoB
chr11	0	3100000	-0.000192227467	-0.000190915238	chr11 0 3100000	0	0	0	0	0	0	BtoB
chr11	3200000	6600000	-0.02261038352	-0.02084869806	chr11 3200000 6600000	292.147058823529	486.735294117647	415.176470588235	538.235294117647	426.264705882353	346.147058823529	BtoB
chr11	20100000	21700000	-0.005502057688	-0.005460338213	chr11 20100000 21700000	301.375	531.0625	438	587.5	488.625	399.75	BtoB
chr11	22000000	23600000	-0.009022462541	-0.009112377057	chr11 22000000 23600000	313.25	537.1875	427.5625	544.5	458.75	386.625	BtoB
chr11	32400000	32600000	-0.002499830041	-0.002453814069	chr11 32400000 32600000	336	608.5	504.5	721	387	317	BtoB
chr11	50100000	50400000	-0.008747070964	-0.009309225474	chr11 50100000 50400000	291	560.333333333333	424.666666666667	588	464.333333333333	382.666666666667	BtoB
chr11	50600000	50700000	-0.000938796034	-0.001956397321	chr11 50600000 50700000	312	611	525	757	352	252	BtoB
chr11	51600000	52500000	-0.01368334004	-0.01389184303	chr11 51600000 52500000	316.555555555556	556.666666666667	482.666666666667	635	503.777777777778	408.111111111111	BtoB
chr11	53200000	55200000	-0.01617919648	-0.01504536694	chr11 53200000 55200000	301.1	514.25	426.8	566.35	440	353.15	BtoB
chr11	55400000	55500000	-0.001260770032	-0.000441501378	chr11 55400000 55500000	349	743	463	732	508	387	BtoB
chr11	58900000	62700000	-0.0189966627	-0.01723521153	chr11 58900000 62700000	293.447368421053	495.315789473684	415.815789473684	547.736842105263	432.315789473684	359.657894736842	BtoB
chr11	68500000	71000000	-0.01993685108	-0.01815304707	chr11 68500000 71000000	300.4	512.24	402.68	539.24	472.36	393.16	BtoB
chr11	72400000	72900000	-0.002860839826	-0.002826564169	chr11 72400000 72900000	295.8	516.2	439	568.8	419.2	343.8	BtoB
chr11	74600000	80500000	-0.01856896133	-0.0171193494	chr11 74600000 80500000	301.983050847458	513.932203389831	426.728813559322	574.508474576271	439.372881355932	360.050847457627	BtoB
chr11	83300000	89000000	-0.01530627227	-0.01301655515	chr11 83300000 89000000	288	488.754385964912	394.719298245614	533.649122807018	412.175438596491	344.333333333333	BtoB
chr11	93900000	103700000	-0.01698327475	-0.0155139242	chr11 93900000 103700000	308.295918367347	522.357142857143	431.224489795918	570.581632653061	462.69387755102	379.510204081633	BtoB
chr11	103800000	104000000	-0.002194951003	-0.005187560903	chr11 103800000 104000000	261	437	311.5	419.5	321.5	267.5	BtoB
chr11	104300000	104500000	-0.002422115922	-0.005593984283	chr11 104300000 104500000	290.5	516.5	446.5	590.5	439.5	339.5	BtoB
chr11	105200000	107300000	-0.0135392483	-0.0131738734	chr11 105200000 107300000	314.238095238095	501.952380952381	425.52380952381	547.428571428571	437.333333333333	357.666666666667	BtoB
chr11	107400000	107600000	-0.003759112077	-0.00170285878	chr11 107400000 107600000	291.5	468.5	416	561.5	485.5	380.5	BtoB
chr11	114700000	118600000	-0.01647850648	-0.01667629952	chr11 114700000 118600000	311.128205128205	535.923076923077	442.410256410256	598.333333333333	436.641025641026	347.205128205128	BtoB
chr11	118700000	118800000	-0.01647850648	-0.000558335574	chr11 118700000 118800000	191	237	227	223	320	263	BtoB
chr11	118900000	121800000	-0.01647850648	-0.01414691816	chr11 118900000 121800000	290.620689655172	486.103448275862	395.137931034483	532.586206896552	414.413793103448	337.241379310345	BtoB
chr12	106900000	107100000	-0.005022377792	-0.01729256818	chr12 106900000 107100000	236.5	343	306	359.5	294	218.5	BtoB
chr13	0	3000000	-0.000505877985	-0.000467936137	chr13 0 3000000	0	0	0	0	0	0	BtoB
chr13	4900000	6500000	-0.006549368265	-0.005162389041	chr13 4900000 6500000	274.8125	473.375	365.1875	455.1875	327.0625	276.8125	BtoB
chr13	9300000	9500000	-0.00383801104	-0.003516106853	chr13 9300000 9500000	260	446.5	417.5	588.5	333.5	259.5	BtoB
chr13	15800000	17300000	-0.009121532616	-0.005970826022	chr13 15800000 17300000	263.466666666667	478.466666666667	354.333333333333	452.666666666667	332.733333333333	274.133333333333	BtoB
chr13	17400000	17800000	-0.009121532616	-0.004702941903	chr13 17400000 17800000	265	462.5	346.5	440.75	394.75	321.5	BtoB
chr13	23400000	24900000	-0.01672618965	-0.0125758817	chr13 23400000 24900000	252	421.133333333333	345.066666666667	458.866666666667	372.133333333333	319.933333333333	BtoB
chr13	30100000	30300000	-0.01489601522	-0.001584733424	chr13 30100000 30300000	298	554.5	398.5	573	356	276.5	BtoB
chr13	30500000	32800000	-0.01489601522	-0.01218498989	chr13 30500000 32800000	236.652173913043	402.608695652174	343.826086956522	458.652173913043	315.478260869565	259.869565217391	BtoB
chr13	34700000	34800000	-0.003757125654	-0.001987082819	chr13 34700000 34800000	248	459	370	523	329	263	BtoB
chr13	36100000	36200000	-0.001301139144	-0.004784347684	chr13 36100000 36200000	222	324	329	380	259	235	BtoB
chr13	37400000	38600000	-0.01169059376	-0.01177334483	chr13 37400000 38600000	240.25	397.083333333333	333.833333333333	440.583333333333	326.25	251.833333333333	BtoB
chr13	41300000	41600000	-0.009698639638	-0.01036198287	chr13 41300000 41600000	295.333333333333	536.666666666667	445	630.666666666667	325.666666666667	275	BtoB
chr13	43200000	43500000	-0.004771420483	-0.004300454008	chr13 43200000 43500000	273	402	353.666666666667	481.666666666667	357.666666666667	297.666666666667	BtoB
chr13	44900000	47500000	-0.01097282729	-0.008854516682	chr13 44900000 47500000	238.230769230769	372.5	332.576923076923	414.807692307692	319.807692307692	262.153846153846	BtoB
chr13	47600000	47700000	-0.001041388962	-0.005370731338	chr13 47600000 47700000	232	304	279	331	275	206	BtoB
chr13	47900000	49800000	-0.01188061604	-0.01192873368	chr13 47900000 49800000	244.789473684211	414.105263157895	330.210526315789	438.315789473684	337.315789473684	266	BtoB
chr13	51100000	55900000	-0.01260900103	-0.01173234455	chr13 51100000 55900000	250.520833333333	406.0625	341.625	449.520833333333	336.6875	270.1875	BtoB
chr13	56000000	56200000	-0.007186192206	-0.005427889339	chr13 56000000 56200000	202	258.5	253.5	308.5	272.5	230	BtoB
chr13	59600000	59900000	-0.004089453479	-0.001803779992	chr13 59600000 59900000	249.333333333333	389.666666666667	332.333333333333	439	355.666666666667	295.666666666667	BtoB
chr13	60000000	60400000	-0.004620564325	-0.004583713638	chr13 60000000 60400000	320.25	518.25	440.75	563.5	365	284.5	BtoB
chr13	62900000	64200000	-0.0111174263	-0.01100612024	chr13 62900000 64200000	269.076923076923	499.923076923077	389.307692307692	542.615384615385	353.384615384615	274.846153846154	BtoB
chr13	73700000	74100000	-0.009413462387	-0.0090818133	chr13 73700000 74100000	237	411	318	428.75	296.25	224.25	BtoB
chr13	74200000	74400000	-0.002142781425	-0.00524915187	chr13 74200000 74400000	233	391.5	274	376.5	398.5	335	BtoB
chr13	83500000	83600000	-0.000417487871	-0.004062930912	chr13 83500000 83600000	236	535	329	521	299	270	BtoB
chr13	90900000	91200000	-0.003288686415	-0.003673758029	chr13 90900000 91200000	244	400.333333333333	338	416	342	258.666666666667	BtoB
chr13	91300000	91800000	-0.003288686415	-0.004252950224	chr13 91300000 91800000	231.8	375.4	332.2	415.6	297.2	250.8	BtoB
chr13	92500000	92700000	-0.003152835658	-0.007233859879	chr13 92500000 92700000	278.5	501.5	400	527.5	384.5	290	BtoB
chr13	93700000	94600000	-0.009842096267	-0.01216630578	chr13 93700000 94600000	256.666666666667	441.777777777778	353.666666666667	474.333333333333	329.777777777778	263	BtoB
chr13	95300000	95400000	-0.005197259652	-0.008091625279	chr13 95300000 95400000	226	337	280	325	328	289	BtoB
chr13	95500000	95600000	-0.000217054998	-0.003444774157	chr13 95500000 95600000	260	400	441	497	335	259	BtoB
chr13	96500000	98900000	-0.0143410228	-0.0145266619	chr13 96500000 98900000	250.125	401.916666666667	351.416666666667	461.75	343.708333333333	277.791666666667	BtoB
chr13	99000000	100300000	-0.01219197126	-0.01260782092	chr13 99000000 100300000	247.461538461538	418	340.461538461538	463.076923076923	352.538461538462	283.538461538462	BtoB
chr13	100400000	100900000	-0.01199257951	-0.01277334182	chr13 100400000 100900000	254.2	416.6	322	395.4	408.4	344.2	BtoB
chr13	101700000	104700000	-0.01372490636	-0.01334927229	chr13 101700000 104700000	263.6	446.533333333333	360.466666666667	458.433333333333	328.166666666667	266.266666666667	BtoB
chr13	107300000	108100000	-0.006889261083	-0.009502994349	chr13 107300000 108100000	243.5	395.5	336.5	458.125	305.5	249.125	BtoB
chr13	112300000	115100000	-0.01207022666	-0.01111603215	chr13 112300000 115100000	259.107142857143	430	346.571428571429	452.964285714286	334.571428571429	264.428571428571	BtoB
chr13	119400000	119800000	-0.01227860689	-0.01395833932	chr13 119400000 119800000	367.5	467.75	447.75	527	476	373.75	BtoB
chr14	26700000	26900000	-0.001151124688	-0.001900968136	chr14 26700000 26900000	212	299	287	318	398	312.5	BtoB
chr15	9000000	9100000	-0.001213572298	-0.000987856241	chr15 9000000 9100000	181	246	234	286	227	194	BtoB
chr15	66800000	66900000	-0.000534911361	-0.001326372509	chr15 66800000 66900000	325	510	516	655	296	256	BtoB
chr15	84200000	84300000	-0.002705897904	-0.000958931896	chr15 84200000 84300000	202	293	271	375	298	239	BtoB
chr15	84400000	84500000	-0.000704296322	-0.006690543785	chr15 84400000 84500000	183	231	266	296	321	232	BtoB
chr17	33100000	33300000	-0.002417131864	-0.0006231718575	chr17 33100000 33300000	301	497.5	442	491	579	529.5	BtoB
chr18	3000000	4300000	-0.02563531949	-0.02110698513	chr18 3000000 4300000	253.615384615385	347.923076923077	315.538461538462	326.769230769231	408.076923076923	323.692307692308	BtoB
chr18	13000000	13800000	-0.0150156404	-0.01795501751	chr18 13000000 13800000	246.625	380.875	307.125	389.875	334.375	255.75	BtoB
chr18	14000000	23700000	-0.03924486259	-0.03781520519	chr18 14000000 23700000	206.288659793814	298.762886597938	259.371134020619	285.865979381443	311.680412371134	257.773195876289	BtoB
chr18	25000000	30300000	-0.04942048674	-0.05075206973	chr18 25000000 30300000	176.660377358491	242.075471698113	211.735849056604	219.283018867925	258.924528301887	209.301886792453	BtoB
chr18	33000000	33200000	-0.001486083604	-0.004166301003	chr18 33000000 33200000	211	295.5	273.5	305	354	285.5	BtoB
chr18	33600000	33700000	-0.01304589183	-0.005463402944	chr18 33600000 33700000	228	358	317	372	386	291	BtoB
chr18	40100000	52600000	-0.038665862	-0.0389616175	chr18 40100000 52600000	204.512	299.64	263.216	298.032	308.488	254.232	BtoB
chr18	52700000	52800000	-0.004760133189	-0.005441010389	chr18 52700000 52800000	271	420	354	461	298	268	BtoB
chr18	53000000	53100000	-0.003002354349	-0.003942753811	chr18 53000000 53100000	225	309	251	335	369	314	BtoB
chr18	53500000	53600000	-0.001171179168	-0.003399967416	chr18 53500000 53600000	214	263	287	375	332	262	BtoB
chr18	57600000	57800000	-0.001433339496	-0.002613958808	chr18 57600000 57800000	217	297	269	371	296.5	271.5	BtoB
chr18	58200000	58300000	-0.03702154396	-0.002065594877	chr18 58200000 58300000	273	436	353	502	373	309	BtoB
chr18	58500000	60500000	-0.03702154396	-0.04622537875	chr18 58500000 60500000	208.55	286.6	265.5	282.1	333.35	270.45	BtoB
chr18	68300000	74800000	-0.03857308212	-0.03809118728	chr18 68300000 74800000	197.153846153846	293.523076923077	253.784615384615	289.815384615385	294	243.384615384615	BtoB
chr18	76400000	77000000	-0.01506993781	-0.02064027029	chr18 76400000 77000000	162.666666666667	221	202.166666666667	218.333333333333	264.5	195.833333333333	BtoB
chr18	79600000	80000000	-0.004191888334	-0.02105297541	chr18 79600000 80000000	226	338.25	298.75	329.5	387.5	319.75	BtoB
chr18	80700000	82700000	-0.03413876071	-0.03709444425	chr18 80700000 82700000	197.45	259.05	228.95	263.25	260.1	205.8	BtoB
chr18	83000000	90600000	-0.04262094874	-0.04246812439	chr18 83000000 90600000	200.381578947368	277.802631578947	250.947368421053	266.223684210526	302.25	246.631578947368	BtoB
chr19	3000000	3300000	-0.0195652579	-0.01815719239	chr19 3000000 3300000	316	497.666666666667	437	455	609	501.333333333333	BtoB
chr19	7600000	8700000	-0.04891784726	-0.05250146565	chr19 7600000 8700000	301.090909090909	471.818181818182	424.545454545455	439.909090909091	553.181818181818	445.909090909091	BtoB
chr19	9000000	9900000	-0.03634392517	-0.03642610559	chr19 9000000 9900000	345.888888888889	567.333333333333	493.444444444444	531.222222222222	560.444444444444	477.222222222222	BtoB
chr19	10700000	28100000	-0.04300785747	-0.04126536089	chr19 10700000 28100000	261.919540229885	411.310344827586	348.712643678161	414.850574712644	409.028735632184	341.201149425287	BtoB
chr19	29700000	32800000	-0.04035116109	-0.04644750568	chr19 29700000 32800000	261.903225806452	420.129032258065	363.129032258065	443.709677419355	402.612903225806	337.58064516129	BtoB
chr19	33100000	36700000	-0.0390973443	-0.03670823498	chr19 33100000 36700000	286.694444444444	467.138888888889	411.277777777778	476.416666666667	467.888888888889	390.416666666667	BtoB
chr19	38100000	41500000	-0.03283902442	-0.03623785244	chr19 38100000 41500000	288.352941176471	466.5	405.764705882353	490.882352941176	483.411764705882	405.911764705882	BtoB
chr19	42200000	43600000	-0.02847397405	-0.02733863434	chr19 42200000 43600000	253.642857142857	398.928571428571	348.071428571429	430.714285714286	406.285714285714	347.428571428571	BtoB
chr19	47900000	53200000	-0.06293281468	-0.06435573981	chr19 47900000 53200000	225.547169811321	317.735849056604	277.207547169811	294.88679245283	341.283018867925	277.339622641509	BtoB
chr19	54000000	55200000	-0.03830895935	-0.03908691621	chr19 54000000 55200000	242.25	331.333333333333	299.666666666667	340.083333333333	372.166666666667	304.5	BtoB
chr19	57500000	60700000	-0.02829733322	-0.02221975968	chr19 57500000 60700000	253.1875	384.28125	339.625	413.8125	393.34375	323.15625	BtoB
chr2	3800000	4200000	-0.004649517904	-0.007379510849	chr2 3800000 4200000	246.25	354	316.5	362.5	428.25	326	BtoB
chr2	6400000	13300000	-0.01727494735	-0.01648630769	chr2 6400000 13300000	241.231884057971	346.028985507246	308.231884057971	347.188405797101	360.898550724638	291.478260869565	BtoB
chr2	13600000	18000000	-0.01556541195	-0.01697542002	chr2 13600000 18000000	253.840909090909	380.681818181818	338.181818181818	380.636363636364	402.409090909091	325.022727272727	BtoB
chr2	18300000	18700000	-0.008357065268	-0.00642513985	chr2 18300000 18700000	268.75	425	350.75	427.25	467.75	379.25	BtoB
chr2	18800000	20900000	-0.008357065268	-0.01201593295	chr2 18800000 20900000	272.714285714286	463.047619047619	390.904761904762	490.142857142857	421.333333333333	343.952380952381	BtoB
chr2	36000000	37400000	-0.02324299351	-0.0215294989	chr2 36000000 37400000	279.714285714286	424.785714285714	371.785714285714	422.142857142857	447	376	BtoB
chr2	39200000	44000000	-0.02739840977	-0.02948213165	chr2 39200000 44000000	221.770833333333	316.958333333333	278.875	292.541666666667	348.4375	291.333333333333	BtoB
chr2	45900000	49400000	-0.01487140901	-0.0157239062	chr2 45900000 49400000	247.457142857143	374.142857142857	321.171428571429	366.685714285714	373.885714285714	321.771428571429	BtoB
chr2	49800000	50200000	-0.00376317423	-0.006351009858	chr2 49800000 50200000	225.5	321	298.25	347.5	348.75	287.25	BtoB
chr2	53200000	59500000	-0.02405303525	-0.02296331644	chr2 53200000 59500000	233.666666666667	340.015873015873	301.301587301587	326.936507936508	365.269841269841	299.666666666667	BtoB
chr2	61500000	69600000	-0.02437267757	-0.0248468909	chr2 61500000 69600000	227.222222222222	346.975308641975	297.259259259259	347.271604938272	346.666666666667	289.925925925926	BtoB
chr2	70000000	70700000	-0.01643525216	-0.01846042917	chr2 70000000 70700000	225.857142857143	304	291	322.571428571429	336.285714285714	297.571428571429	BtoB
chr2	73900000	75600000	-0.01324827364	-0.01789536087	chr2 73900000 75600000	215	308.411764705882	281	342.588235294118	364.470588235294	300.823529411765	BtoB
chr2	75900000	84500000	-0.02699424132	-0.02626742946	chr2 75900000 84500000	226.825581395349	332.290697674419	291.651162790698	325.5	360.941860465116	293.895348837209	BtoB
chr2	84900000	90700000	-0.03395163727	-0.03420724652	chr2 84900000 90700000	259.568965517241	374.224137931034	329.465517241379	341.827586206897	412.637931034483	342.51724137931	BtoB
chr2	94400000	101700000	-0.03458483213	-0.03666973225	chr2 94400000 101700000	2298.80821917808	1607.54794520548	2273.98630136986	1551.1095890411	3473.64383561644	2685.8904109589	BtoB
chr2	101800000	102000000	-0.001752298534	-0.000534782686	chr2 101800000 102000000	287	461	424	553	373	315	BtoB
chr2	102400000	102700000	-0.002580572503	-0.003559664818	chr2 102400000 102700000	266	338	348.666666666667	452.333333333333	436	331	BtoB
chr2	103100000	103400000	-0.003738232337	-0.004805189041	chr2 103100000 103400000	251.333333333333	447.333333333333	394.333333333333	543	398	303.666666666667	BtoB
chr2	103900000	104000000	-0.001174397651	-0.000251413389	chr2 103900000 104000000	218	299	288	332	358	316	BtoB
chr2	104200000	104400000	-0.006435784068	-0.002641727823	chr2 104200000 104400000	219	300.5	284.5	362	344.5	254.5	BtoB
chr2	104800000	113500000	-0.02841933712	-0.02775173514	chr2 104800000 113500000	238.310344827586	343.022988505747	314.850574712644	337.931034482759	374.057471264368	300.494252873563	BtoB
chr2	113700000	114100000	-0.006508227277	-0.005254366443	chr2 113700000 114100000	247	430.5	334.75	435.5	387	321.75	BtoB
chr2	116400000	116500000	-0.000300090985	-0.004300012144	chr2 116400000 116500000	249	352	346	411	469	349	BtoB
chr2	121700000	121800000	-0.001099502381	-0.001640625607	chr2 121700000 121800000	233	326	325	375	369	325	BtoB
chr2	122400000	125300000	-0.0326145898	-0.03328075553	chr2 122400000 125300000	219.068965517241	312.068965517241	287.689655172414	301.51724137931	345.965517241379	282.827586206897	BtoB
chr2	129900000	130100000	-0.003193769087	-0.002873992882	chr2 129900000 130100000	239	319	308.5	348	452.5	391.5	BtoB
chr2	132300000	132500000	-0.02411234322	-0.005430882374	chr2 132300000 132500000	226	373	350	393	404	330.5	BtoB
chr2	132700000	143900000	-0.02411234322	-0.02343305466	chr2 132700000 143900000	244.428571428571	377.3125	322.919642857143	385.080357142857	347.785714285714	284.714285714286	BtoB
chr2	144300000	151900000	-0.02417838424	-0.02423386022	chr2 144300000 151900000	255.421052631579	390.842105263158	341.368421052632	395.736842105263	400.355263157895	321.065789473684	BtoB
chr2	152000000	152200000	-0.02417838424	-0.001361692437	chr2 152000000 152200000	232	331	320	403.5	443	334	BtoB
chr2	152400000	152500000	-0.00247430747	-0.000025390004	chr2 152400000 152500000	232	346	340	417	427	326	BtoB
chr2	153900000	154200000	-0.006018152942	-0.00464391337	chr2 153900000 154200000	229.666666666667	290	281	304	380.666666666667	296.333333333333	BtoB
chr2	158700000	162900000	-0.0317491351	-0.03263777157	chr2 158700000 162900000	209.785714285714	284.119047619048	255.380952380952	284.690476190476	303.97619047619	241	BtoB
chr2	168700000	170200000	-0.02776112967	-0.02690852092	chr2 168700000 170200000	222.8	292	264.8	296.333333333333	317.4	243.133333333333	BtoB
chr2	170400000	173200000	-0.02776112967	-0.03184119519	chr2 170400000 173200000	213.214285714286	277.821428571429	258.678571428571	281.5	322.107142857143	242.142857142857	BtoB
chr2	173400000	175200000	-0.01958300113	-0.02021919461	chr2 173400000 175200000	251.277777777778	369.944444444444	316.777777777778	366.666666666667	406.777777777778	320.5	BtoB
chr2	176600000	176900000	-0.01006411662	-0.008191850029	chr2 176600000 176900000	319	453.666666666667	377.666666666667	457.333333333333	597.333333333333	495.666666666667	BtoB
chr2	177000000	179900000	-0.02556086435	-0.02432172751	chr2 177000000 179900000	238.862068965517	345.448275862069	309.068965517241	338.206896551724	413.034482758621	341.206896551724	BtoB
chr3	53300000	88600000	-0.01658520629	-0.01611865115	chr3 53300000 88600000	230.385269121813	349.929178470255	301.991501416431	350.458923512748	340.977337110482	279.022662889518	BtoB
chr3	88800000	98500000	-0.01658520629	-0.01667365864	chr3 88800000 98500000	262.639175257732	414.690721649485	351.742268041237	413.371134020619	417.288659793814	344.288659793814	BtoB
chr3	98600000	113400000	-0.01658520629	-0.02308684043	chr3 98600000 113400000	229.797297297297	345.972972972973	305.209459459459	361.108108108108	350.898648648649	287.081081081081	BtoB
chr3	113500000	160000000	-0.02728290837	-0.02802906325	chr3 113500000 160000000	221.737634408602	337.683870967742	286.460215053763	337.737634408602	314.941935483871	256.640860215054	BtoB
chr4	5600000	5800000	-0.001338381297	-0.002381116629	chr4 5600000 5800000	317	544.5	492	642	468	383	BtoB
chr4	13800000	14000000	-0.002030971689	-0.00517496142	chr4 13800000 14000000	319.5	521.5	408	545	432.5	382.5	BtoB
chr4	99000000	99100000	-0.001610962362	-0.003450757755	chr4 99000000 99100000	219	378	268	321	279	256	BtoB
chr4	115800000	115900000	-0.000005096956	-0.000333231751	chr4 115800000 115900000	222	412	302	415	337	260	BtoB
chr5	46500000	46800000	-0.000760415641	-0.0272291362	chr5 46500000 46800000	337.666666666667	668.333333333333	485.333333333333	588.666666666667	430.666666666667	365	BtoB
chr5	93900000	94000000	-0.01272294402	-0.01665507556	chr5 93900000 94000000	314	396	406	362	499	408	BtoB
chr5	116400000	116500000	-0.000546230621	-0.002068127007	chr5 116400000 116500000	221	333	268	338	347	287	BtoB
chr5	129100000	129300000	-0.004650102388	-0.005957563873	chr5 129100000 129300000	242	350	316	447	341.5	274	BtoB
chr6	3000000	3400000	-0.009656939644	-0.008506941387	chr6 3000000 3400000	314.25	496.75	436.5	492	605.75	480.75	BtoB
chr6	3600000	4000000	-0.007822943981	-0.009843146206	chr6 3600000 4000000	233.25	327.5	304.75	305.75	403.75	335.25	BtoB
chr6	4100000	4300000	-0.001608670071	-0.003907217257	chr6 4100000 4300000	262	357.5	319.5	363	456	378.5	BtoB
chr6	4700000	5100000	-0.003364889134	-0.006882330915	chr6 4700000 5100000	225.75	330.5	303	333.75	396.5	347.75	BtoB
chr6	5700000	5800000	-0.003134416214	-0.007261377299	chr6 5700000 5800000	206	318	308	354	378	354	BtoB
chr6	7000000	7700000	-0.01519504357	-0.01937631786	chr6 7000000 7700000	255.857142857143	363.285714285714	350.857142857143	372	447.857142857143	350.571428571429	BtoB
chr6	8600000	17100000	-0.02581421984	-0.0242526124	chr6 8600000 17100000	248.141176470588	353.305882352941	321.011764705882	335.823529411765	403.164705882353	329.294117647059	BtoB
chr6	17400000	17600000	-0.008273423537	-0.003726464595	chr6 17400000 17600000	254	346.5	378	392.5	399	317	BtoB
chr6	17900000	28400000	-0.03042551018	-0.02988645605	chr6 17900000 28400000	242.219047619048	338.619047619048	307.028571428571	316.657142857143	383.885714285714	310.67619047619	BtoB
chr6	31700000	32900000	-0.01631967991	-0.01830008933	chr6 31700000 32900000	220.5	294.083333333333	273.833333333333	286.5	349.333333333333	270.666666666667	BtoB
chr6	33100000	33200000	-0.002503531365	-0.002063123517	chr6 33100000 33200000	197	353	309	390	442	391	BtoB
chr6	33700000	33900000	-0.0003654804615	-0.000418418718	chr6 33700000 33900000	265	467	341.5	433.5	368	273	BtoB
chr6	35400000	36800000	-0.02655109404	-0.02528685606	chr6 35400000 36800000	251.214285714286	378.214285714286	324.5	370.357142857143	385.714285714286	322.642857142857	BtoB
chr6	36900000	37300000	-0.01143059525	-0.01170205117	chr6 36900000 37300000	249.25	352.5	315	366.25	418	328.75	BtoB
chr6	39800000	42300000	-0.03251335388	-0.03090171587	chr6 39800000 42300000	257.2	368.12	329.84	340.64	416.52	338.2	BtoB
chr6	42400000	47300000	-0.03208594412	-0.03143956285	chr6 42400000 47300000	249.571428571429	370.387755102041	328.591836734694	340.836734693878	408.448979591837	329.204081632653	BtoB
chr6	48100000	48400000	-0.01090082089	-0.01386759041	chr6 48100000 48400000	317	499.333333333333	431.666666666667	503.666666666667	605.333333333333	497.666666666667	BtoB
chr6	48600000	49000000	-0.01236430538	-0.01117894307	chr6 48600000 49000000	261.5	367.75	323.75	371.75	420.5	357.5	BtoB
chr6	49400000	50100000	-0.01756287832	-0.01954487027	chr6 49400000 50100000	241.285714285714	357.285714285714	319.571428571429	358.428571428571	430.571428571429	345.857142857143	BtoB
chr6	53700000	54400000	-0.006108117474	-0.01383618892	chr6 53700000 54400000	242.571428571429	345.857142857143	334.857142857143	407.285714285714	403.857142857143	332.285714285714	BtoB
chr6	55400000	65800000	-0.03112245636	-0.03155529958	chr6 55400000 65800000	269.144230769231	400.432692307692	350.817307692308	373.192307692308	438.451923076923	357.932692307692	BtoB
chr6	65900000	67200000	-0.03088223018	-0.01700917164	chr6 65900000 67200000	329.769230769231	597	462.769230769231	581.538461538462	512.615384615385	432.230769230769	BtoB
chr6	67300000	70800000	-0.03088223018	-0.03771890748	chr6 67300000 70800000	315.685714285714	474.8	428.057142857143	438.742857142857	548.057142857143	436.228571428571	BtoB
chr6	70900000	71100000	-0.008483145796	-0.009487880554	chr6 70900000 71100000	259.5	380	341	406.5	419	366	BtoB
chr6	73300000	82600000	-0.03687457145	-0.03805248059	chr6 73300000 82600000	241.795698924731	335.41935483871	297.569892473118	299.870967741935	377.139784946237	305.268817204301	BtoB
chr6	89700000	90300000	-0.01638097533	-0.007183972432	chr6 89700000 90300000	348.666666666667	534.166666666667	465.5	496.166666666667	604.5	513	BtoB
chr6	90900000	91000000	-0.001552937155	-0.000875741057	chr6 90900000 91000000	255	417	316	476	382	339	BtoB
chr6	92200000	94200000	-0.01202032955	-0.01066052561	chr6 92200000 94200000	269.75	411.65	389.15	471.3	395.35	316.3	BtoB
chr6	94300000	94600000	-0.01202032955	-0.004645809768	chr6 94300000 94600000	286	442	410.333333333333	469.666666666667	452.666666666667	337.333333333333	BtoB
chr6	94700000	97100000	-0.02397615063	-0.02740408223	chr6 94700000 97100000	246.416666666667	365.458333333333	325.458333333333	356.125	397.875	317.5	BtoB
chr6	97200000	98500000	-0.02397615063	-0.01649893634	chr6 97200000 98500000	258.230769230769	371.153846153846	335.153846153846	401.846153846154	406.615384615385	348.307692307692	BtoB
chr6	100900000	101300000	-0.03397775861	-0.0147767947	chr6 100900000 101300000	278	430.5	383	478.5	415.25	339	BtoB
chr6	101400000	108100000	-0.03397775861	-0.03715052915	chr6 101400000 108100000	248.134328358209	350.223880597015	311.835820895522	319.089552238806	389.507462686567	318.179104477612	BtoB
chr6	108800000	112200000	-0.03441027415	-0.03485081696	chr6 108800000 112200000	248.941176470588	339.382352941176	300.882352941176	309.852941176471	381.5	310.147058823529	BtoB
chr6	112300000	112500000	-0.004520817686	-0.002612021594	chr6 112300000 112500000	284.5	533.5	435	539	445.5	331	BtoB
chr6	116400000	117200000	-0.007014117463	-0.007324405769	chr6 116400000 117200000	267.5	379	360.5	405.5	456.375	362.25	BtoB
chr6	121200000	122600000	-0.03671882397	-0.033049608	chr6 121200000 122600000	297.071428571429	453.214285714286	401.428571428571	444.285714285714	502.214285714286	414.642857142857	BtoB
chr6	122700000	124400000	-0.02884687906	-0.03060367567	chr6 122700000 124400000	329.588235294118	487.529411764706	429.235294117647	458.529411764706	544.470588235294	455.411764705882	BtoB
chr6	125700000	126900000	-0.01810693162	-0.02720685687	chr6 125700000 126900000	232.083333333333	331.166666666667	287.166666666667	331	360.333333333333	297.833333333333	BtoB
chr6	128500000	134000000	-0.02775401832	-0.0276732879	chr6 128500000 134000000	309.690909090909	462.418181818182	408.418181818182	426.654545454545	529.254545454545	431.8	BtoB
chr6	134200000	134400000	-0.00746149918	-0.007341921671	chr6 134200000 134400000	295.5	470.5	402.5	483.5	433.5	304.5	BtoB
chr6	135400000	136500000	-0.02406938435	-0.02656272167	chr6 135400000 136500000	245.181818181818	349.363636363636	294.909090909091	338.454545454545	376.272727272727	286.454545454545	BtoB
chr6	136600000	136800000	-0.003297016409	-0.003870843432	chr6 136600000 136800000	321	513.5	409	529	477	382.5	BtoB
chr6	137000000	137100000	-0.006401506338	-0.01940739421	chr6 137000000 137100000	303	493	413	537	464	364	BtoB
chr6	137200000	137500000	-0.01172454046	-0.01611858202	chr6 137200000 137500000	260	400	345	399.666666666667	402.333333333333	324.333333333333	BtoB
chr6	137600000	140500000	-0.03124891639	-0.03245898766	chr6 137600000 140500000	238	322.827586206897	289.862068965517	303.103448275862	353.896551724138	284.793103448276	BtoB
chr6	140700000	143000000	-0.02001313198	-0.0194781342	chr6 140700000 143000000	272.869565217391	404.782608695652	355.130434782609	396.173913043478	418.695652173913	338.913043478261	BtoB
chr6	144200000	144600000	-0.002100497148	-0.005102694287	chr6 144200000 144600000	262.5	375.25	312	388.5	354.75	309	BtoB
chr6	149400000	149600000	-0.01166682897	-0.01115068746	chr6 149400000 149600000	272.5	385.5	367	367	468.5	411.5	BtoB
chr7	0	3000000	-0.000268754395	-0.000272636657	chr7 0 3000000	0	0	0	0	0	0	BtoB
chr7	3300000	3400000	-0.000979233067	-0.007219029207	chr7 3300000 3400000	247	373	337	368	379	284	BtoB
chr7	3600000	3700000	-0.01148118993	-0.01354278367	chr7 3600000 3700000	245	396	287	374	412	352	BtoB
chr7	4100000	4200000	-0.00078999341	-0.000325487004	chr7 4100000 4200000	279	375	358	380	454	398	BtoB
chr7	4400000	5100000	-0.0134542614	-0.01339616621	chr7 4400000 5100000	278.857142857143	436.714285714286	340.428571428571	441.142857142857	428.857142857143	357	BtoB
chr7	5700000	5800000	-0.000268754395	-0.000260751016	chr7 5700000 5800000	250	377	337	343	461	380	BtoB
chr7	9400000	9800000	-0.0002658724733	-0.000272636657	chr7 9400000 9800000	234.75	319.75	295.75	268.5	374.5	303	BtoB
chr7	12900000	13000000	-0.006028403524	-0.00504680128	chr7 12900000 13000000	310	435	308	384	481	418	BtoB
chr7	15900000	17000000	-0.01642088095	-0.01547124981	chr7 15900000 17000000	291.909090909091	491.545454545455	398.545454545455	522.818181818182	408.909090909091	321.636363636364	BtoB
chr7	18900000	19900000	-0.0204806211	-0.0192501132	chr7 18900000 19900000	270.9	414.4	326.6	426.8	390.9	316.6	BtoB
chr7	21500000	21700000	-0.000268754395	-0.000272636657	chr7 21500000 21700000	213	298	297	274.5	389	306.5	BtoB
chr7	22900000	23000000	-0.000245202639	-0.001351803125	chr7 22900000 23000000	262	397	404	303	480	378	BtoB
chr7	24300000	24700000	-0.011661325	-0.007163310884	chr7 24300000 24700000	274.25	417.75	344.25	442.25	393.75	314.75	BtoB
chr7	24800000	25800000	-0.011661325	-0.01350605742	chr7 24800000 25800000	243.2	390.3	312.9	401.9	377	324	BtoB
chr7	27100000	31100000	-0.01763721494	-0.01639486277	chr7 27100000 31100000	270.75	427.75	343.8	437.45	419.25	346.75	BtoB
chr7	34200000	35700000	-0.01142068087	-0.01094258868	chr7 34200000 35700000	270.133333333333	412.066666666667	353.533333333333	471.933333333333	366.733333333333	292.4	BtoB
chr7	39000000	39100000	-0.000268754395	-0.000272636657	chr7 39000000 39100000	1	3	2	2	8	2	BtoB
chr7	44200000	47100000	-0.02066578028	-0.01875810398	chr7 44200000 47100000	245.379310344828	370.689655172414	311.793103448276	385.965517241379	354.896551724138	287.034482758621	BtoB
chr7	65300000	65500000	-0.003222343766	-0.005005300709	chr7 65300000 65500000	244.5	425	384.5	464	310	252.5	BtoB
chr7	65600000	66900000	-0.01175405809	-0.01040210421	chr7 65600000 66900000	265.307692307692	453.615384615385	367.230769230769	511.538461538462	339.307692307692	265.769230769231	BtoB
chr7	67000000	67800000	-0.01175405809	-0.0120609134	chr7 67000000 67800000	260.375	433.375	373.5	485	328	271.375	BtoB
chr7	67900000	68300000	-0.008437759891	-0.006061096122	chr7 67900000 68300000	288	475	383.75	509.75	332.75	269.5	BtoB
chr7	73400000	73600000	-0.007589163473	-0.01036577976	chr7 73400000 73600000	305	528.5	382	528	379	316.5	BtoB
chr7	75500000	75700000	-0.004163040298	-0.004579493714	chr7 75500000 75700000	294	543.5	425	615	374	314.5	BtoB
chr7	79100000	82900000	-0.01854134716	-0.0171801611	chr7 79100000 82900000	272.894736842105	441.947368421053	361.315789473684	475.447368421053	369.631578947368	296.789473684211	BtoB
chr7	83500000	84500000	-0.01036439648	-0.009672119212	chr7 83500000 84500000	279.4	439.4	398.5	515.7	321.1	258.7	BtoB
chr7	89500000	89800000	-0.009405986637	-0.006224320792	chr7 89500000 89800000	321	502.333333333333	463.333333333333	578	381.666666666667	314	BtoB
chr7	89900000	90500000	-0.007400448775	-0.00875623663	chr7 89900000 90500000	271.833333333333	467	379	516.666666666667	363	330.833333333333	BtoB
chr7	92600000	92800000	-0.003459666287	-0.005471097986	chr7 92600000 92800000	284.5	507.5	408	526.5	407	370.5	BtoB
chr7	97200000	102500000	-0.0200316406	-0.01819457028	chr7 97200000 102500000	253.88679245283	407.849056603774	349.867924528302	455.320754716981	349.283018867925	285.490566037736	BtoB
chr7	109500000	111300000	-0.01547743578	-0.01614792889	chr7 109500000 111300000	270.111111111111	434.5	391.166666666667	510.611111111111	356.277777777778	292	BtoB
chr7	111900000	113000000	-0.01007785886	-0.01103690324	chr7 111900000 113000000	284.545454545455	461.545454545455	403.818181818182	540.181818181818	322	255.727272727273	BtoB
chr7	113100000	113400000	-0.006650549088	-0.007571755751	chr7 113100000 113400000	262.666666666667	379.333333333333	397	468	341.333333333333	277.333333333333	BtoB
chr7	114100000	114300000	-0.00289109738	-0.001490273769	chr7 114100000 114300000	253	409	370.5	476.5	372.5	305	BtoB
chr7	114800000	116500000	-0.01079074901	-0.008663913957	chr7 114800000 116500000	290.882352941176	543.882352941176	407.294117647059	554.352941176471	309.058823529412	245.176470588235	BtoB
chr7	118100000	118300000	-0.009306537087	-0.00530056351	chr7 118100000 118300000	293	475.5	363.5	466	404.5	346	BtoB
chr7	120800000	121000000	-0.001171891398	-0.002612605851	chr7 120800000 121000000	268	444	365	481	388	335.5	BtoB
chr7	123000000	123200000	-0.005857392171	-0.004469214803	chr7 123000000 123200000	256	421.5	356	439	369.5	299.5	BtoB
chr7	125500000	128800000	-0.02003801667	-0.01855393539	chr7 125500000 128800000	272.181818181818	440.69696969697	353.606060606061	463.090909090909	396.363636363636	330.545454545455	BtoB
chr7	129600000	131600000	-0.01223614758	-0.01005663426	chr7 129600000 131600000	296.4	539.9	410.8	551.95	349.5	276.85	BtoB
chr7	131800000	133200000	-0.01095074776	-0.008929048842	chr7 131800000 133200000	264.428571428571	422.642857142857	388.071428571429	506.214285714286	323.571428571429	248.5	BtoB
chr7	133600000	134300000	-0.004806565011	-0.005244577931	chr7 133600000 134300000	232	353	320.285714285714	397.857142857143	309.714285714286	243.285714285714	BtoB
chr7	134700000	134900000	-0.004953123372	-0.005092121635	chr7 134700000 134900000	224.5	307	250	311	194.5	160.5	BtoB
chr7	135500000	135700000	-0.00564358484	-0.003392975848	chr7 135500000 135700000	256.5	362.5	369	418	283.5	227.5	BtoB
chr7	139100000	139600000	-0.01053954265	-0.00748944972	chr7 139100000 139600000	268	416	415.2	548.6	314.6	248.6	BtoB
chr7	140800000	142100000	-0.01619572421	-0.01399965958	chr7 140800000 142100000	245.615384615385	401.307692307692	318.769230769231	431.538461538462	354.230769230769	290	BtoB
chr7	142300000	142600000	-0.004573062283	-0.005142055622	chr7 142300000 142600000	252	372	325.333333333333	425.333333333333	285.333333333333	222	BtoB
chr7	143000000	143100000	-0.00023596438	-0.002614018297	chr7 143000000 143100000	246	404	361	482	359	262	BtoB
chr7	143500000	144300000	-0.01282513398	-0.007233987886	chr7 143500000 144300000	236	346	309.375	384.875	333.875	254	BtoB
chr7	144400000	145400000	-0.01282513398	-0.01430478397	chr7 144400000 145400000	242.8	414.7	360.8	467.6	297.8	227.9	BtoB
chr8	0	3000000	-0.000348187682	-0.000345655889	chr8 0 3000000	0	0	0	0	0	0	BtoB
chr8	4200000	4300000	-0.00374765672	-0.005783725651	chr8 4200000 4300000	231	398	285	347	369	305	BtoB
chr8	10600000	10700000	-0.00438474707	-0.002798072829	chr8 10600000 10700000	269	371	415	405	353	284	BtoB
chr8	10800000	11000000	-0.00438474707	-0.008356917511	chr8 10800000 11000000	288	385.5	485.5	532	353.5	260	BtoB
chr8	11300000	11900000	-0.008822670691	-0.007522865332	chr8 11300000 11900000	255.833333333333	370	346.833333333333	441.333333333333	382.333333333333	299.5	BtoB
chr8	12600000	14100000	-0.01809193567	-0.01643491629	chr8 12600000 14100000	272.866666666667	426.666666666667	365.666666666667	483.4	366.266666666667	279.4	BtoB
chr8	14900000	15000000	-0.006371665082	-0.006396070845	chr8 14900000 15000000	268	453	335	466	254	211	BtoB
chr8	22100000	23300000	-0.01239008339	-0.01047515524	chr8 22100000 23300000	619	652.333333333333	693	683.166666666667	978.25	789.416666666667	BtoB
chr8	24900000	26200000	-0.01962750679	-0.01896818273	chr8 24900000 26200000	320.307692307692	547.153846153846	418.615384615385	561.153846153846	413.153846153846	352.461538461538	BtoB
chr8	26700000	27100000	-0.00636344411	-0.009596458007	chr8 26700000 27100000	272.5	435.25	377.75	493.5	376.75	302	BtoB
chr8	31100000	31500000	-0.002619792551	-0.00474487759	chr8 31100000 31500000	274	478.5	391.25	458	411.5	317.75	BtoB
chr8	31700000	32000000	-0.001780677448	-0.004400323386	chr8 31700000 32000000	294.333333333333	437	365.333333333333	426.333333333333	336.666666666667	234.666666666667	BtoB
chr8	33200000	33800000	-0.005118100667	-0.008806764251	chr8 33200000 33800000	294.666666666667	453.166666666667	390.5	460.333333333333	415.833333333333	335.333333333333	BtoB
chr8	34100000	34200000	-0.000159761857	-0.003460532018	chr8 34100000 34200000	303	442	382	456	511	382	BtoB
chr8	34800000	35700000	-0.004755787297	-0.006144850117	chr8 34800000 35700000	303	516.777777777778	432	584.777777777778	394.111111111111	311	BtoB
chr8	36600000	36700000	-0.003000084613	-0.003237610038	chr8 36600000 36700000	322	563	492	734	385	351	BtoB
chr8	36900000	37000000	-0.002250003442	-0.004577455787	chr8 36900000 37000000	338	640	489	668	454	391	BtoB
chr8	41100000	41400000	-0.006993632522	-0.0133214883	chr8 41100000 41400000	287.333333333333	549	423.666666666667	565.666666666667	386.333333333333	346	BtoB
chr8	45300000	47000000	-0.009913181316	-0.009776440736	chr8 45300000 47000000	292.294117647059	479.941176470588	382.235294117647	485.647058823529	403.705882352941	338.647058823529	BtoB
chr8	47700000	48000000	-0.005019570889	-0.00335330076	chr8 47700000 48000000	283	449	390.333333333333	532	368	301	BtoB
chr8	55200000	55300000	-0.000348187682	-0.000345655889	chr8 55200000 55300000	0	0	0	0	0	0	BtoB
chr8	61500000	61700000	-0.002595690916	-0.00388990535	chr8 61500000 61700000	343.5	677.5	483	723.5	358	315	BtoB
chr8	69600000	71000000	-0.02297843405	-0.02212390464	chr8 69600000 71000000	310.357142857143	495.714285714286	417.5	550.428571428571	463.357142857143	370.714285714286	BtoB
chr8	71200000	71700000	-0.01629741805	-0.01589986001	chr8 71200000 71700000	294.2	515.8	394.6	534.6	469.8	361	BtoB
chr8	72100000	72600000	-0.01560234971	-0.01591998522	chr8 72100000 72600000	309.8	544	434.2	557.8	451.2	369.8	BtoB
chr8	77400000	77600000	-0.007403289101	-0.005332473684	chr8 77400000 77600000	341.5	584	467	608	440.5	339	BtoB
chr8	79000000	79700000	-0.006193725847	-0.004494465162	chr8 79000000 79700000	290.428571428571	514.428571428571	386	527.714285714286	380.857142857143	311	BtoB
chr8	80800000	80900000	-0.000769782341	-0.002550202598	chr8 80800000 80900000	356	522	472	672	435	337	BtoB
chr8	83500000	86000000	-0.01944421259	-0.01864195002	chr8 83500000 86000000	293.56	475.52	397.04	489	462.8	376.28	BtoB
chr8	86500000	87100000	-0.01101268025	-0.008797261137	chr8 86500000 87100000	270.333333333333	421.333333333333	399.833333333333	496.833333333333	417.833333333333	318	BtoB
chr8	87400000	88700000	-0.01101268025	-0.01232006802	chr8 87400000 88700000	275.076923076923	443.307692307692	398.769230769231	527.769230769231	372	289.076923076923	BtoB
chr8	90800000	93100000	-0.01006756925	-0.007327160947	chr8 90800000 93100000	291.217391304348	510.739130434783	406	539.478260869565	359.347826086957	289.130434782609	BtoB
chr8	93600000	95900000	-0.02034842834	-0.01930452887	chr8 93600000 95900000	277.913043478261	434.869565217391	376.652173913043	491.260869565217	393.173913043478	317	BtoB
chr8	102700000	103600000	-0.002096077852	-0.005675509797	chr8 102700000 103600000	322.666666666667	615.222222222222	470.111111111111	597	355.777777777778	268	BtoB
chr8	103700000	104000000	-0.001528556803	-0.006040218105	chr8 103700000 104000000	330.333333333333	667.333333333333	475.666666666667	619	345.333333333333	278	BtoB
chr8	104300000	104600000	-0.006539419271	-0.008841062517	chr8 104300000 104600000	292.333333333333	521	414.666666666667	565.333333333333	463	379.333333333333	BtoB
chr8	105100000	110300000	-0.01629028809	-0.01378730533	chr8 105100000 110300000	300.980769230769	505.173076923077	393.173076923077	523.730769230769	408.192307692308	325.865384615385	BtoB
chr8	110500000	112000000	-0.02230710297	-0.02157835562	chr8 110500000 112000000	309.066666666667	506.8	414.133333333333	550.466666666667	415.666666666667	344.866666666667	BtoB
chr8	114500000	114800000	-0.004573054879	-0.002907642339	chr8 114500000 114800000	275.666666666667	421	400	532	332	262.666666666667	BtoB
chr8	116900000	117500000	-0.009292702486	-0.007211946265	chr8 116900000 117500000	300.666666666667	473.5	416.833333333333	537.5	385.666666666667	294.833333333333	BtoB
chr8	119300000	125600000	-0.01785884908	-0.01628614166	chr8 119300000 125600000	281.984126984127	431.396825396825	416.587301587302	539.873015873016	414	316.571428571429	BtoB
chr8	125700000	125800000	-0.001869607487	-0.000795554736	chr8 125700000 125800000	209	297	279	322	336	290	BtoB
chr8	126400000	127500000	-0.01387149002	-0.01395076773	chr8 126400000 127500000	352.909090909091	633.272727272727	517.454545454545	714.454545454545	440.909090909091	346.090909090909	BtoB
chr8	128300000	128500000	-0.003316567342	-0.004881870342	chr8 128300000 128500000	288	458	483	603.5	338	280	BtoB
chr9	3000000	13800000	-0.03934836582	-0.03627354103	chr9 3000000 13800000	613.101851851852	575.37962962963	664.462962962963	555.083333333333	962.740740740741	759.231481481482	BtoB
chr9	14400000	14500000	-0.0391605858	-0.006496541096	chr9 14400000 14500000	265	396	357	431	477	361	BtoB
chr9	14600000	20600000	-0.0391605858	-0.03980827629	chr9 14600000 20600000	217.45	299.8	267.816666666667	284.933333333333	339	276.233333333333	BtoB
chr9	22500000	31200000	-0.03441435345	-0.03720769642	chr9 22500000 31200000	190.896551724138	277.275862068966	244.758620689655	281.379310344828	291.51724137931	232.609195402299	BtoB
chr9	31300000	35300000	-0.03441435345	-0.03101395835	chr9 31300000 35300000	213.75	312.275	281.275	334.775	305.075	240.05	BtoB
chr9	35500000	37100000	-0.0414938897	-0.04018675693	chr9 35500000 37100000	254.5	371.9375	341.625	364.125	392.125	320.3125	BtoB
chr9	37200000	40600000	-0.0414938897	-0.03970683084	chr9 37200000 40600000	227.058823529412	333.323529411765	291.764705882353	324.382352941176	354.411764705882	292.5	BtoB
chr9	42500000	42900000	-0.002311707712	-0.00616744271	chr9 42500000 42900000	150.5	188.25	189.75	194.75	244.75	196	BtoB
chr9	45200000	45700000	-0.005072182166	-0.01325692257	chr9 45200000 45700000	143.8	186	174	206.4	236.4	176.8	BtoB
chr9	46300000	49600000	-0.02915875408	-0.02952437396	chr9 46300000 49600000	176.636363636364	237.757575757576	213.575757575758	251.424242424242	265	204.393939393939	BtoB
chr9	51200000	53400000	-0.02289682382	-0.01777295495	chr9 51200000 53400000	205.318181818182	291.727272727273	258.772727272727	298.772727272727	303.409090909091	235.045454545455	BtoB
chr9	53600000	54700000	-0.0283336645	-0.02441199704	chr9 53600000 54700000	199.636363636364	291.090909090909	248.636363636364	297.545454545455	312.727272727273	255	BtoB
chr9	68000000	69300000	-0.01827991717	-0.01975052954	chr9 68000000 69300000	198.230769230769	276.538461538462	261.538461538462	314	288.384615384615	228.769230769231	BtoB
chr9	69500000	70000000	-0.01618674667	-0.0173311986	chr9 69500000 70000000	200	267.4	258	292	303.4	259	BtoB
chr9	73100000	75100000	-0.03396166023	-0.03466007659	chr9 73100000 75100000	210.05	296.15	263	303.8	303.85	245.1	BtoB
chr9	75500000	78000000	-0.02865031905	-0.03068235772	chr9 75500000 78000000	203.16	292.4	267.56	296.88	307.64	245.76	BtoB
chr9	79800000	80000000	-0.005852730324	-0.01278352643	chr9 79800000 80000000	203	253	258	291	326	262	BtoB
chr9	80200000	83800000	-0.03640017863	-0.03806197217	chr9 80200000 83800000	197.611111111111	282.611111111111	245.416666666667	275.611111111111	298.472222222222	241.166666666667	BtoB
chr9	85500000	85600000	-0.001799985579	-0.004005733589	chr9 85500000 85600000	201	355	336	400	337	287	BtoB
chr9	85800000	86500000	-0.02180645089	-0.01338294706	chr9 85800000 86500000	204.142857142857	298	257.428571428571	307.285714285714	311.857142857143	260.428571428571	BtoB
chr9	86800000	87000000	-0.007077118146	-0.003511053651	chr9 86800000 87000000	212	316.5	275.5	332	344.5	283.5	BtoB
chr9	87100000	87200000	-0.007077118146	-0.004202793639	chr9 87100000 87200000	231	314	315	303	372	292	BtoB
chr9	88600000	95500000	-0.02658080955	-0.02746814566	chr9 88600000 95500000	220.971014492754	320.811594202899	289.579710144928	325.565217391304	337.666666666667	273.971014492754	BtoB
chr9	95600000	95800000	-0.002557390214	-0.00373009627	chr9 95600000 95800000	231.5	297.5	295.5	320	319.5	257	BtoB
chr9	96900000	97000000	-0.001060442428	-0.003738166363	chr9 96900000 97000000	191	278	288	343	255	223	BtoB
chr9	97100000	99000000	-0.03220093603	-0.03510455752	chr9 97100000 99000000	180.894736842105	251.473684210526	237	269	283.315789473684	223.105263157895	BtoB
chr9	99600000	100500000	-0.02920837555	-0.03052106533	chr9 99600000 100500000	191.666666666667	269.555555555556	248.333333333333	274.333333333333	287.555555555556	227.777777777778	BtoB
chr9	101100000	102600000	-0.0200483672	-0.02772400057	chr9 101100000 102600000	194.8	297.266666666667	246.333333333333	302.066666666667	276.2	225.733333333333	BtoB
chr9	103400000	104000000	-0.02167168901	-0.02536723971	chr9 103400000 104000000	183.5	256.166666666667	226.5	287.666666666667	287.5	217.166666666667	BtoB
chr9	104200000	106100000	-0.01905049676	-0.02441490769	chr9 104200000 106100000	197	281.210526315789	265.157894736842	288.894736842105	301.789473684211	232.368421052632	BtoB
chr9	107000000	107200000	-0.003497686357	-0.004172085672	chr9 107000000 107200000	229	349.5	297.5	343.5	385.5	366	BtoB
chr9	109100000	109900000	-0.02223421588	-0.02471500933	chr9 109100000 109900000	283.25	407.875	367.375	391.25	474.625	390	BtoB
chr9	111300000	113700000	-0.03439139366	-0.03911477613	chr9 111300000 113700000	188.708333333333	248.625	223.291666666667	241	266.25	207.583333333333	BtoB
chr9	114100000	114400000	-0.006735053073	-0.01217596369	chr9 114100000 114400000	316.333333333333	463.333333333333	407.666666666667	473	533	422.666666666667	BtoB
chr9	114800000	116100000	-0.01636710491	-0.01818306655	chr9 114800000 116100000	206	288	251	306.846153846154	306.076923076923	243.230769230769	BtoB
chr9	116400000	117000000	-0.004334254304	-0.00698418181	chr9 116400000 117000000	248.666666666667	373.166666666667	288	387.166666666667	280.833333333333	225.166666666667	BtoB
chr9	117300000	118500000	-0.0116573268	-0.01647104389	chr9 117300000 118500000	210.833333333333	282.75	259.416666666667	308.083333333333	313.5	261	BtoB
chr9	122500000	122600000	-0.00281456628	-0.000007013667	chr9 122500000 122600000	174	206	199	240	247	224	BtoB
chr9	123900000	124500000	-0.02311564907	-0.01513246452	chr9 123900000 124500000	267	347.5	306	315.333333333333	426.5	353.666666666667	BtoB
