gene	baseMean	log2FoldChange	lfcSE	stat	pvalue	padj
Hoxd4	87.8542599684923	-1.66273550033204	0.197399269443392	-8.42320999981648	3.66307050383275e-17	3.24181739589199e-14
Kdm2b	63.9180102934875	1.18524431588397	0.167549986053823	7.07397442279242	1.50558048110478e-12	6.66219362888865e-10
Homez	45.23113467979	-1.33757466374519	0.19228956142881	-6.9560440712763	3.49960425062861e-12	1.03238325393544e-09
Hes5	74.774911605629	-1.07074281971703	0.15866185322039	-6.74858384661438	1.49295116879756e-11	3.3031544609646e-09
Nobox	68.3955594009187	1.05531021084185	0.161857271996603	6.52000492671093	7.03050822123184e-11	1.24439995515804e-08
Hesx1	61.6167846762375	1.0170442839563	0.163275778675076	6.22899668407188	4.694317250401e-10	6.92411794434148e-08
Pax2	47.0900748678319	1.04813754550867	0.179716419642325	5.83217464266588	5.47096119243484e-09	6.9168580790069e-07
Sp100	94.1321966958985	-1.25516180337492	0.22043918724792	-5.6939141313531	1.24159545072869e-08	1.37351496736862e-06
Shox2	78.0038168543028	0.856755227073245	0.158161872040372	5.41695173445187	6.06236971929358e-08	5.96133022397202e-06
Msx2	67.0755185880825	0.849887805519622	0.157868704660176	5.38351035025635	7.30470450944577e-08	6.46466349085951e-06
Irx3	51.3893736381493	-0.919414272426275	0.172300854193533	-5.33609816811218	9.49679985909234e-08	7.64060715936065e-06
Hoxb1	39.2910682637942	1.03402332937033	0.19676123726628	5.25521867892592	1.47848690736532e-07	1.00650839462947e-05
Meox2	39.2910682637942	1.03402332937033	0.19676123726628	5.25521867892592	1.47848690736532e-07	1.00650839462947e-05
Pax4	47.3157686316656	0.923839375827956	0.177601242993711	5.20176188102843	1.97408053414977e-07	1.24790090908753e-05
Dpf3	57.0892597033121	-0.857250862702275	0.166085487614809	-5.16150372325389	2.44974017668698e-07	1.44534670424532e-05
Klf9	58.9568094192586	0.840837211421245	0.164018521278027	5.12647721043616	2.95213771919573e-07	1.63290117593014e-05
Hey1	79.705897923984	-0.801591629154871	0.158588775543883	-5.05452940415107	4.31453285791774e-07	2.24609504662188e-05
Hoxd1	58.4453127071408	0.808140262740191	0.16255298202007	4.97154990758898	6.64197610154786e-07	3.09376255256308e-05
En2	58.4453127071408	0.808140262740191	0.16255298202007	4.97154990758898	6.64197610154786e-07	3.09376255256308e-05
Jun	67.2665084552849	0.777846659429148	0.158362753691641	4.91180306793444	9.02426666384557e-07	3.99323799875166e-05
Mypop	58.7215868087906	0.77834635861328	0.163987972965387	4.74636245901743	2.07107441718591e-06	8.72809932956919e-05
Nfil3	63.8596549725495	-0.744885156611376	0.159894436502444	-4.65860584586376	3.18358102691939e-06	0.000128066782219257
Arnt2	47.4810039763882	0.819953281969888	0.177898601941071	4.60910469797565	4.04406656712003e-06	0.000149569898873416
Hoxd3	36.8937381493145	0.917839702602483	0.199162993328583	4.60848517720465	4.0561328508045e-06	0.000149569898873416
Atf3	64.234058612991	0.729838888348746	0.159222165492045	4.58377692636776	4.56651408124234e-06	0.000154090090288535
Hey2	76.2305789776951	-0.720136206494177	0.157575962999745	-4.57008919879071	4.87516669839433e-06	0.000154090090288535
Heyl	76.2305789776951	-0.720136206494177	0.157575962999745	-4.57008919879071	4.87516669839433e-06	0.000154090090288535
Onecut1	42.4678741090813	-0.857108755789581	0.18717063282778	-4.57929079386201	4.66555179117169e-06	0.000154090090288535
Foxn2	48.6469145904088	0.793306901371339	0.174065210000066	4.557527040418	5.17594284637292e-06	0.000157955497208277
Zscan29	45.1444163429925	0.819932544876676	0.180345889668668	4.54644431532684	5.45597961761833e-06	0.000160951398719741
Kmt2a	77.5103072166993	0.708486910088713	0.156535679540333	4.52604104169211	6.00989132377821e-06	0.000171572703920765
Twist1	54.0542431572554	-0.746701295814487	0.166099283885067	-4.495511830931	6.94027989873735e-06	0.000191942115949455
Hes2	63.9778234809327	-0.701094694189313	0.157468943096873	-4.45227281266508	8.49661181139128e-06	0.000227863680396402
Zbtb45	59.1166350441239	-0.719809417806622	0.162566839356139	-4.42777518870082	9.52100598334734e-06	0.000247826185154776
Obox6	49.9889622623004	-0.730596434146266	0.171690392767066	-4.25531343001513	2.08756374450985e-05	0.000513192753858671
Obox8	49.9889622623004	-0.730596434146266	0.171690392767066	-4.25531343001513	2.08756374450985e-05	0.000513192753858671
Tbx1	45.7505845817649	-0.755494978550472	0.178546139078385	-4.23137113157511	2.32271056754994e-05	0.00054094706638992
Tbx10	45.7505845817649	-0.755494978550472	0.178546139078385	-4.23137113157511	2.32271056754994e-05	0.00054094706638992
Otx1	51.6050410895974	-0.71233699034039	0.168703598808511	-4.22241727723268	2.41696117193312e-05	0.00054846426593867
Obox5	49.4913001749314	-0.723315358257076	0.171871182114273	-4.20847374969563	2.57101390182925e-05	0.000554962756858266
Obox7	49.4913001749314	-0.723315358257076	0.171871182114273	-4.20847374969563	2.57101390182925e-05	0.000554962756858266
Barhl1	76.3607377769983	0.662790507663952	0.157917442104801	4.19706967659781	2.70390765368707e-05	0.000569751969884061
Lhx6	41.3732799936109	0.780335684185248	0.18784790688961	4.15408240158788	3.26595475053466e-05	0.000672179059121669
Elf3	63.2372014560491	0.657015267263473	0.15838321957765	4.14826311155621	3.35007250492128e-05	0.00067382140155803
Spdef	67.9896530050416	0.646631479607396	0.156641794080244	4.12809035675459	3.6578838490856e-05	0.000719383823653502
Ovol1	34.8652280733038	0.835381965908664	0.202755162471189	4.12015139701988	3.78623525989979e-05	0.000728438740219852
Rhox11	48.4800659363311	0.708599836330009	0.172415391076571	4.10984095970477	3.95931711351184e-05	0.000745530988395314
Hoxc10	39.5126709558353	0.7872885381981	0.19265412070076	4.0865387946773	4.37856299512171e-05	0.000807297552225565
Cebpe	56.3954957513369	0.66022778799803	0.162248822940527	4.06923006301279	4.71687534727804e-05	0.000834886936468212
Dmrta1	40.230192130828	0.773658256121937	0.190099058194658	4.06976375090572	4.70608353549797e-05	0.000834886936468212
Zfp143	67.7405059508777	0.626268122218582	0.156112010087129	4.01165882028585	6.02935939047875e-05	0.00104627118834778
Lhx1	46.7283070000709	0.701308445940644	0.175448055721886	3.99724262007402	6.40846094063832e-05	0.00109067075624325
Zfp146	38.891101436278	0.770588062208117	0.193076165976278	3.99110919937573	6.57649884450187e-05	0.00109815122214795
Hoxd12	54.2083745470586	-0.652808407814076	0.164881194946825	-3.95926538514359	7.51806588489284e-05	0.00123212746446855
Mef2c	62.8365036902222	-0.620137919710211	0.156850316786205	-3.95369249113784	7.69543000053033e-05	0.00123826464553988
Elf5	61.4814711178933	0.625787244217134	0.159004416848894	3.93565950316861	8.29685375777392e-05	0.00131119920993391
Ctcf	75.6357629597688	0.599313025222741	0.152575957655208	3.92796502432625	8.56676656763496e-05	0.00133010323023806
Borcs8	61.9735840379843	-0.611715554657286	0.157612664472029	-3.88113199346264	0.000103971389602329	0.00153357799663435
Mef2b	61.9735840379843	-0.611715554657286	0.157612664472029	-3.88113199346264	0.000103971389602329	0.00153357799663435
Mef2d	61.9735840379843	-0.611715554657286	0.157612664472029	-3.88113199346264	0.000103971389602329	0.00153357799663435
Atf2	72.3002431579465	0.624884808967952	0.161758532752807	3.86307169293428	0.000111970128871352	0.00162448465657618
Hmga2	61.8656003553365	-0.607055649896851	0.158508637355242	-3.82979539806621	0.000128249847097943	0.00183066314002709
Mybl1	52.6026359495217	0.633844295846162	0.166958541064133	3.79641731298243	0.000146802296937176	0.0020622227426889
Tcf7l2	47.5045596480787	-0.66031345552449	0.174137857806069	-3.79190064609534	0.000149498726298992	0.00206294534830809
Cenpb	79.1484017197892	-0.599736623945711	0.158301503525124	-3.78857187449599	0.000151515760045227	0.00206294534830809
Zbtb20	34.9159735694691	-0.74012099551953	0.20206100467649	-3.66285912863049	0.000249415717486003	0.00334443802992595
Zfp523	67.3266316781723	0.568711891219492	0.155751521587264	3.65140504197806	0.000260809531814366	0.00344502142769723
Lef1	47.8861587446413	-0.630757790438586	0.173232109803537	-3.64111359697651	0.000271461318483457	0.00353298921849793
Bsx	49.2122814439909	0.620460020268577	0.172166805324184	3.6038307099924	0.000313561331225795	0.00402176490050477
Zfp42	56.6086779389128	0.577761146152844	0.161293524881247	3.58204798722219	0.000340911149893139	0.00431009096650611
Barhl2	72.9368349520246	0.553220594015947	0.156027105472346	3.54566978821509	0.000391616609242809	0.00488141829830826
Fbxl19	58.1713827827937	0.575354486099722	0.163714210790137	3.51438328611106	0.000440776319314175	0.00538301240183269
Sp140	41.731171726481	0.655643684232309	0.186663638046372	3.51243386818289	0.000444022491902584	0.00538301240183269
Dbx2	55.6491059209321	-0.574407697975668	0.163973011611692	-3.50306243893316	0.000459941635052524	0.00542731129361978
Dlx5	55.6491059209321	-0.574407697975668	0.163973011611692	-3.50306243893316	0.000459941635052524	0.00542731129361978
Cdc5l	58.9566218741812	-0.556522622471925	0.159365683962062	-3.49211077715081	0.000479219455349068	0.00558038444715691
Creb5	80.1527144822867	0.599383404919183	0.172020577995917	3.48437036953457	0.000493296353246135	0.00566970483925752
Thap11	70.961883904993	0.536022520438517	0.154380366639425	3.47208995616954	0.000516423259501165	0.00579064351593037
Emx1	34.4509850269419	0.699085827414989	0.201358901596946	3.47183969454864	0.000516904901422033	0.00579064351593037
Obox3	51.0247972783238	-0.580433558662608	0.168013012880895	-3.45469406631068	0.000550917570412428	0.00602246632056961
Zkscan5	58.6991312650533	0.551737955942962	0.159866512245626	3.45124159020401	0.000558013828572551	0.00602246632056961
Sry	54.4917502934019	-0.566180985101493	0.164025723475032	-3.45178166635355	0.000556898161310539	0.00602246632056961
Nr5a2	51.8606550554792	-0.576431437483579	0.167238537117091	-3.44676201681908	0.000567348113111634	0.00604943470004573
Creb3l1	58.8553771809989	0.544074538626953	0.159520511232426	3.4106870296712	0.000647994249160273	0.00682708226793859
Ehf	65.9383548592569	0.52898418478459	0.15661553863048	3.37759707248897	0.000731221390229091	0.00752477825991564
Hoxd9	55.0863436263556	0.551509076892676	0.163174543226848	3.37987204367999	0.000725195833040674	0.00752477825991564
Hoxa10	58.2286140339598	-0.538768134571319	0.159698912767819	-3.37364935824338	0.000741787919290827	0.00754577366175152
Hoxc5	49.8908243044322	-0.571934553350973	0.169937181177024	-3.36556455385232	0.000763871909155319	0.00768212090457338
Zbtb12	46.6461979591863	-0.584341798131767	0.174758711637287	-3.34370626023253	0.00082667216210184	0.00812894292733476
Dlx2	55.6505219713028	-0.547388096713312	0.163646118831867	-3.34495007043649	0.000822973842489613	0.00812894292733476
Msx3	75.6080923948159	0.510402593436177	0.152892995208884	3.33829939520028	0.000842928710499352	0.00819771328342776
Atf4	64.6758177468669	-0.51301641280385	0.154814330315413	-3.31375274988206	0.000920528678219961	0.00885508565461593
Hoxc12	56.4890629576589	-0.530705067838594	0.161450982001796	-3.28709718119082	0.00101225894457566	0.00963278673063934
Six5	82.7835744417919	0.54140545876383	0.166340211608738	3.25480804387404	0.00113469030874131	0.0106829885450645
Zfp113	50.8979655821387	-0.544924377085838	0.167865337340624	-3.24619951753413	0.00116956841120991	0.0108954530939029
Trp73	58.9691269752678	0.512096455297649	0.158214631513667	3.23671995692392	0.00120912003993477	0.0111465753681487
Zfp647	81.4160553518084	0.508972359644937	0.159648988892894	3.18807130051039	0.00143225214840126	0.012819314026697
Zfp771	49.9377782387843	0.537951774754709	0.168723124302223	3.18837015957048	0.00143077249915922	0.012819314026697
Fosl1	58.8029210044625	0.506415329715328	0.158864751581452	3.18771360338974	0.00143402495891865	0.012819314026697
Gm28047	72.6242488685472	0.503991805250896	0.159844998584431	3.15300328264375	0.00161599989602952	0.0141599990889715
Hoxd13	47.7008607080043	0.54527396703717	0.172818501796506	3.15518281531702	0.00160397565497007	0.0141599990889715
Dmrtb1	43.8292870024694	0.565079231827628	0.179633946877876	3.14572630423689	0.00165674965909186	0.0143747396891794
Esrra	52.2559695010436	-0.521751328800877	0.16604930109202	-3.14214709348122	0.00167713756754438	0.0144103567696774
Pax7	89.8295372096721	0.613089748528659	0.195987964877599	3.12820100413592	0.00175879856116051	0.0148651976771502
Lhx2	39.2172070710651	0.598096437282339	0.191244692775173	3.12738841848783	0.00176366752101781	0.0148651976771502
Hoxc6	41.586484993165	0.575316795303003	0.185319602484968	3.10445731368147	0.0019062843262096	0.0159156757424103
Zscan10	62.0992886172338	-0.48307310107548	0.156396224849081	-3.08877724856617	0.0020098206791913	0.0166232831877037
Nkx31	50.8985386509134	-0.515706735621256	0.167887850925815	-3.07173349815011	0.00212819640325975	0.0174393871933785
Evx2	52.4791482305105	-0.504154693750049	0.166844032574203	-3.02171246985312	0.00251349174575502	0.0200400017566954
Obox1	49.0481480515993	-0.515028365228365	0.170381706907348	-3.02279144033011	0.00250454787733012	0.0200400017566954
Q8VHG7	47.9367177307971	-0.520740695908115	0.172172261910846	-3.02453304689558	0.00249017265181723	0.0200400017566954
Nfkb2	57.4796543364314	-0.481332118876996	0.160168361813866	-3.0051635255929	0.00265438100134204	0.020974349876676
Pax9	57.5535267564461	0.478382446197353	0.159416701620504	3.0008301597919	0.00269244693461932	0.0210868631605141
Cebpb	65.1895493217575	0.466754731551724	0.155697567885345	2.99782930389408	0.00271909922403306	0.0211087966076251
Cxxc1	56.7069574925251	0.478317975837944	0.160458934980621	2.98093699734273	0.00287367906885201	0.0221148345733394
Zbtb3	45.3351230945621	0.514562236567662	0.176396704549452	2.91707397755499	0.00353331959796264	0.0269567917603184
Gbx2	75.8535982941825	0.450266274977802	0.15483643902083	2.90801233756885	0.00363733987205031	0.0272800490403773
Msx1	75.8535982941825	0.450266274977802	0.15483643902083	2.90801233756885	0.00363733987205031	0.0272800490403773
Pou3f3	60.8174239547819	-0.457110885083529	0.158056763720143	-2.89206785160359	0.0038271528395628	0.0284624391849838
Dbx1	41.4417590552336	0.532307972934263	0.185090637513828	2.87593138196682	0.00402837273642432	0.0297092489311294
Pax6	49.4386304068587	0.482789180485978	0.169287637563528	2.85188680895144	0.00434605733693381	0.0317872788693093
Trp63	57.5587624663264	0.452655985040054	0.159253538770556	2.84236060645545	0.00447808087844658	0.0324844391592232
Emx2	52.7037105453285	0.469301832263507	0.165544204598945	2.8349034229284	0.0045839540858864	0.0329821086667436
Onecut3	58.0139194535838	-0.451413582140653	0.159537571422264	-2.82951268542161	0.00466189518495529	0.0332723970861728
Etv6	79.2560423909579	0.46102688886924	0.164154614507341	2.80849180056783	0.00497741499153203	0.0352400981400468
Sox30	50.2948887039753	-0.47086892092578	0.168497186177143	-2.79452097455651	0.00519766689353792	0.0365074222284211
Pou3f2	50.5583497607567	-0.468531663914553	0.168276451919897	-2.78429725947385	0.00536438457910713	0.0373817350591323
Cebpg	78.1339204262974	0.443459684911135	0.159816856052423	2.77479920369396	0.00552357994192239	0.0381903769421978
Hoxb13	54.0412665768749	0.451767942447363	0.163329381237071	2.76599310562272	0.00567497345768739	0.038932957442274
Tbx6	46.8137346860546	-0.478888290284192	0.173474892435774	-2.76056254343257	0.00577019084596861	0.0392816838360171
Prdm11	51.7820468398032	0.455382636082424	0.165814048548736	2.7463453191578	0.00602632959491949	0.0407122266527004
Pbx3	121.469973655472	0.358689400637347	0.131082287031328	2.73636819100983	0.00621214761476758	0.0416496260535554
Sox21	49.1698581489631	-0.460116157279163	0.16998878761244	-2.70674415496267	0.0067946598772907	0.0452125864015208
Rfx6	57.2958595154943	0.42866463373498	0.159436674822029	2.68862000674234	0.00717480411084617	0.0473858331201408
Sebox	43.8030106664756	0.479962726470154	0.179378487048916	2.67569837591098	0.00745737254587511	0.0488872200229591
Ferd3l	61.3645347070489	-0.41729905144185	0.156456426727276	-2.66719022139792	0.00764883661704521	0.0497736794565074
Zfp248	44.5474462848658	-0.47274839486418	0.177605281402834	-2.66179243730889	0.00777257912087626	0.0502097264377773
Sox10	50.6611244554538	-0.444935642206791	0.167619846005534	-2.65443294937821	0.00794418259377088	0.0505798675934333
Onecut2	57.1436535576208	-0.42657307831359	0.160563983235808	-2.65671709007814	0.00789056293378557	0.0505798675934333
Ahctf1	73.3578814265328	-0.40067368746434	0.151102937130506	-2.65166048439074	0.00800970382500061	0.0506327706080396
Alx1	48.7984941376815	0.450579537010429	0.170192847432052	2.64746458978142	0.00810978524921624	0.0509018435855062
Npas2	60.4551640265671	-0.417815794151504	0.158152731802588	-2.64184999771636	0.00824545649291706	0.0513889365931803
Hoxa1	44.6672262455159	0.463394243243606	0.177174918385137	2.61546186936175	0.008910686993623	0.0551465593661283
Hoxa13	52.4140673384047	0.429266623400852	0.165122024559671	2.59969331496252	0.00933071075669216	0.0569941400764251
Msc	44.2432944857439	-0.469051314746089	0.180444295547013	-2.59942445575334	0.00933802295037474	0.0569941400764251
Sox15	49.9182511454863	-0.437619214332599	0.168726194442972	-2.59366493612532	0.00949589797822842	0.0575607514433709
Sox13	52.1698051146504	-0.430462888608496	0.166179365005757	-2.59035102579423	0.00958781100027966	0.0577225356139286
Nr6a1	52.0406140979252	-0.424651240961167	0.165355926792548	-2.56810414478778	0.0102256429420617	0.0611465811062472
Mafg	44.5724989568239	-0.455984718398298	0.178204279996626	-2.5587753470732	0.0105041598050094	0.0623904793787471
Lhx8	108.672994662768	0.412254395505391	0.161516156609163	2.55240345090036	0.0106982555935834	0.0631197080021421
Stat3	46.0535429988825	0.442798333353579	0.17420367780037	2.54184262321377	0.0110269811410495	0.0646283331776744
Erf	75.9752517183005	0.401676596689633	0.158577806681353	2.53299377192651	0.0113092962254118	0.0658468892071674
Atf6	73.2690208957343	0.384421878441955	0.154047100642384	2.49548272469198	0.012578587998494	0.0687312531199044
ENSMUSG00000097436	55.5512324304636	0.401096654355838	0.160874842783159	2.4932217332232	0.012658976563327	0.0687312531199044
Gsc	55.5512324304636	0.401096654355838	0.160874842783159	2.4932217332232	0.012658976563327	0.0687312531199044
Rhox9	55.5512324304636	0.401096654355838	0.160874842783159	2.4932217332232	0.012658976563327	0.0687312531199044
Hoxa2	37.7023727904051	0.483215922300222	0.193427777104584	2.49817233870683	0.01248354880811	0.0687312531199044
Hoxb2	37.7023727904051	0.483215922300222	0.193427777104584	2.49817233870683	0.01248354880811	0.0687312531199044
Duxbl1	120.511964001101	0.330403003584095	0.132040760396303	2.50228037609321	0.012339615926279	0.0687312531199044
Duxbl2	120.511964001101	0.330403003584095	0.132040760396303	2.50228037609321	0.012339615926279	0.0687312531199044
Duxbl3	120.511964001101	0.330403003584095	0.132040760396303	2.50228037609321	0.012339615926279	0.0687312531199044
Mtf1	83.6006878449756	0.407937901170723	0.162446647819385	2.51121156790066	0.0120317563831033	0.0687312531199044
Barx2	53.1608934491328	0.409963596767184	0.164142407058431	2.49760926572283	0.0125033925510542	0.0687312531199044
Uncx	43.5519867049882	0.449054726517257	0.180367048533842	2.48967164550015	0.0127861161603286	0.0689982487920172
Hoxb3	44.8435025158393	-0.436745181622536	0.177192921924871	-2.46480038185562	0.0137089601963718	0.0726492800825691
Sox7	48.6822453766046	-0.419862137213801	0.170340106504579	-2.46484604142545	0.0137072134669538	0.0726492800825691
Sox8	48.6822453766046	-0.419862137213801	0.170340106504579	-2.46484604142545	0.0137072134669538	0.0726492800825691
Zfp711	66.5041514778456	-0.375686439377728	0.152864741545738	-2.45763958110197	0.0139853451477387	0.0736728003318379
Sox18	50.1845213825317	-0.405650266346341	0.168211997078883	-2.41154182454723	0.0158852297774994	0.0831859665863136
Hlx	44.0398608415066	0.427652149186444	0.178119737092997	2.40092510895166	0.0163536830581829	0.084145404107511
Lmx1b	44.0398608415066	0.427652149186444	0.178119737092997	2.40092510895166	0.0163536830581829	0.084145404107511
Mixl1	44.0398608415066	0.427652149186444	0.178119737092997	2.40092510895166	0.0163536830581829	0.084145404107511
Nr5a1	50.9125302379731	-0.399080234393463	0.166802451310937	-2.39253219156555	0.016732560174584	0.085597200893103
Junb	40.3081411201815	0.445265066952843	0.186806567277999	2.38356217043599	0.0171459880418087	0.0872080426264408
Foxk1	43.1610684736807	0.427258951360492	0.17980200735849	2.37627464585877	0.0174884403344486	0.0884415411199258
Tgif1	51.9207002733601	-0.390350811845922	0.165242485777466	-2.3622908479579	0.0181623866887062	0.0913279103380964
Gcm1	50.2902223446686	0.39508750694019	0.167670884034714	2.35632745192893	0.0184566399949714	0.0917963488631496
Esrrb	52.1724610070504	-0.388426825476962	0.164998880870165	-2.3541179396399	0.0185667191485918	0.0917963488631496
Lhx3	41.5421202560983	0.43327320344062	0.183971903480831	2.35510529185651	0.0185174579003156	0.0917963488631496
Hoxc11	49.6880572226886	-0.39583399868405	0.168523329209263	-2.34883799496107	0.0188320985465332	0.0925911511871217
Tbp	54.2835344686566	-0.377634371963398	0.162864530916217	-2.3187023585735	0.0204111805584975	0.0987098076189635
Tbpl2	54.2835344686566	-0.377634371963398	0.162864530916217	-2.3187023585735	0.0204111805584975	0.0987098076189635
Myb	50.1583111849343	0.388457092639075	0.167290524145137	2.32205078335495	0.0202302013273444	0.0987098076189635
Sox14	50.4247553386156	-0.388676879228532	0.167783050909729	-2.31654435368235	0.0205285656484809	0.0987379380375303
Mycn	50.6473760076876	0.385234881042153	0.166826566859909	2.30919384300254	0.0209328270797657	0.100138118732933
Nfatc4	56.1735325553502	-0.370179721417514	0.160486514152889	-2.30660952025451	0.0210765983340831	0.100283814654105
Tcf7	49.8127058726678	-0.387202506201393	0.168307480622038	-2.30056623015421	0.0214161616789734	0.101354561956639
Arid3c	50.7910120797059	0.376908857429639	0.166420414767952	2.26479941150959	0.0235249915700852	0.110742646486837
Naif1	39.6895069375557	0.4240952267153	0.187943459040417	2.25650431720583	0.0240390652378656	0.112563876907466
Zbtb26	52.6899459234597	-0.370333076552482	0.164446057201638	-2.25200337943277	0.0243220584563536	0.113289588073016
Nfatc2	59.2914822501495	-0.354140565070025	0.157422502321399	-2.24961844620536	0.0244731764783915	0.113396655410348
Max	53.3690354778485	0.368043008851692	0.16409664986036	2.24284291705458	0.0249069458514356	0.114805453533961
Sox11	51.8103522884855	-0.370052650457976	0.165646987680131	-2.23398357942106	0.0254841535182358	0.116857387894501
Foxh1	56.2535287103436	-0.361755114668365	0.162382645689046	-2.22779419028008	0.0258942424581854	0.117772092009019
Nr2e3	57.5413115777861	-0.353714506111507	0.15883272074598	-2.22696245742212	0.025949782985038	0.117772092009019
Zfp787	46.1757131346759	0.38623233894347	0.173642714547042	2.22429337131122	0.0261287124050548	0.117979135094252
Zfp90	49.8067970979581	-0.372590337205804	0.167944938519394	-2.21852674150569	0.0265189383352103	0.119133301658178
Plagl2	61.6715581875772	-0.344092442886895	0.155607565686679	-2.21128350262696	0.0270162110412384	0.120458081943132
Pax8	57.3023414093555	0.351904968284923	0.159213176655284	2.21027540356689	0.0270860545838228	0.120458081943132
Gata6	44.808741554946	0.388767940791959	0.176211879831689	2.20625272917635	0.0273663091624025	0.121095918043631
Lhx5	40.2823822869733	0.408881539934514	0.186577660628364	2.1914817591638	0.0284169483200999	0.125119399319843
Glis1	62.0207074234313	-0.335490012688957	0.155405383297638	-2.15880560615082	0.0308652513817899	0.13522647263804
Dbp	46.7905086883384	0.373942785460599	0.173911836286402	2.15018594159849	0.0315405097259075	0.137504192647429
Hoxc13	54.6432038744926	0.346625140174582	0.16191419970667	2.14079519154306	0.0322905579086924	0.140084037986239
Foxq1	49.5782967880426	-0.35991186589686	0.168479960732318	-2.13622952149598	0.0326607102902402	0.140998676131037
Ets1	77.4611193273448	0.338197461114723	0.159718046867276	2.11746554474062	0.0342203565256197	0.147014638471716
Mecp2	50.2594145780248	0.351205649460669	0.166947700143305	2.10368665851163	0.0354057890074343	0.151372576191205
Grhl1	53.0167877433257	-0.345750654608361	0.165182575224432	-2.09314241613313	0.0363364432932656	0.154604578435289
Mlxip	60.9810185517884	-0.329699739529404	0.157820359544663	-2.08908242561759	0.0367003040659901	0.154665567135244
Terf2	48.320734129376	-0.355486973081294	0.170149895368657	-2.08925766490232	0.0366845350769259	0.154665567135244
Pax1	56.2608234193465	0.331658423812968	0.159792222833605	2.07556048681	0.0379346191178518	0.158359141128768
Hoxa9	45.6031770559047	-0.364258254051939	0.175418146825429	-2.07651409300566	0.037846429067253	0.158359141128768
Hoxa4	43.7067580155906	-0.37291559185256	0.179870904104019	-2.07324021475371	0.03814992951703	0.158510270528505
Hmga1	72.2756686943941	-0.311394694762557	0.15080682615212	-2.06485808837626	0.0389364297055116	0.160273210648269
Hmga1rs1	72.2756686943941	-0.311394694762557	0.15080682615212	-2.06485808837626	0.0389364297055116	0.160273210648269
Hnf1b	49.6379003008921	0.34804555597455	0.16872538982777	2.06279301727988	0.0391322977527824	0.160333719959317
Zfp423	53.5179146542103	0.332871504337104	0.162722343560584	2.04564104138023	0.0407917004099544	0.166362464805574
Pou5f1	51.2224023255562	-0.339784258852704	0.166258499490899	-2.0437106066346	0.0409821447630064	0.166372468418627
Jund	61.4792876457668	0.318977220887368	0.15646552035824	2.038642252664	0.0414857450193753	0.167647873708435
Thap1	52.1614250130898	0.333209912001258	0.164373735933505	2.02714813354399	0.042647265588782	0.170782036407566
Hnf4a	49.775767714055	0.339782346943461	0.167515467274411	2.0283640219733	0.0425231092224866	0.170782036407566
Six2	39.7180424527866	-0.379261438502311	0.187512373817934	-2.02259419354669	0.04311500334195	0.171877378187503
Ovol2	55.0715188127671	-0.336897489405384	0.167036370107713	-2.01691098284844	0.0437048037266207	0.171905561324708
Prox1	54.9562124876342	-0.326539508908301	0.161833385283163	-2.01775120959713	0.043617178567955	0.171905561324708
Prox2	54.9562124876342	-0.326539508908301	0.161833385283163	-2.01775120959713	0.043617178567955	0.171905561324708
Zfp384	63.4178408255652	-0.31020462502855	0.154212173180958	-2.01154434588341	0.0442679911657186	0.17258666159322
Hes1	79.3233902960246	-0.310728257347785	0.15439166707787	-2.01259733267252	0.0441570078120457	0.17258666159322
Snai1	52.4286836924852	-0.330125983808896	0.164305722288202	-2.00921781184125	0.0445140395487892	0.172784758774905
Jdp2	90.8031678517518	0.452167596988278	0.225698729468364	2.00341223919764	0.0451330588422948	0.173664161197526
Tbr1	45.0914856755522	-0.352449960883342	0.175837252848635	-2.00441007336903	0.0450261511350757	0.173664161197526
Tal1	41.2961754752332	0.364984757190333	0.183590867357028	1.98803329623445	0.0468080076349403	0.179329379900096
Ubp1	56.1681722563607	-0.317340831157638	0.160665276722437	-1.97516748877775	0.0482491440546928	0.184053846932772
Nrf1	95.8900269514659	0.444940655238307	0.227225500785779	1.95814577897128	0.0502129093239414	0.189907798084137
Snai3	46.5947140451305	-0.339040934916819	0.173019136947158	-1.95955742757153	0.0500475414383741	0.189907798084137
Gli3	49.2843379929451	0.327602459968057	0.168243695413024	1.9471901111291	0.0515119468121999	0.193586834887422
Pbx2	60.871704704874	0.3037982281622	0.156093101780586	1.94626299751053	0.0516231559699792	0.193586834887422
Trps1	61.1534200018576	0.302643190356885	0.156029552716084	1.93965300219493	0.0524218748379151	0.195752570597278
Hmg20a	55.7169446152164	-0.308168755392481	0.16066275017954	-1.91810954965045	0.0550971218385642	0.202951513431821
Hmg20b	55.7169446152164	-0.308168755392481	0.16066275017954	-1.91810954965045	0.0550971218385642	0.202951513431821
Ybx1	45.1108629113166	-0.33634848411655	0.175641658479312	-1.91496987120608	0.0554963460457636	0.202951513431821
Ybx2	45.1108629113166	-0.33634848411655	0.175641658479312	-1.91496987120608	0.0554963460457636	0.202951513431821
Ybx3	45.1108629113166	-0.33634848411655	0.175641658479312	-1.91496987120608	0.0554963460457636	0.202951513431821
Fli1	79.3146017618971	0.308501927894435	0.16168297363711	1.90806688518022	0.0563825720623774	0.205343935288905
Arntl	105.766926027495	-0.434640714359844	0.228253847681985	-1.90419885041941	0.0568842914012495	0.206322122500434
Stat5a	43.9066684520992	0.337167902958492	0.177671185868889	1.89770728050019	0.0577346529721508	0.208551705634096
Dlx6	53.5191721132003	0.305096153906145	0.163129787562078	1.87026635947799	0.061446838628432	0.221058748724237
Gabpa	83.0569487353152	0.314309023597207	0.168576562223111	1.86448827436177	0.0622531667007184	0.223052844251562
Hes7	78.8424350888792	-0.285420073864451	0.153348399308945	-1.86125238444404	0.0627085438852928	0.223778473139049
Tcf7l1	45.9798420808733	-0.320833432287507	0.174141410535312	-1.84237299618317	0.0654206089521974	0.230666290528664
Dmbx1	58.464397446117	-0.291479585793383	0.158098688674481	-1.84365593565124	0.0652332986082717	0.230666290528664
Hoxd11	42.2571497187473	-0.336739772944116	0.182699455686485	-1.84313506397067	0.0653092929515543	0.230666290528664
Pitx2	54.3340502603807	-0.297185297807726	0.161925355598304	-1.83532280481735	0.0664578740536097	0.233393724354939
Elk1	80.5624813597859	0.295376084744371	0.161354391409871	1.83060456033118	0.0671595874012137	0.233942367548525
Sox2	48.091329586792	-0.311909824303337	0.17041030406354	-1.83034603463319	0.0671982117875555	0.233942367548525
Phf21a	58.6657898892039	-0.289339649562335	0.158199882364299	-1.82894984015253	0.0674071228529649	0.233942367548525
Foxj2	46.7413161362438	-0.31488470911586	0.173065589278317	-1.81945302026202	0.0688423440187134	0.237990134595943
Lbx2	40.5047133066224	-0.335518201723274	0.18641816200038	-1.79981498649573	0.0718898567815591	0.247558456232217
Evx1	35.5624620605934	0.354262756775805	0.197151827399052	1.79690323670572	0.0723509827109048	0.248180696508336
Irx2	36.6406474481915	-0.346095922345504	0.19374998340047	-1.78630168772785	0.0740504237987286	0.253029440393339
Bcl11b	53.3054332858711	-0.289869229801596	0.163018238587672	-1.77813987142122	0.0753808854193656	0.254626273267705
Spic	61.6013659813956	0.277340148870531	0.155779882600264	1.78033353370919	0.0750213922547348	0.254626273267705
Tet1	51.3976767811845	0.294598128747	0.165542564888807	1.77959142378202	0.0751428507821368	0.254626273267705
Sox1	48.4696305653228	-0.301287072552985	0.16980221880074	-1.77434119931342	0.0760067296846467	0.254795287011032
Crebzf	73.4466880880111	-0.271977878186096	0.153233703581891	-1.77492204279162	0.075910760101195	0.254795287011032
Nkx25	46.6548824303486	0.304301106476219	0.172451248632854	1.7645630802249	0.0776372249990023	0.25927903443063
Hsf3	46.884971390848	0.303148611379326	0.171994520867752	1.76254807333321	0.0779767415723413	0.25943389583279
Gata5	44.0275453818286	0.311720134714615	0.177403200219444	1.75712802434806	0.078895989961067	0.260533399684867
Epas1	58.3680907723812	0.278128866581205	0.15824407953318	1.75759413812943	0.0788165914630282	0.260533399684867
Bhlhe41	99.7851659047637	-0.425546904597573	0.243177699636744	-1.74994214203544	0.0801282978931865	0.262192441867981
Bhlhe22	34.4211910335975	-0.351373162701903	0.200599777764183	-1.75161292110185	0.0798403892529205	0.262192441867981
Tbx19	44.5454276440252	0.308664644190843	0.176478399838247	1.74902222863395	0.0802871771143761	0.262192441867981
Lhx4	40.6523375550978	0.324436743697339	0.185748727586033	1.74664315558808	0.080699256406087	0.262569271762452
Pax5	60.6459399378569	0.269044827277125	0.155879009925208	1.72598496363439	0.0843501178843934	0.273442689845012
Foxj1	52.3535099487321	-0.282392609758388	0.164330788584419	-1.71844005734397	0.0857163791647869	0.27685764803225
Bhlhe40	104.667463936023	-0.451664344498892	0.26329482794931	-1.71543189061749	0.086266072705171	0.277619906705732
Nkx62	47.9971972253777	0.289428577672537	0.170258847747095	1.69993267018028	0.0891435908567541	0.285840861986331
Hoxc8	42.6359774501056	-0.307689943392166	0.181350928108989	-1.69665491431756	0.0897619212103922	0.286784477513347
ENSMUSG00000098546	66.6422899166043	-0.259465592496389	0.153543002435918	-1.68985618608493	0.0910554715435175	0.288831872100405
Vezf1	66.6422899166043	-0.259465592496389	0.153543002435918	-1.68985618608493	0.0910554715435175	0.288831872100405
Elk4	70.8323242769345	0.257679520306587	0.153117802737532	1.68288413038614	0.0923975242912862	0.292042174992101
E2f5	82.2621492913349	-0.258838575263664	0.155154108256928	-1.66826762224717	0.0952626122856768	0.300026376771616
Six4	38.7364867668095	-0.314775045704967	0.189084888853836	-1.66472872376539	0.0959668896688881	0.301172685663
Stat5b	44.5199474052504	0.292230807606543	0.176180175338742	1.65870426138849	0.0971754002822468	0.303264790376624
Bhlha15	35.5501959710633	-0.328188810058255	0.197943418060971	-1.65799304302791	0.097318870584137	0.303264790376624
Spib	54.8622094517956	0.265968183252284	0.161130900141281	1.65063425462826	0.0988132799282782	0.306841237672022
E2f8	61.3485571236555	0.254596244749561	0.155354627860082	1.638806955779	0.101253470092137	0.313319304306088
Mesp1	45.3530275697113	-0.285351380952058	0.174865719898785	-1.63183144825198	0.102714998414446	0.315634630544392
Mesp2	45.3530275697113	-0.285351380952058	0.174865719898785	-1.63183144825198	0.102714998414446	0.315634630544392
Olig3	38.9956278845446	0.307971057296772	0.18903610825567	1.62916524328909	0.103278042589591	0.316266670213799
ENSMUSG00000098598	49.3656603251191	-0.273294958776128	0.168813573881426	-1.61891578083697	0.105465384972238	0.318555855632868
Pou6f1	49.3656603251191	-0.273294958776128	0.168813573881426	-1.61891578083697	0.105465384972238	0.318555855632868
Nkx61	43.3898659017112	0.29024724873584	0.179126176515458	1.62035082968899	0.105156935842047	0.318555855632868
Mitf	73.5189774379484	0.379650962222341	0.234382342553769	1.619793360224	0.10527667307333	0.318555855632868
Setbp1	67.7618966018177	-0.256414141850756	0.159382683840879	-1.60879548312004	0.10766106888666	0.324081788995558
Batf3	41.5188227337192	0.292494179784926	0.182677673141588	1.60114903345754	0.109343914125354	0.328031742376062
Lin54	65.2000111289278	-0.24509697691333	0.153378742160159	-1.59798531048975	0.110046246314497	0.329023405365981
Zeb2	47.359364894372	-0.271453675093064	0.171209039115704	-1.58551018389639	0.112850464942876	0.332969564618023
Nr2e1	51.1033505242664	-0.262203464847148	0.165689084098195	-1.58250295289069	0.113534798745639	0.332969564618023
Six1	43.5945192164378	-0.282180220007107	0.178683252653499	-1.57922030082085	0.114285535085494	0.332969564618023
Foxc2	54.8702339678641	-0.254265949103764	0.161548920116645	-1.57392540241169	0.115504696426817	0.332969564618023
Atf6b	67.474513995356	0.241006643573753	0.15303455314609	1.57485116020617	0.115290804235456	0.332969564618023
Meox1	43.64259363797	-0.282480805355633	0.179094041442699	-1.57727640227502	0.114731939699838	0.332969564618023
Esrrg	51.08881691882	-0.262127692468079	0.165553214007056	-1.58334402651287	0.113343073276231	0.332969564618023
Arid5a	54.3691006696756	-0.256460623952217	0.16255184397991	-1.57771587004521	0.114630898736617	0.332969564618023
Gata4	43.276543280837	0.282633459665303	0.1788926754231	1.57990515261089	0.114128589065786	0.332969564618023
Thap12	47.3507183877739	-0.27169961708181	0.171558070327873	-1.58371807611586	0.113257889433389	0.332969564618023
Olig1	46.1691942850501	0.275478446528429	0.174697339737816	1.57688976227036	0.114820892613701	0.332969564618023
Irx6	53.1824717973054	-0.25655895096137	0.163324813089611	-1.57085103058164	0.116217255452656	0.333935945050651
E2f2	97.3468208841778	-0.344334005474848	0.220333610591119	-1.56278474514649	0.118103233469328	0.337317945156004
Eomes	46.4903448680647	-0.26977992638845	0.172652732155529	-1.56255810736564	0.11815656835973	0.337317945156004
Elk3	85.0335426254465	0.274003801385968	0.175843511436188	1.55822526033553	0.119179858951314	0.33805825375613
Zfp652	55.3149923426625	-0.250817100700559	0.160932591141358	-1.55852272632738	0.119109384954206	0.33805825375613
Hoxd10	63.9320094855951	-0.239033899240368	0.153653736279229	-1.55566603864407	0.119787526308727	0.338696360329787
Sox5	50.4700476419565	-0.258513563453657	0.166655920631516	-1.55118139502072	0.120858219458455	0.340635427454561
Stat4	47.0113282675207	0.263626342136155	0.171539098325996	1.53682947333181	0.124335073880326	0.347750196334196
Cdx1	54.7090901724527	-0.248228337653274	0.16137778956171	-1.53818154485474	0.124004232081228	0.347750196334196
Prdm4	58.1918211901115	-0.242477380090351	0.158073358480915	-1.5339547563268	0.125040783717122	0.347750196334196
Dmrt3	39.2464743020473	0.288646640931194	0.18832432824581	1.53271031746062	0.125347245910292	0.347750196334196
Hsfy2	85.9933314703136	-0.252833943554613	0.164855535393025	-1.53366972453696	0.125110925549913	0.347750196334196
Nkx32	47.9790764209437	-0.259798462990026	0.170371442333775	-1.52489442732459	0.127285432062243	0.350927125779081
Tbx15	46.0931127287695	-0.264407155197208	0.17323645848261	-1.52627892253841	0.126940415546489	0.350927125779081
Nr2c1	48.7163381925551	-0.254866808794249	0.168911433923405	-1.50887836823303	0.131329868800366	0.360953210833304
Pitx1	52.7320529473909	-0.24583673408086	0.163479949924222	-1.50377299598399	0.132639826521483	0.363424911676508
Zfp691	46.625535679751	0.257859655104899	0.172060187798371	1.49865961675616	0.133961958139922	0.364788716781019
Neurog1	42.6322887159301	-0.273233961527828	0.182209245948593	-1.49956145257807	0.133728039121596	0.364788716781019
Mzf1	45.5064099170355	-0.260893200375941	0.174501466993961	-1.4950774046213	0.1348942420985	0.366200626555744
Rxra	47.8727206421157	0.252656274285059	0.169992882874008	1.48627560173986	0.137206237466004	0.367962182295193
Tlx3	60.8889286862286	0.232164167742436	0.156043665776052	1.48781539185083	0.13679958537493	0.367962182295193
ENSMUSG00000097200	41.5213965323453	-0.273855391883854	0.183965724301199	-1.48862182302766	0.136586981662708	0.367962182295193
Rhox6	41.5213965323453	-0.273855391883854	0.183965724301199	-1.48862182302766	0.136586981662708	0.367962182295193
Zfp41	48.1280262193735	0.251497106363611	0.169681505614814	1.48217158642217	0.138294644829329	0.369760606265729
E2f3	92.8816271990537	-0.308748066546824	0.208641151781074	-1.47980426637403	0.138925489784758	0.370328489335877
Zfx	71.7986840487858	-0.222431409400827	0.150714030997523	-1.47585070831582	0.13998397445077	0.371152195684288
Nr1i3	42.2394353287436	-0.267389076553436	0.181217054782766	-1.47551827764759	0.140073258032262	0.371152195684288
Vdr	45.0193585889038	0.25733167276668	0.175231581271624	1.46852337289472	0.141962112158395	0.37503423659755
Irf5	52.0735986116234	-0.241626580551677	0.165583070975339	-1.45924688513395	0.144497168623748	0.380595220928622
Rfx5	60.9544556832008	0.226417711259496	0.155506546812671	1.45600115172158	0.145392301227695	0.381816577408041
Erg	66.1956742839745	0.223118407996356	0.153592266751547	1.45266693900205	0.146316250592824	0.383106159096596
Zfp64	58.7347814551391	-0.227825986084848	0.157440240943863	-1.44706324583232	0.147879210767719	0.386056346694487
Mef2a	47.4836725693557	-0.24765694751065	0.171414929309831	-1.44478050137052	0.148519549663762	0.386587651330675
Prdm16	52.123373792731	0.235748443400578	0.163953500737618	1.43789819881831	0.150462940851548	0.390415424794782
Snai2	49.8512774351704	-0.24054817455701	0.16745938693404	-1.43645679684566	0.150872401446119	0.390415424794782
Zscan20	47.2281323451156	-0.249749426815434	0.174293656603979	-1.43292321523153	0.151879782018649	0.391876405500014
Xbp1	66.5751193906933	0.216620097859033	0.152925287190397	1.41650934151481	0.156626431069239	0.402948812489175
Prrx2	40.7611510290188	0.261184752497277	0.184977932044785	1.41197790249942	0.1579564677805	0.405192678219542
Sox17	43.1286519034014	-0.252537908385935	0.179397078979059	-1.40770356921705	0.159218864511815	0.407250563852475
Hif1a	54.6226399923078	0.227048420321713	0.161748895414916	1.40370924783933	0.160405447501713	0.409103230659988
Gli1	47.383114305024	0.239115960638777	0.170788302850304	1.40007223356721	0.161491688863345	0.409826167690492
Myog	47.623850518911	0.238398429642643	0.170325919954596	1.39966030834411	0.16161506499885	0.409826167690492
Isx	70.2966734961802	0.212642496641226	0.152624885044687	1.39323608059699	0.16354841244721	0.41354384290223
Hoxc4	41.7620282898777	-0.253510810699414	0.182626556985704	-1.38813771054808	0.165095115385191	0.416265461868644
Nr1h2	40.1521103919514	-0.257181225853639	0.185789670916726	-1.3842600860675	0.166278830921063	0.417810032003876
Pou1f1	50.0106248610118	-0.232705143565453	0.168255990271272	-1.38304225121657	0.166651911070473	0.417810032003876
Ebf1	55.4910272101922	0.217682019945888	0.160204429347827	1.35877653840187	0.174217409988486	0.422417555725507
Ebf2	55.4910272101922	0.217682019945888	0.160204429347827	1.35877653840187	0.174217409988486	0.422417555725507
Ebf3	55.4910272101922	0.217682019945888	0.160204429347827	1.35877653840187	0.174217409988486	0.422417555725507
Ebf4	55.4910272101922	0.217682019945888	0.160204429347827	1.35877653840187	0.174217409988486	0.422417555725507
Myc	58.1155056674269	0.216333188119365	0.157713923739863	1.37168097140358	0.170162774626852	0.422417555725507
Crem	93.6213535360796	0.333749715963112	0.244407172306822	1.36554796167819	0.172080889466002	0.422417555725507
Nr2f6	46.7486368383857	0.233990909983851	0.171827376688664	1.36177898128434	0.173267646774352	0.422417555725507
Lmx1a	45.9968116178828	0.237033636608882	0.173623672097923	1.36521497181097	0.172185494056539	0.422417555725507
Spi1	54.7254524211177	0.220094445299125	0.161107653068175	1.36613277586502	0.171897292515125	0.422417555725507
Pou4f2	49.8848884212928	0.229836356178492	0.167223758233648	1.37442405676208	0.16931007194505	0.422417555725507
Rax	69.9212827646854	0.207946787211296	0.153001938769176	1.35911210592574	0.17411106727599	0.422417555725507
Bhlhe23	45.5267216119486	0.238648091964847	0.175552794741042	1.35940924390794	0.174016943519314	0.422417555725507
Rfx2	55.9554032084545	0.216445251560724	0.159819045131864	1.35431450852518	0.17563605933927	0.424693750041678
Tead1	47.9963083397042	0.229152766472303	0.169736332738832	1.35005135774256	0.176999509594617	0.426824430493831
Etv3	85.6380681903896	0.242752297303754	0.180497253414594	1.34490853855911	0.178654772496509	0.429332946018632
Foxc1	54.1400127497677	-0.218289493522169	0.162440806676166	-1.34380946505234	0.179010008000989	0.429332946018632
Tcfl5	79.9631338391328	-0.212645330154255	0.159101711041712	-1.33653704138044	0.181373801735955	0.433826525773837
Nfatc3	54.5998932565582	-0.215375800353302	0.161570821626819	-1.33301172937498	0.182527954649488	0.435410350039884
Irx4	46.6029969258135	-0.229884812351987	0.173149366090549	-1.32766765216898	0.184287924362404	0.437837276401625
Mnt	45.5960287101794	0.231150732884241	0.174200821026294	1.32692103012161	0.184534806890177	0.437837276401625
Dmrt2	47.6234542379013	-0.224020066474892	0.170665337248593	-1.31262780179306	0.18930839663485	0.447962382411344
Rbpj	49.9923607454308	-0.218400947192857	0.166857140097741	-1.30890980790467	0.19056490392081	0.449733173253111
Rfx4	56.8465863825575	0.207277818068782	0.159043115648176	1.30328066841515	0.192478958446509	0.452832478092435
Lcor	42.5192719558651	0.235341097254563	0.180747493424681	1.30204349059276	0.192901518916212	0.452832478092435
Foxe1	50.5046411955644	-0.21560499879159	0.166368395578582	-1.29594925792112	0.194992967192583	0.455326585660781
Foxe3	50.5046411955644	-0.21560499879159	0.166368395578582	-1.29594925792112	0.194992967192583	0.455326585660781
Atf7	91.9760425216567	0.303729368395514	0.234842208891811	1.29333380838467	0.195895632427263	0.456230617626651
Etv2	53.973547217436	0.209051398482878	0.161904930991139	1.29119846568675	0.196634867020323	0.45675028166138
Tead2	44.7396933117377	0.226230168837718	0.175447038869124	1.28944991204141	0.19724171888283	0.456960526731165
Runx2	55.5098856706459	-0.205031164093345	0.160672727467078	-1.27607944002416	0.201927438681964	0.466594734291221
Zfp1	43.5019209750845	-0.224991670049235	0.178155638683983	-1.26289390395513	0.206627311033206	0.476211380896842
Rorc	48.5089088149725	-0.211869956184745	0.169171298264918	-1.25239894921751	0.210424529021175	0.483703138139584
Nkx23	43.6191130196957	0.22208192185525	0.177935919492008	1.24810056614356	0.211994230994209	0.485966648357411
Hoxb5	41.9005901348791	-0.227135159863383	0.182189079558105	-1.24670018869569	0.212507449620698	0.485966648357411
Rarg	45.089541586171	0.217078482732306	0.174957243762998	1.24075161487093	0.214697520463811	0.488450657096331
Rfx3	59.443465262185	0.19445627459146	0.156646293466519	1.24137169343891	0.214468471033337	0.488450657096331
Mecom	42.1256969129028	-0.224784694604823	0.181641611467896	-1.23751761938399	0.215894977230482	0.489915525253786
Zfp213	68.954541519311	-0.186594010225571	0.151363889505948	-1.23275115904205	0.217668618464657	0.491420222809239
Rbpjl	51.62326800301	-0.203129587922412	0.164709010753485	-1.2332633593825	0.21747752339696	0.491420222809239
Zbtb18	45.2510348274421	-0.214229809242218	0.1746068254361	-1.22692688963994	0.219850070935339	0.494464707139379
Zfp12	42.8838394193946	-0.220417601273997	0.17976099181792	-1.22617036680159	0.220134570184085	0.494464707139379
Lbx1	46.8641307516028	0.210285632168924	0.172140353713071	1.22159405179006	0.221861179137432	0.497081376042094
Zfp641	67.703648445747	0.186955752827773	0.153294379652211	1.21958647963436	0.222621674352212	0.497525711620473
Zfp637	43.204098499094	-0.219410387592528	0.181012419829505	-1.21212891247567	0.225463037816714	0.502606520070005
Zbtb14	67.3442759881893	0.182243622539953	0.152003954385129	1.19894000966715	0.230551272979575	0.511373124278006
Arid5b	37.2791922080953	-0.231721937773306	0.193157639507298	-1.1996519442067	0.230274543836547	0.511373124278006
Zfp282	51.5000364238626	-0.196663215463191	0.164850630807067	-1.19297824036449	0.232877895072518	0.514444630990557
Creb3	89.3284072114942	0.250844050907903	0.210366435667027	1.19241479807618	0.233098640708715	0.514444630990557
Rorb	47.4881458423674	-0.201765774883637	0.170612490636326	-1.18259673797106	0.236969005940626	0.521685498152871
Jrkl	52.7277157651426	-0.190003587312112	0.163977627744505	-1.15871652691645	0.246571751945881	0.52501844745816
Tigd2	52.7277157651426	-0.190003587312112	0.163977627744505	-1.15871652691645	0.246571751945881	0.52501844745816
Egr1	91.0685063415505	-0.231927880465598	0.198211479585256	-1.17010316935674	0.241959453204255	0.52501844745816
Hic1	42.8619699505739	0.208895731554397	0.179385085561072	1.16451003103754	0.244217380613299	0.52501844745816
Etv5	87.3675455674315	0.222490170754845	0.191160762477201	1.16389037097182	0.244468442293205	0.52501844745816
Arid3b	55.3312468813605	0.18579068940214	0.160415308871952	1.15818552922803	0.246788332364514	0.52501844745816
Sox3	49.4992547786496	0.194371062936723	0.167540924091409	1.160140807333	0.245991482096036	0.52501844745816
Osr1	46.4002182252878	-0.200342836224947	0.172602312696012	-1.16071930378935	0.245756068931751	0.52501844745816
Zfp932	46.3741970683045	-0.200297463632082	0.17248075791185	-1.16127425491978	0.245530385799094	0.52501844745816
Gbx1	62.6803390010893	0.181264336802792	0.15604042358878	1.16164986375893	0.245377718677969	0.52501844745816
Phox2a	62.6803390010893	0.181264336802792	0.15604042358878	1.16164986375893	0.245377718677969	0.52501844745816
Phox2b	62.6803390010893	0.181264336802792	0.15604042358878	1.16164986375893	0.245377718677969	0.52501844745816
Fos	43.5189054125785	-0.208469096302825	0.178268923936146	-1.16940794671255	0.242239309647112	0.52501844745816
Zfp354b	47.7408810176062	-0.200276949808182	0.170439608376231	-1.17506107715343	0.239970281247414	0.52501844745816
Zfp202	59.594742674957	-0.180946027938459	0.156688245889334	-1.1548155824417	0.248165954596918	0.526683141051013
Hoxc9	57.9918339682137	-0.181477157086004	0.157910622441373	-1.14923970458909	0.250457152981582	0.528956520404707
Srebf1	104.644300916653	-0.437200784799588	0.380458437632993	-1.14914203906113	0.250497416164605	0.528956520404707
Foxj3	46.8858844793203	-0.197483139096697	0.172263082914229	-1.14640430065347	0.251627904056928	0.528956520404707
Pitx3	51.6357865103201	-0.189131391001634	0.164889663141815	-1.14701787484986	0.251374233427938	0.528956520404707
Rarb	51.7240370225832	0.188059922481435	0.164338182657356	1.14434709840706	0.25247971803014	0.52948945605847
Nkx11	86.738069708626	0.197139114923027	0.172806691168477	1.14080718512703	0.253950169938336	0.531314185331979
Pknox1	54.4884428158993	-0.182759257168659	0.161250560258025	-1.13338680421461	0.257051853112856	0.535755077409947
Bach1	47.6498535189975	-0.193869131781541	0.171136234338982	-1.13283509205613	0.257283511750539	0.535755077409947
Nkx63	46.8492521919484	0.194757837407575	0.172147802531632	1.13134082772732	0.257911666389194	0.535802405526846
Tcf3	48.1363509517301	-0.191077804698584	0.169553236367955	-1.12694873180667	0.259764157806885	0.538387071801155
Insm1	59.8363020619747	0.175398202699115	0.156208090542218	1.12284966860734	0.261501346629434	0.540721242446375
Sox12	52.8537413019089	-0.182983545935528	0.163364293114098	-1.12009511042739	0.262673234048931	0.541878349961081
Nfkb1	56.4705144074687	-0.174450058995475	0.159290609168567	-1.09516850934298	0.273442819037117	0.551150713534974
Zfp879	60.7388919318293	-0.170985206505443	0.155496750715484	-1.09960629864413	0.271503696432626	0.551150713534974
Arx	43.2483016944109	0.198357731228557	0.179349902604069	1.10598181737768	0.268734389444932	0.551150713534974
Lhx9	43.2483016944109	0.198357731228557	0.179349902604069	1.10598181737768	0.268734389444932	0.551150713534974
Stat6	51.7335756657523	-0.181418913978671	0.164534125504339	-1.10262180214941	0.270191438234926	0.551150713534974
Mynn	46.2361891520621	0.189202705851307	0.172968674249455	1.09385532769037	0.274018433847897	0.551150713534974
Foxm1	47.2501369113744	-0.188036024863772	0.170959536380243	-1.09988614174495	0.271381733536845	0.551150713534974
Hsf5	45.2627238975553	0.191582836601152	0.175100910742124	1.09412815609681	0.273898775242637	0.551150713534974
Srebf2	117.164001744119	-0.43143188874572	0.392594061467545	-1.09892617105056	0.271800270188334	0.551150713534974
Hoxb7	42.2836503214612	-0.198952211275914	0.181579547684566	-1.09567522230823	0.273220929690888	0.551150713534974
Hoxd8	42.2836503214612	-0.198952211275914	0.181579547684566	-1.09567522230823	0.273220929690888	0.551150713534974
Scrt1	56.6919625568149	-0.1734349154711	0.159407596998059	-1.08799654933141	0.27659663087593	0.551396681163628
Scrt2	57.2056022188933	-0.171590635174357	0.158582934339234	-1.08202459419307	0.279241599777966	0.551396681163628
Elf4	80.2396628062973	0.179179264524798	0.164067193458645	1.09210903622827	0.274785178095642	0.551396681163628
Hnf1a	42.5039687115916	-0.196890285010736	0.181127463757633	-1.08702612473056	0.27702526423343	0.551396681163628
Mlx	97.3537275386365	-0.310130886445233	0.285248855683114	-1.08722920448719	0.27693552714462	0.551396681163628
Tlx1	47.7326875821537	0.184377908893897	0.170580460388284	1.0808852811993	0.279748146714654	0.551396681163628
Tlx2	47.7326875821537	0.184377908893897	0.170580460388284	1.0808852811993	0.279748146714654	0.551396681163628
Vsx2	59.6990301512195	0.169716465419563	0.156438624419165	1.08487572074797	0.277976702667868	0.551396681163628
Tfcp2	43.5424323013132	0.1971803352827	0.181790400591982	1.08465757620095	0.278073344066788	0.551396681163628
Zkscan2	59.8398329790604	-0.168053867423995	0.156197029230934	-1.07590949873657	0.281967733370048	0.554536542294427
Noto	41.1463407100897	-0.196744460770268	0.184214986223325	-1.06801550082225	0.285513519692411	0.557791313306365
ENSMUSG00000097126	42.3820526982565	0.193023177062036	0.18070314419013	1.06817829831972	0.285440092066785	0.557791313306365
Rhox8	42.3820526982565	0.193023177062036	0.18070314419013	1.06817829831972	0.285440092066785	0.557791313306365
Nr1h5	51.2200787582971	0.175431226015447	0.16496698326433	1.0634323459401	0.287585930613308	0.559370436467644
Rara	51.2200787582971	0.175431226015447	0.16496698326433	1.0634323459401	0.287585930613308	0.559370436467644
Foxd3	51.6370852300864	-0.174948053870198	0.164758694735126	-1.06184413606488	0.288306449365418	0.559542122123673
Zfp189	62.9663538503198	-0.163075094052836	0.154074112942135	-1.05841981458677	0.289864089822666	0.561334178321794
Ddit3	54.4785766183395	-0.169611835429521	0.161161374489784	-1.05243477828661	0.29260011946132	0.56539542734338
Etv4	85.7313868409611	0.187787734203051	0.180788991186453	1.0387122189834	0.298938596667356	0.576384875927255
Gsx1	39.509627192109	0.19426326585678	0.187513534276863	1.03599597013595	0.30020402256092	0.577566434709596
Atf1	83.7777914964964	-0.178168920637244	0.172232142669107	-1.03446962846849	0.300916668176597	0.577588929150526
Elf2	83.2325441864555	0.174417005510184	0.168816164915958	1.03317715810577	0.301521000302309	0.577588929150526
Zfp260	60.4720109291883	-0.159694924350817	0.1558387620201	-1.02474456470733	0.305483729416688	0.583915983874231
Sp8	102.620846182531	0.203560618300836	0.199861136440786	1.01851026130408	0.308435526843209	0.587644886346712
Mga	46.7534891237862	-0.174848697931359	0.171787112517233	-1.01782197377477	0.308762567402509	0.587644886346712
Klf8	131.136632536647	-0.128830548391015	0.128228344693357	-1.00469633838835	0.315043091846605	0.591227626569371
Myf5	49.6212943502713	-0.169082681857133	0.167232022999252	-1.01106641434272	0.3119846437389	0.591227626569371
Foxn3	50.1310135658409	-0.166990754905202	0.166594703490439	-1.00237733497203	0.316161384481576	0.591227626569371
Nr1d1	46.4932867164247	0.172628195091076	0.172131897352098	1.00288324097168	0.315917199567998	0.591227626569371
Zfp454	70.5082057800216	-0.151148921593534	0.150945108395516	-1.00135024712086	0.316657508467663	0.591227626569371
Cdx4	56.9900561828564	-0.160026471408895	0.158742797750398	-1.00808650015427	0.313412937913386	0.591227626569371
Pou6f2	52.0130244572545	-0.16623197365243	0.164643905539026	-1.00964547159037	0.312665175792351	0.591227626569371
Zfp276	46.9463115067592	0.171750488377825	0.171512032533747	1.00139031553971	0.316638144269774	0.591227626569371
Vsx1	64.6323942758427	0.155271814166242	0.153828011767454	1.00938582240126	0.312789635144511	0.591227626569371
Plagl1	59.8842123759647	-0.155932936774876	0.156321603990921	-0.997513669217036	0.318515242207756	0.593444188113399
Zfp46	57.9885801338067	-0.156502273306298	0.157701918547414	-0.992392957218496	0.321005873178326	0.596828146560544
Six6	40.3868709597068	-0.183076915543818	0.184898752694562	-0.990146839152814	0.322102352094286	0.597611282187513
Sp1	114.685459075121	0.140162476479605	0.142869620595136	0.981051646219443	0.326567273625909	0.603172771297124
Esr1	48.9757869419247	-0.164339550556983	0.16842412073201	-0.975748306375158	0.329189207385888	0.603172771297124
Dlx1	53.7701015553365	-0.159605871723426	0.163244976216194	-0.977707709130677	0.328218907845211	0.603172771297124
Cxxc4	56.3334905408381	-0.156496762176416	0.160267117755529	-0.976474553034237	0.328829352234711	0.603172771297124
Cxxc5	56.3334905408381	-0.156496762176416	0.160267117755529	-0.976474553034237	0.328829352234711	0.603172771297124
Tet3	56.3334905408381	-0.156496762176416	0.160267117755529	-0.976474553034237	0.328829352234711	0.603172771297124
Sp9	110.198258083532	0.150426327051421	0.155680320686168	0.96625139509227	0.333918400954649	0.610573935629886
Zfp182	66.5849505654321	-0.146051935371738	0.151854674315142	-0.961787551357418	0.336156332529403	0.613398668636127
Nkx26	48.3593575445773	0.160073881559108	0.169289135731213	0.945564999594914	0.344370503205443	0.618190457072651
Osr2	45.7814882323754	-0.164322734169423	0.173590425649144	-0.946611735957992	0.343836661469876	0.618190457072651
Zfp105	58.1318705363783	-0.149738818797086	0.15780278277626	-0.948898467838766	0.342672253903977	0.618190457072651
Bcl6b	52.8571389661856	-0.15559854566555	0.163095909022324	-0.954030953923267	0.340067974142066	0.618190457072651
Foxd4	48.1430656169363	-0.160902323889556	0.169779171062433	-0.94771533447049	0.343274392260527	0.618190457072651
Pou3f4	47.8422825456209	0.161944270118318	0.170629077290919	0.949101247510156	0.34256911998693	0.618190457072651
Foxa2	50.7766116253952	-0.15746038007861	0.165888074847717	-0.949196500249679	0.342520681211902	0.618190457072651
Ppard	47.837359837827	0.161882374085005	0.169806617613461	0.953333717850182	0.340421012847794	0.618190457072651
Ascl1	51.0054997133548	-0.156133254913081	0.165437331932522	-0.943760716455243	0.345291939197812	0.618589810101344
Rel	51.2401226272869	-0.155127433013334	0.165019273658422	-0.940056452644656	0.347188604479861	0.620731141342782
Pou4f3	48.6264723427978	-0.158476179405878	0.169042851234997	-0.9374911642112	0.348505966681403	0.621088978519188
Batf	43.6547687318079	-0.166039656377161	0.177991919512244	-0.932849405929006	0.350897727976943	0.621088978519188
Alx4	50.3420309236293	0.155822891534123	0.166821542386453	0.93406936121684	0.350268115246539	0.621088978519188
Nkx12	79.3688362109719	0.143669197099933	0.15356730423576	0.935545478348499	0.349507257402134	0.621088978519188
Pparg	51.0781157516668	0.154634208876196	0.165158058968941	0.936280129722734	0.349128976017643	0.621088978519188
Tbx20	54.3729224062868	-0.150127000715378	0.161323445784439	-0.930596293585113	0.352062432480021	0.621906692105427
Dnajc21	53.0996004858091	0.150467847406844	0.162716033759727	0.924726616855907	0.355108130531575	0.623552967302468
Zfp422	92.2376006311357	-0.185469337420717	0.200266826531908	-0.926111131996025	0.354388229412971	0.623552967302468
Clock	96.8055094749517	-0.257407570320477	0.2782337366404	-0.925148666112911	0.354888581440743	0.623552967302468
Pgr	44.9771197918172	0.161006049711507	0.174788801290402	0.921146254925135	0.356974073669292	0.625588228113512
Myf6	44.8851324231174	-0.159742278956604	0.175178935228805	-0.911880636492969	0.3618315558493	0.63216929816262
Atoh1	44.2670798976788	0.162436804934435	0.178255022957173	0.911260744520289	0.362158004710111	0.63216929816262
Zfp566	67.7258614812125	-0.137340445141096	0.15192655602641	-0.903992354814001	0.365999455292888	0.635052987944951
Ikzf1	48.9736031375366	0.151697882718512	0.16799631981984	0.90298336821422	0.366534722043111	0.635052987944951
Ikzf2	48.9736031375366	0.151697882718512	0.16799631981984	0.90298336821422	0.366534722043111	0.635052987944951
Fosb	42.7827600767599	-0.162183604392018	0.179663201431869	-0.902709086220532	0.366680312813412	0.635052987944951
Foxa3	50.2252229476334	0.149006662022053	0.166444309199132	0.895234344382318	0.370661829048186	0.640694763100869
Mbd2	66.3566426687818	-0.13593566137698	0.152292183834939	-0.892597754880928	0.372072621915687	0.641879669386712
Zfp263	51.7011970223641	0.146429392823591	0.164435950106057	0.890495008720099	0.373200147316055	0.642046914506143
Zfp335	61.8455042737577	-0.137569587862071	0.154622596749954	-0.889712052142933	0.373620520870806	0.642046914506143
Nfyb	155.691636026006	-0.139665323824782	0.157905658466516	-0.88448587074793	0.376433986371597	0.645628058021053
Rela	50.0116804287894	-0.145869155327566	0.166738883588456	-0.874835864246278	0.381663220022499	0.653330657098475
Zeb1	41.6660577535346	-0.15886766036152	0.182436507655959	-0.870810685880455	0.383857529649214	0.655818366292576
Sp4	110.566371759436	0.133757683404696	0.154367247548814	0.86649004583954	0.386221482787496	0.658585765446887
Sp6	123.450674029119	-0.110875653491411	0.131070624900448	-0.845922979123845	0.397595712446943	0.669994653668091
Foxn1	71.3945978080739	0.129666081232412	0.152346263409209	0.851127414159955	0.394698578424189	0.669994653668091
Zbtb49	60.182774414977	0.13306694412949	0.156459400389658	0.850488649439343	0.395053468351114	0.669994653668091
Foxo4	49.1469031546503	-0.14197116430397	0.16804906855613	-0.844819703695952	0.398211511671656	0.669994653668091
Alx3	38.2455711162263	0.161466957810071	0.190736818873316	0.846543204211215	0.397249782642761	0.669994653668091
En1	38.2455711162263	0.161466957810071	0.190736818873316	0.846543204211215	0.397249782642761	0.669994653668091
Prop1	38.2455711162263	0.161466957810071	0.190736818873316	0.846543204211215	0.397249782642761	0.669994653668091
Pou2f2	51.9950521081165	-0.138329532638898	0.164151890462339	-0.842692290958624	0.399400559765184	0.670720105108515
Zfp777	87.8280095462709	-0.151277826063943	0.18014520388347	-0.839754946580756	0.401045799080695	0.672207447322755
Zfp300	42.1954631768899	0.151867982012023	0.181368418142321	0.837345242173595	0.402398535519386	0.673199818401997
Cux1	49.6675627854578	-0.140428385960389	0.167997961013307	-0.835893394856535	0.403214878605492	0.67329276899219
Fezf1	52.9836263431956	-0.134779920596936	0.162850336726026	-0.827630592030555	0.407879737653101	0.674567959361931
Fezf2	52.9836263431956	-0.134779920596936	0.162850336726026	-0.827630592030555	0.407879737653101	0.674567959361931
Rest	56.1329755674582	-0.131048388355282	0.159523917113361	-0.821496805787167	0.411363342788618	0.674567959361931
Mbtps2	66.4362394836691	0.124561834465834	0.152045621834871	0.819239863421481	0.412649575333397	0.674567959361931
Nfatc1	48.2167571635688	0.138345977062021	0.169182428300658	0.817732541444333	0.413509924758087	0.674567959361931
Yy1	66.4362394836691	0.124561834465834	0.152045621834871	0.819239863421481	0.412649575333397	0.674567959361931
Yy2	66.4362394836691	0.124561834465834	0.152045621834871	0.819239863421481	0.412649575333397	0.674567959361931
Sohlh2	55.1152080664307	0.133564148080533	0.160581042754833	0.831755391478262	0.405547027853263	0.674567959361931
Zkscan6	53.7581969524761	-0.132332842810365	0.161959892018832	-0.817071690779951	0.413887459811897	0.674567959361931
Hnf4g	45.9792085464497	0.142657054637244	0.173080433821735	0.824224041315809	0.409812269123612	0.674567959361931
Nfe2	44.495107020116	0.145948349844365	0.176373299978347	0.827496848232034	0.407955507757227	0.674567959361931
Nfe2l3	44.495107020116	0.145948349844365	0.176373299978347	0.827496848232034	0.407955507757227	0.674567959361931
Mnx1	62.4197805696584	0.129210268678391	0.156357198610222	0.826378764948934	0.408589265458522	0.674567959361931
Usf2	98.5050782480145	-0.235896487350333	0.289211290155655	-0.815654489917639	0.414697774967716	0.674646196408877
Hsf4	49.4625994759069	0.136173080162791	0.167331310905618	0.813793183270987	0.415763440879616	0.675138798492587
Sox6	46.1586478591165	-0.138699954564108	0.173005568560062	-0.801708035865652	0.422721866329228	0.6851810470721
Zbtb32	52.4880438681097	0.13095232134169	0.163779330532758	0.799565616221017	0.423962515516148	0.685935696950257
Irf8	53.6964932026693	0.129197130129775	0.161882196785955	0.798093506851794	0.424816229203411	0.686062705921567
Trp53	41.8589357437708	0.143341193717914	0.181391734371459	0.790230019105367	0.429393447636615	0.69093309301528
Hbp1	49.7687161261777	-0.132193935210792	0.167017302292414	-0.791498445947512	0.428653182651753	0.69093309301528
Zfp449	68.8327171339112	-0.118639163247259	0.152182707631444	-0.779583732565589	0.435635934145532	0.698438046592022
Grhl2	46.3249131538255	0.134474442778879	0.172415799035997	0.779942693945369	0.435424606845554	0.698438046592022
Zfp354a	46.8483571302284	0.133535081963701	0.171770977614087	0.777401886037527	0.43692170007089	0.69923273881146
E2f7	83.016743608812	0.12259767310279	0.158185798187595	0.775023260668441	0.438325914918052	0.7002137810514
Runx1	48.5926649732336	0.130164140495047	0.168556857219179	0.772226906946843	0.439980047840535	0.701589806015988
Hmbox1	49.0732222958547	0.129587597075256	0.168191419239205	0.770476862978094	0.441017074506115	0.701978616794805
Zfp13	50.5981875388019	0.126997443481976	0.165675464994003	0.766543455825358	0.443353005352645	0.704429819994778
Nr4a1	51.9958110860471	-0.124533070231618	0.163959638335433	-0.759534916616764	0.447532635181849	0.709796383756158
Tfap2b	61.3641361097453	-0.115672064739755	0.154978134169043	-0.746376676683854	0.455439904321116	0.716706087150835
Hes6	56.05958798653	0.119327989797322	0.159664693371061	0.747366166419796	0.45484256247196	0.716706087150835
Stat2	57.5808871954859	0.117476788445147	0.157853949184383	0.744211906335821	0.456748286048667	0.716706087150835
Rora	52.7697826102703	-0.121988301312429	0.163350583653862	-0.746788279440253	0.455191371566373	0.716706087150835
Atoh7	46.7989371589409	-0.128766115501033	0.172244126916826	-0.747579135532509	0.454714053578852	0.716706087150835
Neurod4	49.9300199239795	-0.124620513988242	0.167298352643535	-0.744899827279067	0.456332279566435	0.716706087150835
Zfp653	57.8215525150832	0.116846851885389	0.157935329994925	0.739839856535859	0.459397171708879	0.71958672028736
Prrxl1	42.713219150322	0.133045043767694	0.180171022883741	0.738437522517391	0.460248620103064	0.719646693977406
Nr1i2	38.6721170339468	-0.137808138652359	0.188218524882416	-0.732170963184685	0.464064224903015	0.72178706333773
Dlx3	44.7354316790431	0.129170758874592	0.175907685192245	0.734309923602399	0.462759871149365	0.72178706333773
Foxo3	46.9677543486079	0.125408797064727	0.171252548395665	0.732303245934657	0.463983498577609	0.72178706333773
Hoxa5	44.9156808515431	-0.128176153332842	0.17544235713422	-0.730588413348675	0.465030591362665	0.722021181326242
Prdm1	47.9719877740681	0.123598359357753	0.169614861197645	0.728700058974957	0.46618515673281	0.722546171118277
Arid3a	49.9757061310343	0.120744850207049	0.16686871031354	0.723591918342116	0.469316304401519	0.724860260724859
Zkscan17	50.2040472347449	0.120460756794856	0.16627436149861	0.724469820296754	0.468777348797268	0.724860260724859
Sox4	55.0098393016043	-0.115033967910763	0.160492063241875	-0.716757985330386	0.473523440192562	0.730084049774247
Bach2	54.2288156261407	0.115017380297862	0.161429535322074	0.712492791783027	0.476159673481341	0.732871845271281
Egr3	95.31210306737	-0.158486401193298	0.223869657682099	-0.707940516969713	0.478982197250572	0.735936188483952
Tgif2	49.765874300402	-0.117787826637575	0.166905278408379	-0.705716606214069	0.480364391793031	0.736780739578565
Gfi1b	58.6753321214556	0.110279428246231	0.157102710476718	0.701957515001463	0.482705658886424	0.737730970431723
Irx1	34.6805791760302	-0.138185627371276	0.197208324814782	-0.700708895027935	0.483484703785762	0.737730970431723
Zfp287	56.0074343372676	-0.112122267651465	0.15953608862451	-0.702801909073754	0.482179207339721	0.737730970431723
Elf1	77.9950803061663	0.108755534880987	0.15604506670332	0.69694952348451	0.485834383471532	0.738768778990216
Nfya	152.124094401144	-0.103890390356054	0.148974178737692	-0.697371794470375	0.485570148326953	0.738768778990216
Sp5	71.2896857274952	0.104331597514105	0.150689784219091	0.692360122849569	0.488711201886523	0.739555042621217
Klf1	121.329643557592	-0.0929204259701316	0.134512208035914	-0.690795484862777	0.489694073419246	0.739555042621217
Nkx29	41.1110245326518	0.127250474933324	0.183384472784121	0.693899941480445	0.487744960300889	0.739555042621217
Arid2	43.8359624103209	0.122711245693121	0.177456307580861	0.691501177760082	0.489250640834976	0.739555042621217
Zfp382	46.0972711982113	0.119055423024805	0.172733557606391	0.689243159664996	0.490670260721115	0.73976691778226
Gata3	47.8977581600725	-0.116696333804923	0.169834610131258	-0.687117506347692	0.492008683194049	0.740523273174716
Smad1	66.1455903000785	-0.104126016991922	0.152515683094543	-0.682723342801244	0.49478167668661	0.740773144584544
Smad5	66.1455903000785	-0.104126016991922	0.152515683094543	-0.682723342801244	0.49478167668661	0.740773144584544
Foxl2	51.5189142741235	-0.11202260558433	0.164683813753769	-0.680228390580169	0.496359858461734	0.740773144584544
Nfyc	150.766561563422	-0.0984095254614677	0.144528760317847	-0.680899256625781	0.495935238499927	0.740773144584544
Irf9	49.8223981139768	0.114341919943648	0.168090542118111	0.680240056952781	0.496352472656728	0.740773144584544
Barx1	49.849819674707	0.113860972938268	0.167773607039331	0.678658431129611	0.497354310617325	0.741007685010662
Tfap2c	66.8574031409012	-0.102029136536598	0.151992778218247	-0.671276212808575	0.502044585294119	0.741752016669942
Ets2	54.5738385157496	0.108074576877765	0.160863634088376	0.671839707527622	0.5016857471069	0.741752016669942
Pbx4	55.5655006373202	0.10736714675288	0.159931010220232	0.671334137169716	0.502007692311151	0.741752016669942
Pou4f1	53.1080030775554	0.109724716026633	0.162775204050381	0.67408741194188	0.500255742035236	0.741752016669942
Fosl2	42.4218910907071	-0.121350564305484	0.180301454857827	-0.673042624094033	0.50092017422978	0.741752016669942
Zic2	59.8310600938422	0.102810687387498	0.156195869851356	0.658216427139449	0.510399070613101	0.752838629154324
Klf12	134.536264166463	-0.0841093302698138	0.128819374288157	-0.652924536659131	0.513804929682864	0.75621930847593
Egr4	81.625748053293	0.101875411755426	0.157122391518599	0.648382517417114	0.516737574916021	0.75621930847593
Prdm9	48.4838552673347	0.108081155021815	0.16885868639298	0.640068671209966	0.522127955528827	0.75621930847593
Zfp281	75.4009523395396	0.0965086865064934	0.151698067177373	0.636189295633216	0.524653049258628	0.75621930847593
Zic4	66.5001268774229	-0.097618174895006	0.152009619309678	-0.642184194252441	0.520753594290156	0.75621930847593
Nhlh1	57.6442376312651	-0.101239242170707	0.157928349074329	-0.641045402957127	0.521493184714466	0.75621930847593
Nkx24	47.4743705742978	0.108983535144024	0.170589671144225	0.638863621771592	0.522911655304734	0.75621930847593
Etv1	86.9498883619532	0.119529209052347	0.186226067218815	0.641850041927272	0.520970554203871	0.75621930847593
Pbx1	50.7158050637992	0.105494220198146	0.165758002346729	0.636435156701967	0.524492832340318	0.75621930847593
Ptf1a	50.7120046879643	0.105589964514728	0.165496246708669	0.638020297225249	0.523460467575604	0.75621930847593
Foxp2	48.2660593564826	-0.107709190787013	0.169304009050942	-0.636188070151395	0.524653847914374	0.75621930847593
Esr2	44.1424433180462	-0.114433285312938	0.176544551807345	-0.64818361224658	0.516866199937545	0.75621930847593
Zfp410	45.7139232669316	0.111672195713727	0.17335627455144	0.644177408649784	0.519460398658086	0.75621930847593
Foxd1	47.9760998441563	0.108719788262855	0.169909358972036	0.639869333394096	0.522257552503114	0.75621930847593
Stat1	55.7000465575713	0.100436303032867	0.159662822275496	0.629052534594219	0.529314663541476	0.761696710949929
Mxd1	67.4259672730102	-0.094806602049649	0.153629996970126	-0.617109964976987	0.537162196310908	0.770483863428126
Mxi1	67.4259672730102	-0.094806602049649	0.153629996970126	-0.617109964976987	0.537162196310908	0.770483863428126
Zbtb2	64.8077845671025	-0.0950770055829839	0.154974124726851	-0.613502452429149	0.539544161686776	0.772648192706791
Foxi1	146.927561226505	-0.0805757388811111	0.136078416274076	-0.59212725344204	0.553765378318797	0.778159182586572
Zfp212	49.5889238682208	0.0994491467203356	0.16703087297045	0.595393803263722	0.55158026671503	0.778159182586572
Bbx	50.3279585865166	0.0988574989804255	0.165987488140113	0.595571992130986	0.55146119181042	0.778159182586572
Neurog2	43.1113990878019	0.107415747240742	0.178800784275417	0.600756577640531	0.548002129407875	0.778159182586572
Arnt	69.9239195814433	0.0959068281618042	0.162042887265456	0.591860770813662	0.553943824892136	0.778159182586572
Nr2c2	48.077087444508	0.101330313808278	0.169324445925299	0.598438773884911	0.549547200460203	0.778159182586572
Hsf2	45.3343904114862	0.104419401053835	0.17404918929382	0.599941898479977	0.548544957886944	0.778159182586572
Tbx4	44.5428730883553	-0.105078865792931	0.175732845904504	-0.597946645956174	0.549875534033127	0.778159182586572
Tbx5	44.5428730883553	-0.105078865792931	0.175732845904504	-0.597946645956174	0.549875534033127	0.778159182586572
Cphx1	132.130728557387	0.0730084306874819	0.122818310705239	0.59444255720713	0.552216151611186	0.778159182586572
Cphx2	132.130728557387	0.0730084306874819	0.122818310705239	0.59444255720713	0.552216151611186	0.778159182586572
Cphx3	132.130728557387	0.0730084306874819	0.122818310705239	0.59444255720713	0.552216151611186	0.778159182586572
Tbx3	45.5409133822431	-0.101616506861251	0.173723463338853	-0.584932541110146	0.558593076926905	0.783446708526641
Sp2	78.5717090490505	-0.0886648993191418	0.152752142134454	-0.580449465913859	0.561611555528566	0.786233614876163
Thrb	46.0252003590493	-0.100334682714264	0.173186642626201	-0.579344233439658	0.562356924538544	0.786233614876163
Creb3l2	62.7719611063919	0.0891083187279529	0.155153455606072	0.574323777577956	0.565748721812871	0.789728105369702
Rfx7	65.5177220557596	0.087619099803987	0.152986024886383	0.572726168086652	0.566830116486849	0.789991579670648
Gmeb2	88.9274010797192	0.110394756036098	0.196942005901543	0.560544488875001	0.575108103056253	0.800268350950918
Hic2	43.9517584229584	0.098109024470157	0.176771838109509	0.555003701491066	0.578892128643935	0.804269283908764
Klf16	110.155593181789	0.0850740215182654	0.1553005285353	0.547802524052117	0.583827505298341	0.806080323510989
Zic3	57.4513280425081	0.0863447644863985	0.158193276776283	0.545818167787922	0.585190933570892	0.806080323510989
Creb1	96.1474668171357	0.1347049450412	0.244988954297214	0.549840891511296	0.582428508908326	0.806080323510989
Gfi1	59.4292456700758	0.0851725062868967	0.156241103975939	0.545135077258628	0.585660619228888	0.806080323510989
Otx2	55.2009225839972	0.0877349591670212	0.160178942190187	0.547730918729942	0.58387667874914	0.806080323510989
Hoxa7	45.2104470496169	0.0961521504109309	0.174444415199962	0.551190763549029	0.581502911073804	0.806080323510989
Nfix	74.7847758194478	-0.0893534695425775	0.165289041419726	-0.540589193179954	0.588790768258166	0.806625123697332
Tfap2a	61.4526721393019	0.0837958691870726	0.1547287372532	0.541566296440126	0.588117315133528	0.806625123697332
Tfap2d	61.4526721393019	0.0837958691870726	0.1547287372532	0.541566296440126	0.588117315133528	0.806625123697332
Crebl2	109.039929010047	-0.103155042971583	0.193251852433828	-0.533785532570273	0.593489924342483	0.811806156171712
Zfp174	76.4765123942507	0.0818579208160878	0.154975871113323	0.52819784285149	0.597362026452772	0.815841656497999
Dnmt1	61.4140544575489	-0.0805503257381146	0.15508335033066	-0.519400216505315	0.603481680380714	0.818548771926102
Klf11	111.409842003574	0.0780721821216693	0.150953171663938	0.517194711850632	0.605020243158497	0.818548771926102
Klf15	74.6459219105579	0.0778224494032771	0.151058138249001	0.515182103429582	0.606425773768889	0.818548771926102
Klf5	89.1038640652193	0.097495078372928	0.186826608416516	0.521847927333615	0.601776216771683	0.818548771926102
Bcl11a	53.8046456348136	0.082293088950564	0.161722710501547	0.5088530157289	0.610855255240278	0.818548771926102
Zbtb6	58.3355960748321	0.0794440216531179	0.157417563199929	0.504670635462826	0.613790188923448	0.818548771926102
Gata1	43.83773034697	0.0899774571752045	0.177086474067317	0.50809898186239	0.611383929244033	0.818548771926102
Cux2	51.7843045532316	-0.0834788369242297	0.16454651378369	-0.507326682314094	0.611925619827748	0.818548771926102
Glis2	51.3192624723523	0.0837111746466537	0.164772262918205	0.508041664076731	0.611424124617123	0.818548771926102
Sp7	43.0403091186962	-0.093479021179834	0.17923923922362	-0.52153212424211	0.601996133132078	0.818548771926102
Pou2f3	50.790839723633	-0.0860306704310005	0.166104520203709	-0.517930940864783	0.604506453363805	0.818548771926102
Foxf1	46.5906000342545	0.0875126499643285	0.172123939842586	0.508428113162888	0.611153141256095	0.818548771926102
Foxf2	46.5906000342545	0.0875126499643285	0.172123939842586	0.508428113162888	0.611153141256095	0.818548771926102
Pax3	60.7923511825516	0.078346690798736	0.155397756815063	0.50416873708142	0.614142807411222	0.818548771926102
Hoxa6	46.5835417651119	0.0869324990229743	0.172233146735347	0.504737332335655	0.613743336456705	0.818548771926102
Dmrta2	41.338443491993	0.0922351819963752	0.182805697947012	0.504553102185637	0.613872756212143	0.818548771926102
Zfp661	66.8215890492223	0.0756677278171956	0.151629158790279	0.499031508325208	0.617757187162326	0.820893559517505
Tbx2	45.0416319749668	-0.0873210042191775	0.174626321469192	-0.500044915820912	0.617043451200783	0.820893559517505
Zscan4b	41.673216950634	-0.0897514382167188	0.181805059556552	-0.493668539454486	0.621540287189859	0.820989782332873
Zscan4c	41.673216950634	-0.0897514382167188	0.181805059556552	-0.493668539454486	0.621540287189859	0.820989782332873
Zscan4d	41.673216950634	-0.0897514382167188	0.181805059556552	-0.493668539454486	0.621540287189859	0.820989782332873
Zscan4f	41.673216950634	-0.0897514382167188	0.181805059556552	-0.493668539454486	0.621540287189859	0.820989782332873
Meis1	60.5219132874727	-0.0763789126978614	0.155505161096886	-0.491166416336973	0.623308749790527	0.822098723643244
Hdx	49.922965766632	-0.0812116771241774	0.166972723340618	-0.486376909350092	0.626699958913762	0.825341463748035
Cic	43.1838039155416	-0.0850245410748449	0.17853808693482	-0.476226347747779	0.633913130590022	0.83360047633309
Irf7	54.4466837693551	0.0750739273724584	0.161003670708416	0.466287054463623	0.641010043769604	0.835419447403892
Zfp770	54.9579084663386	0.0748910169903934	0.1605189745638	0.466555540825655	0.640817901833195	0.835419447403892
AC1689771	54.456963033299	0.0750877078130609	0.16099230186707	0.466405579287015	0.640925218658369	0.835419447403892
Ikzf3	57.6823850744154	0.0737325586671233	0.157948550931708	0.466813770890517	0.640633122508607	0.835419447403892
Sp110	54.456963033299	0.0750877078130609	0.16099230186707	0.466405579287015	0.640925218658369	0.835419447403892
Zbtb7b	64.4147657599622	0.0711786805886798	0.153494871412884	0.463720252888563	0.642848184951469	0.835419447403892
Hoxa3	51.9142090406046	-0.0766004159428232	0.164694520962573	-0.465106036892575	0.641855523047813	0.835419447403892
Hmx3	51.1952701531333	0.0766287103939301	0.16507657517709	0.464200994670049	0.642503748640784	0.835419447403892
Nkx22	45.972834504622	0.0796630495527991	0.173178929236468	0.460004285186583	0.645513144680007	0.836141911880868
Neurod2	43.9752724630652	0.0816048054762694	0.176854850297273	0.461422490472276	0.64449551878807	0.836141911880868
Gsx2	40.3026301092982	-0.0851661843615939	0.185549679283374	-0.458993972344878	0.646238494606231	0.836141911880868
Zfp296	39.9725382909092	0.0846518264071826	0.185325416314681	0.456773971377161	0.647833516162435	0.836788821994739
Klf4	115.607140430068	0.0648275477593566	0.142269600367844	0.455666899968385	0.648629527557504	0.836788821994739
Lcorl	44.4951303260217	0.0805530180680386	0.177363856077835	0.454168170727459	0.649707790292728	0.836959817189322
Rxrb	52.8767018351948	-0.0737322054086891	0.163253828012868	-0.451641510071527	0.651527260876533	0.838083758540308
Patz1	96.8254792223337	0.10129811699926	0.226507606801433	0.447217285236968	0.654718182193718	0.83882040662166
Zbtb48	45.9044755256941	-0.0768677148215966	0.173015766253364	-0.444281561652779	0.656839030269842	0.83882040662166
Prdm6	57.2654661434616	-0.070754294624695	0.158240072730266	-0.447132596717785	0.654779324618723	0.83882040662166
Maff	41.5548801964212	-0.0813331380617855	0.181993115895757	-0.44690227793216	0.654945619187203	0.83882040662166
Msgn1	49.7960342986677	-0.0743903771850996	0.166976050516765	-0.445515251767381	0.655947440301112	0.83882040662166
Plag1	61.3835530425892	-0.0686438015750769	0.155048795495439	-0.442723862225013	0.657965480439646	0.839048199119721
Foxd2	46.661434803048	-0.0746137862213378	0.171964411376368	-0.433890859301318	0.664367697771709	0.845993399320809
Zbtb1	51.5482655167033	-0.0701616089786212	0.164708430834052	-0.425974606298757	0.670126349829914	0.847463050191236
Smad3	43.3108557686414	-0.0762934703051478	0.178254731541428	-0.428002497579799	0.668649302022648	0.847463050191236
Zfp3	58.5570054122116	0.0667778557239414	0.157331117812586	0.424441500526855	0.671243860076836	0.847463050191236
Rxrg	51.3080111973565	0.06991545705836	0.164735922992173	0.424409295728909	0.671267342580854	0.847463050191236
Tfe3	99.1005914661628	0.12376692257993	0.288122611284804	0.429563379382218	0.667513280711585	0.847463050191236
Rfx1	58.522046391454	0.0673986373934996	0.157390180505579	0.428226444477014	0.668486265114874	0.847463050191236
Nr3c1	45.5691736616016	0.0724024201668144	0.173533745043376	0.417223867027805	0.676514669367055	0.849241818992686
Nr2f1	47.5700882785218	0.0713993547095058	0.1700565305427	0.419856588168943	0.674590222828781	0.849241818992686
Foxo6	43.7961908111269	-0.0743079540533101	0.177851992677967	-0.417807823991369	0.676087630008927	0.849241818992686
Foxa1	47.0877608211589	0.0715400276527864	0.171266939911162	0.417710666693146	0.676158672527414	0.849241818992686
Usf1	88.1910014575665	0.091796301471069	0.220804827929366	0.415735028676248	0.677603906084625	0.849404329865287
Neurod1	43.8490961648476	0.0733717171450373	0.177196598993582	0.414069556423569	0.67882316754361	0.849729141833232
Zfp784	41.3456433033486	0.0746903680752574	0.182384042912934	0.409522493757378	0.682156262889142	0.852002545971068
Mlxipl	95.9610587074006	-0.120078528588591	0.293615078349032	-0.408965810828859	0.682564751518065	0.852002545971068
Maz	67.1555517491665	0.0595439917020639	0.152108475527233	0.39145742205143	0.695459154970695	0.865655910195591
Tfeb	106.848569540808	-0.142364632479232	0.363465006243589	-0.391687315239973	0.695289263642122	0.865655910195591
Dmrtc2	42.4437446219746	-0.0702126776226707	0.180538852823744	-0.388906191240828	0.697345542066011	0.866784838101713
Pou3f1	55.1859381816838	0.0624504158820113	0.161227202019393	0.387344164631098	0.698501433754848	0.8670038834124
Hmx1	51.9466316972781	0.0623493667814577	0.164381526148632	0.379296677931326	0.704467566309659	0.870967127386607
Pdx1	43.439956997329	-0.0676825018424795	0.178294240570399	-0.379611262965924	0.704233998975189	0.870967127386607
Cbfb	48.9491529475735	0.0632412848725747	0.168013519156461	0.376405929654279	0.706615138376931	0.870967127386607
Prrx1	39.0723941086602	-0.0711120597391318	0.18878850711781	-0.376675788292322	0.706414557930652	0.870967127386607
Otp	39.0723941086602	-0.0711120597391318	0.18878850711781	-0.376675788292322	0.706414557930652	0.870967127386607
Irf2	53.8884731188567	-0.0582831123359738	0.16166345553114	-0.360521257846968	0.718457362479405	0.873195781958788
Myod1	49.2815389592348	-0.0607411428580889	0.167544201292151	-0.362538019159332	0.716950017857441	0.873195781958788
Hoxb6	40.7263487850819	0.0664044585985769	0.18396859619269	0.360955402024292	0.71813278662912	0.873195781958788
Olig2	44.9235365978689	-0.0635254855854777	0.174824076516492	-0.363368060345425	0.716329957707569	0.873195781958788
Tfdp1	70.5606336832963	0.0536870058230571	0.150472748331364	0.356788896450738	0.721249849278954	0.873195781958788
Tfdp2	70.5606336832963	0.0536870058230571	0.150472748331364	0.356788896450738	0.721249849278954	0.873195781958788
Zbtb7a	58.3033784821408	-0.0566343270065716	0.157532373742425	-0.359509132384257	0.719214247199796	0.873195781958788
Tbx21	46.7057068921289	0.063958167706861	0.171643272675926	0.372622630119727	0.709429327553384	0.873195781958788
Zfp24	41.0630991839039	-0.0654254654093908	0.183318654884671	-0.356894749476266	0.721170600485825	0.873195781958788
Hoxb9	53.908484291411	-0.0583107648404631	0.161637197811079	-0.360750901587743	0.71828566937449	0.873195781958788
Tcf21	39.7972442971044	-0.0686423047087453	0.185876326437249	-0.369290194315942	0.711911433638452	0.873195781958788
Zkscan1	46.2152269247077	0.0638401842192408	0.172920682172624	0.369187672736049	0.71198784361448	0.873195781958788
Neurog3	43.4819526460567	0.0649228517687722	0.179530491728355	0.361625766986735	0.717631706777933	0.873195781958788
Zscan26	37.2268121449842	-0.0685294544595038	0.192912416726965	-0.35523609948081	0.722412722563334	0.873408824410589
Tfec	95.1234756426473	0.0965928727208782	0.280507580239999	0.344350311810592	0.730582851786971	0.880977435355476
Aire	55.5682658360696	0.0550481337212589	0.159910822998301	0.344242701582767	0.730663771243976	0.880977435355476
Rreb1	55.891844080268	-0.0543099116703342	0.159607019953105	-0.340272700325408	0.733651173837538	0.883062196683858
Tcfcp2l1	52.8373948716677	0.055287392416066	0.162948453800018	0.339293752881624	0.734388448315615	0.883062196683858
E2f1	99.3272413877753	0.0707653466910701	0.216318685662299	0.327134692384105	0.743566013362158	0.8832965393631
E2f4	104.04910216012	0.0631184551405004	0.187584869681355	0.336479457259628	0.73650934016367	0.8832965393631
Tcf4	48.1680575212936	-0.0559353902580738	0.169156908560186	-0.330671627509509	0.740892535736233	0.8832965393631
Gcm2	47.8302644782083	0.0564579573646241	0.170046935744748	0.332013964952426	0.739878714077304	0.8832965393631
Nr1d2	46.585682183187	0.0563085027898979	0.171759843359961	0.327832755831588	0.743038119190023	0.8832965393631
Isl1	38.9585634250209	-0.0622778926419201	0.188047693782676	-0.33118136888131	0.740507492377864	0.8832965393631
Hand1	46.3234189650042	0.0565598682441048	0.172153910766627	0.328542453623246	0.742501550648586	0.8832965393631
Hsf1	49.3349716606541	0.0559076695301833	0.167425990158718	0.333924676074386	0.738436398710637	0.8832965393631
Mafb	49.5474228494545	0.0562475271702342	0.167579764066091	0.335646296458867	0.737137607741308	0.8832965393631
Mafk	44.8533542356346	0.0566176169989287	0.175126256419829	0.32329599316735	0.746471088201712	0.885558864689698
Nfib	49.9214333286515	-0.0524221147237436	0.166627547024675	-0.314606532111888	0.753060418937072	0.892180014403358
Nr4a2	55.0342403826564	-0.0496823308838762	0.160464761996029	-0.309615209382268	0.756853588869587	0.894279607676348
Nr4a3	55.0342403826564	-0.0496823308838762	0.160464761996029	-0.309615209382268	0.756853588869587	0.894279607676348
Zfp398	57.6759529455635	0.0486572761616595	0.157858694504595	0.30823310882153	0.757904960887221	0.894327853846921
Bcl6	51.1451732314967	-0.0498335215642386	0.165067880693569	-0.301897142889653	0.762730473848778	0.89524730683842
Foxg1	46.2924275252124	-0.0522332505897787	0.172550962819994	-0.302712020472866	0.762109336339472	0.89524730683842
Foxi2	46.2924275252124	-0.0522332505897787	0.172550962819994	-0.302712020472866	0.762109336339472	0.89524730683842
Foxi3	46.2924275252124	-0.0522332505897787	0.172550962819994	-0.302712020472866	0.762109336339472	0.89524730683842
Klf14	125.941257394341	0.0378241489092991	0.127197385721868	0.297365772846983	0.766187271737189	0.89811355693697
Zfp513	51.6844169918765	0.0486082315325758	0.164298674947168	0.295852851815185	0.767342458763735	0.898277878314689
Zik1	49.6940639136872	0.0486845037899737	0.166886780276076	0.291721751174277	0.770499377217231	0.900781966759907
Zfp324	48.9416312527897	0.0487465962632063	0.167906990740444	0.290319039417246	0.771572174445671	0.900846140348838
Runx3	48.7031664741093	0.0486317097803825	0.168382858094384	0.28881627459443	0.77272197727376	0.900999933975333
Sall4	66.7713160209176	0.0432932580538054	0.152477676470961	0.283931779758268	0.776462661571451	0.902561668691057
Foxl1	48.5628455581847	-0.0478046036242439	0.168877311372172	-0.283072979051	0.777120894398402	0.902561668691057
Foxs1	48.5628455581847	-0.0478046036242439	0.168877311372172	-0.283072979051	0.777120894398402	0.902561668691057
Spz1	45.698950076857	0.0485960129204057	0.173303305137856	0.280410191148689	0.779162819157713	0.903747175563009
Nfat5	49.050437383883	-0.046878236063773	0.168235537654979	-0.278646454353252	0.780516158633608	0.904131937684219
Zfp558	43.7102193099834	0.0483960312065711	0.177349532773563	0.272885022304301	0.784941600196237	0.908069694344667
Zfp341	68.2515217059076	-0.0408966979780843	0.151394528506716	-0.270133262948603	0.78705773288771	0.909329103923791
Zic5	56.8177202459653	0.0423398403178426	0.158736006290761	0.266731167724401	0.78967615465393	0.910640400987446
Vax1	40.3063072553981	-0.0494125335076877	0.185771781860106	-0.265985140546789	0.790250653060292	0.910640400987446
Gsc2	54.5635128015284	0.0418329450115615	0.160932065431881	0.259941639966515	0.794908790926672	0.914817009063855
Zfp14	52.8213907270787	0.0416987914449077	0.162869022293834	0.256026535050222	0.797930347995177	0.915034979722947
Nanog	38.4678124292515	0.0485232472339804	0.188930331774481	0.256831429756344	0.797308906246455	0.915034979722947
Hlf	38.2290814502747	0.0488564025284061	0.191086176362111	0.255677325584361	0.798200004910865	0.915034979722947
Fev	70.1388215054354	0.0383025253721608	0.151194579166412	0.253332663005089	0.800011157693775	0.915924805380325
Nfic	52.2903903469991	-0.0411130836464534	0.163507366840016	-0.251444839709764	0.80147020389759	0.916409729262749
Gata2	47.8258675286117	0.0412425866504005	0.169670520006938	0.243074557965132	0.80794764002322	0.918484283406014
Prdm14	48.0873633349608	0.0409243378355382	0.16944093788494	0.241525680549102	0.809147715317649	0.918484283406014
Six3	47.7974403755439	0.0413064533292678	0.169972781248899	0.24301804692353	0.807991417039636	0.918484283406014
Foxb1	53.5712047425874	-0.0389854794154804	0.16249140523092	-0.239923332314576	0.810389692488593	0.918484283406014
Foxb2	53.5712047425874	-0.0389854794154804	0.16249140523092	-0.239923332314576	0.810389692488593	0.918484283406014
Sox9	46.5782773388949	0.0407315239450189	0.171833332353365	0.237040877850503	0.812625077860914	0.918484283406014
Srf	58.4195968647355	-0.0375586165953066	0.157725704838797	-0.238126161069898	0.811783244656329	0.918484283406014
Ascl2	48.422862059165	-0.0404503700440312	0.168794904700271	-0.239642127325223	0.810607703302873	0.918484283406014
Dlx4	49.3216914353438	0.0412364763007344	0.168097831777399	0.245312362834884	0.806214580001669	0.918484283406014
Klf10	80.6955414560565	-0.0357483731066647	0.155562794100576	-0.229800276559396	0.81824696981126	0.920768009119202
Zic1	58.6880738571583	0.0363107162774716	0.156992770725327	0.231289097642595	0.81709021591049	0.920768009119202
Lyl1	49.6702008483626	-0.0382336200565144	0.166901221041422	-0.229079330983596	0.818807257826906	0.920768009119202
Tal2	49.6702008483626	-0.0382336200565144	0.166901221041422	-0.229079330983596	0.818807257826906	0.920768009119202
Nr3c2	45.056629700851	-0.0390597970374654	0.174787225967548	-0.223470547239633	0.823169303438317	0.924498519724506
Tfap2e	61.1456766293016	-0.0338255734277077	0.155075859010776	-0.218122753879811	0.82733346917857	0.927997617519689
Hoxa11	40.3490308189358	0.0394782428296849	0.185123547127089	0.213253491748312	0.831129247324328	0.931075169470924
Sp3	83.6951897834829	-0.0327383697085541	0.159302601108371	-0.205510578488813	0.837173234045788	0.934247828424672
Cdx2	50.1954644407615	0.0343525877486913	0.16641385056714	0.206428657420145	0.836456087475914	0.934247828424672
Zbtb22	37.5986853692842	0.0390078208253106	0.191011624290902	0.204216999725124	0.838183927422814	0.934247828424672
Esx1	41.9575733236751	-0.037433527298449	0.182739875863849	-0.204845970927216	0.837692468903789	0.934247828424672
Nr2f2	47.9298185897316	0.0335947617653739	0.169473660480267	0.198229988484173	0.842865125593449	0.938283819056858
Zfp692	73.1393965140232	0.0291780380057871	0.150240001806276	0.194209515807982	0.84601183219026	0.939423427212522
Foxk2	46.6881405998512	0.0334029091321065	0.171841737514663	0.194381816753082	0.845876926509676	0.939423427212522
Zfp580	59.5164275925236	-0.0297907969477826	0.156432872507878	-0.19043821461683	0.848965754629403	0.940719287063548
Smad4	44.1814476172948	-0.0330687763444805	0.176329498827656	-0.187539671832232	0.851237521809585	0.940719287063548
Ppara	49.2817823704196	-0.0316306826788614	0.167429275442392	-0.188919665305156	0.850155780424584	0.940719287063548
Zfp57	57.8420310741361	0.0296190206672411	0.158142447428993	0.187293298850331	0.851430676765991	0.940719287063548
Nfe2l1	49.8146329377753	-0.0308513344679234	0.167042574146426	-0.184691445432825	0.853471056302281	0.94097541768072
Irf6	55.1742381372431	-0.0300574131389658	0.163101874544821	-0.184286129284835	0.853788994799569	0.94097541768072
Tbx18	50.5405419802951	-0.0297752619286868	0.16572697380709	-0.17966454853237	0.857415926668346	0.941455452979511
Tbx22	55.6562135086244	-0.0289968569703285	0.159721359312593	-0.181546520109301	0.855938621990916	0.941455452979511
Glis3	55.0683634269915	0.0288462092935853	0.160371370793897	0.179871314629201	0.857253595486893	0.941455452979511
E2f6	71.7436025868693	-0.0265885473956791	0.150565448011696	-0.176591294661533	0.859829432472942	0.941930184766687
Mafa	42.4757841949189	0.0315171320191091	0.180158652294099	0.174940984614267	0.861126005754692	0.941930184766687
Hinfp	53.8550491109425	0.0280402724981565	0.162702834860367	0.17234040526842	0.863169920729698	0.941930184766687
Pou2f1	51.0385444203726	-0.0287262539650798	0.165587827814663	-0.173480468608068	0.862273778905704	0.941930184766687
Twist2	34.7285494726295	-0.0343314287477765	0.197440514088016	-0.173882391394464	0.861957891443531	0.941930184766687
Neurod6	42.2247449385611	0.0309885307208208	0.182503466592457	0.16979694303572	0.865169831123927	0.942949877518073
Zbtb37	61.184312568022	0.0249493162083894	0.154903598907959	0.161063502618902	0.872043385579735	0.944743228173936
Rbak	61.6512204380049	0.0254090114610689	0.154816205330277	0.164123719521884	0.869633749521147	0.944743228173936
Zbtb43	47.1775068084263	-0.0274908346607041	0.170830531357021	-0.160924598444588	0.872152788043057	0.944743228173936
Isl2	52.5403192147623	-0.0270172955606994	0.163684108803147	-0.16505753526258	0.868898696441589	0.944743228173936
Maf	38.9673511515264	0.030262053683631	0.187502209295336	0.161395717935062	0.871781739055	0.944743228173936
Wt1	70.5156530937805	0.0233359303157155	0.150836024537803	0.154710589776032	0.877049481085527	0.946432143672809
Gli2	45.5793805714671	0.0247642127562497	0.173567788771417	0.142677468737378	0.886544911982778	0.946432143672809
Irf1	60.8888749102359	-0.0222118550241058	0.15503427845654	-0.143270605992676	0.886076469335361	0.946432143672809
Zfp524	42.8253235857826	-0.02695820956259	0.179230170870238	-0.150411113439754	0.880440273760057	0.946432143672809
Zfp768	47.305886388889	0.025825065823837	0.170474341731825	0.151489459126129	0.879589625277363	0.946432143672809
Zfp110	46.5642416087865	0.0252885525775596	0.171770604373751	0.147222818885442	0.882956149978419	0.946432143672809
Ar	45.5720574724949	0.0249848368064515	0.173594370477414	0.14392653827275	0.885558479351001	0.946432143672809
Lin28a	65.9742250756748	0.0224656697831453	0.155341216636433	0.144621435763085	0.885009771871792	0.946432143672809
Lin28b	65.9742250756748	0.0224656697831453	0.155341216636433	0.144621435763085	0.885009771871792	0.946432143672809
Gm5294	45.5717188458947	0.0251625284148231	0.173780370774297	0.144794997862583	0.884872731732609	0.946432143672809
Foxn4	67.2553135316702	0.0219849726063395	0.151988165893467	0.144649239479272	0.884987818546006	0.946432143672809
Rfx8	68.0288591525511	0.0219448534786615	0.151569625856282	0.14478397868099	0.884881432090701	0.946432143672809
Zfp467	65.7680857405968	0.0214654820393475	0.152690508326087	0.14058163978016	0.888200453508915	0.947057110066735
Irf3	43.8289697254514	0.0238958590963932	0.177178041705166	0.134869190710197	0.892715299198983	0.950725679652346
Figla	52.925027697408	0.0215242286120742	0.162666700046899	0.132321050380124	0.894730357975206	0.951159042619604
Ahr	63.8039698439205	0.0202443910536692	0.153789982717586	0.131636603996798	0.895271731640825	0.951159042619604
Zfp69	51.4134573850643	0.020854227449171	0.164655998369426	0.126653311483873	0.899214800189272	0.953277733253685
Gmeb1	76.373735825514	0.0194426679056926	0.153826158174989	0.126393769020579	0.899420234199804	0.953277733253685
Hhex	51.4379299752303	0.0205585473199056	0.164771668766363	0.124769916295843	0.900705704560088	0.953498263798658
Ctcfl	80.5059964455069	0.0175032686795263	0.153030070131067	0.114377969405197	0.90893817724134	0.957375316947601
Tcf12	49.4372078141081	0.0195644500678506	0.167211988267524	0.117003871974474	0.906856985167043	0.957375316947601
Klf13	123.683814101794	0.0142669884119759	0.127714153887789	0.111710315400994	0.911053100022252	0.957375316947601
Egr2	94.1603443694468	-0.0240012393417018	0.21702673968792	-0.110591162067011	0.911940556143308	0.957375316947601
Tead4	49.6950303015197	0.0193495059623129	0.166993753532837	0.115869639150952	0.907755858035808	0.957375316947601
Irf4	54.1745124469531	-0.0180102783366705	0.161560917358291	-0.111476702603324	0.911238339066762	0.957375316947601
Hmx2	53.9145219138339	-0.018388344049932	0.162262757684825	-0.113324488701524	0.909773303120698	0.957375316947601
Klf6	82.4501455226092	-0.0164832784775234	0.157416120536287	-0.104711502363087	0.91660473457577	0.957727497165947
Prdm5	54.9122902504689	-0.0170394912499241	0.160626791769973	-0.106081252462078	0.915517885574116	0.957727497165947
Zbtb7c	57.0893982279257	0.016698372230592	0.158859556582573	0.105114055394662	0.916285306498332	0.957727497165947
Zfp317	47.4424465594552	0.0179158735548933	0.170483000592324	0.105088914980653	0.916305255162007	0.957727497165947
Zbtb17	75.4995894026497	0.0154917288742575	0.151305681281857	0.102386960905976	0.918449532969403	0.95852339230887
Myrf	55.6714871082037	-0.0160910295763945	0.159766844649539	-0.100715699879355	0.919776148046238	0.958777256797315
Dmrt1	49.8094177317341	-0.0165504797176622	0.166868657094876	-0.0991826746004916	0.920993230690577	0.958916481366072
Relb	53.3122010209339	0.014830294721036	0.162339730167672	0.0913534518365811	0.927211747080505	0.964256634742946
Zzz3	44.941943152263	-0.0156359846541223	0.174908974845742	-0.0893949819779813	0.928768011307861	0.964741420196546
Zbtb33	75.4901739149119	-0.0129641543653183	0.151195788791624	-0.085744149813493	0.931669804864714	0.966621075387189
Irx5	42.4328717710731	0.0151290700130381	0.180075050060142	0.0840153591959865	0.933044220071348	0.966913506748411
Hoxb8	42.4640478718037	0.014487119491537	0.180504817336993	0.0802589077968502	0.936031339567843	0.96887454446496
Nfe2l2	46.1812654258699	-0.013591099546707	0.172654403961351	-0.0787185222900504	0.937256512539514	0.969009361679288
T	40.7040175112311	0.0131705960711835	0.183878180300619	0.0716267479352423	0.942898952967694	0.972570598340803
Nkx21	49.5738699722661	0.0121009696418555	0.167256194767975	0.0723499040417754	0.942323451038722	0.972570598340803
Klf3	90.1922458784747	0.0131945543074496	0.192551221724306	0.0685249056811568	0.945367794803207	0.97398195390086
Pknox2	48.6819897034679	-0.0103729538228469	0.168329859324776	-0.0616227796093698	0.950863235909637	0.978504609046545
Klf7	127.647520344595	0.00423151477762701	0.127867876363866	0.0330928681851698	0.973600530000424	0.980980523032957
Thra	45.568524226879	0.00921161407172082	0.173570705262395	0.0530712487328733	0.957675139345709	0.980980523032957
Smad9	50.927562382691	-0.00787445570796323	0.165150006964168	-0.0476806259516036	0.961970774789676	0.980980523032957
Klf2	112.696937117597	-0.00810631786324854	0.148480190086862	-0.0545952820945762	0.956460897497807	0.980980523032957
Nr1h4	57.2966701718061	0.00467564782920549	0.158192868373887	0.0295566284199022	0.976420655694413	0.980980523032957
Crx	50.6818918356428	0.00603793816861391	0.165513201040815	0.0364801002617608	0.970899545837362	0.980980523032957
Hoxb4	36.4845697507057	-0.0108147089625457	0.193727918880404	-0.0558242148320505	0.95548184437336	0.980980523032957
Nr1h3	42.814805686052	0.00694413669913327	0.179272449024141	0.0387351025600044	0.969101586604719	0.980980523032957
Taf1	64.63894721857	0.00428573404264523	0.153014064775651	0.0280087588610169	0.977655165327761	0.980980523032957
Meis2	51.6664093098111	-0.00678799700640719	0.164324215873293	-0.0413085616768821	0.96704990766669	0.980980523032957
Meis3	51.6664093098111	-0.00678799700640719	0.164324215873293	-0.0413085616768821	0.96704990766669	0.980980523032957
Nhlh2	50.6685243227402	-0.00800544077657241	0.16551655829551	-0.0483664042982315	0.961424233441655	0.980980523032957
Nfia	64.5526112660436	-0.00677720630512189	0.155802871658877	-0.0434985968677155	0.965304083006467	0.980980523032957
Zfp322a	50.9246003238299	-0.00783092917964292	0.165179995035487	-0.0474084599527959	0.962187686536114	0.980980523032957
Tfap4	43.8219981789649	0.00787887273878943	0.177146088741395	0.044476696012698	0.964524427478608	0.980980523032957
Hand2	45.3201793450774	0.00901922052249482	0.174178701157795	0.0517814202456588	0.958702860183761	0.980980523032957
Zfp184	54.1681658716051	-0.00459734835601056	0.161230802063689	-0.0285140822793558	0.977252136561613	0.980980523032957
Foxp1	46.5624839198173	-0.00535581705725815	0.172091918209127	-0.0311218394971327	0.975172372704052	0.980980523032957
Foxp3	46.5624839198173	-0.00535581705725815	0.172091918209127	-0.0311218394971327	0.975172372704052	0.980980523032957
Foxp4	46.5624839198173	-0.00535581705725815	0.172091918209127	-0.0311218394971327	0.975172372704052	0.980980523032957
Foxo1	46.061650771314	-0.00585310573132548	0.172994978042504	-0.0338339632604098	0.973009552676229	0.980980523032957
Vax2	37.4559632326733	-0.00896468344728251	0.191371896507303	-0.046844304785057	0.96263731765911	0.980980523032957
Msantd3	46.9417017545495	0.00265073964223833	0.171095944711667	0.0154927087646957	0.987639101359053	0.989876109516151
Zfp740	61.3835261298141	0.00199804794662397	0.15533192647121	0.0128630861151027	0.98973702520216	0.99085663722162
Zfp383	66.2700965370624	-9.92090362066319e-05	0.152256974158304	-0.000651589437889935	0.999480106884314	0.999480106884314
