chr	enhancer_starts	enhancer_ends	gene	DAY0_H3K27ac	DAY4_H3K27ac	DAY0_H3K4me1	DAY4_H3K4me1	H3K27ac_FC	H3K4me3_FC	fragMEAN	log2FoldChange	padj
chr6	71987200	71992800	Polr1a	225	200	122	143	-1.125	1.17213114754098	172.5	-0.507087128693116	9.88445635559214e-49
chr17	35811000	35818600	Ier3	202	174	119	153	-1.16091954022989	1.28571428571429	162	1.19838806894324	6.3493084401609e-65
chr11	118359800	118366600	Timp2	177	171	99	135	-1.03508771929825	1.36363636363636	145.5	-0.115898307968113	0.00108711975496906
chr19	8980400	8985400	Ahnak	131	146	95	142	1.11450381679389	1.49473684210526	128.5	0.0813741098363274	0.108457892365871
chr18	60668600	60676000	Synpo	178	145	92	88	-1.22758620689655	-1.04545454545455	125.75	-1.11442495474145	2.53686434993577e-137
chr8	126522800	126529400	Tarbp1	177	125	72	108	-1.416	1.5	120.5	-0.00260104717233942	0.971638477328813
chr6	4487400	4490800	Col1a2	202	181	39	51	-1.11602209944751	1.30769230769231	118.25	1.24791174823891	2.07733454043099e-87
chr9	64788100	64796800	Dennd4a	126	109	97	137	-1.15596330275229	1.41237113402062	117.25	-0.15704198049972	6.0621682304349e-05
chr6	4416600	4420400	Col1a2	177	176	37	69	-1.00568181818182	1.86486486486486	114.75	1.24791174823891	2.07733454043099e-87
chr8	126916600	126921800	Tomm20	116	97	104	132	-1.19587628865979	1.26923076923077	112.25	0.142530185392232	0.0338736544392805
chr11	94871600	94875400	Col1a1	196	139	53	55	-1.41007194244604	1.0377358490566	110.75	1.60088132945072	2.4029044253503e-126
chr6	4455400	4458800	Col1a2	160	177	29	57	1.10625	1.96551724137931	105.75	1.24791174823891	2.07733454043099e-87
chr16	37727600	37734900	Fstl1	119	104	89	111	-1.14423076923077	1.24719101123595	105.75	-1.4333809836778	0
chr17	44418900	44423700	Clic5	115	123	59	126	1.0695652173913	2.13559322033898	105.75	2.17090544483512	6.43953525604857e-16
chr19	9953800	9957800	Fth1	152	136	52	68	-1.11764705882353	1.30769230769231	102	-0.869548532593491	4.97231310765352e-152
chr6	125421300	125425400	Cd9	146	142	43	71	-1.02816901408451	1.65116279069767	100.5	0.301792792523388	5.9779293731929e-15
chr17	79562600	79566600	Rmdn2	80	126	86	102	1.575	1.18604651162791	98.5	0.201468076359972	0.218818859517998
chr6	88924000	88928200	Tpra1	114	86	74	106	-1.32558139534884	1.43243243243243	95	0.625762755484571	4.01081831592044e-14
chr4	55649500	55653500	Klf4	130	132	52	63	1.01538461538462	1.21153846153846	94.25	2.30426284382789	0
chr17	74865800	74871800	Ttc27	106	71	96	103	-1.49295774647887	1.07291666666667	94	-0.159669807526156	0.00971917563975725
chr19	9104300	9107900	Scgb1a1	98	95	69	110	-1.03157894736842	1.59420289855072	93	1.35113408077575	0.644385711365574
chr5	33696000	33700400	Fgfr3	78	69	86	133	-1.1304347826087	1.54651162790698	91.5	0.567429891389502	5.41344403887778e-20
chr6	91198600	91202400	Fbln2	126	84	71	83	-1.5	1.16901408450704	91	-1.15941066048692	1.73436418297598e-166
chr11	94927000	94931000	Col1a1	123	103	53	79	-1.19417475728155	1.49056603773585	89.5	1.60088132945072	2.4029044253503e-126
chr2	110176000	110181000	Bbox1	122	89	58	86	-1.37078651685393	1.48275862068966	88.75	NA	NA
chr1	45764200	45768200	Wdr75	136	116	36	65	-1.17241379310345	1.80555555555556	88.25	-0.147060881225212	0.0132321715922701
chr2	27772200	27776400	Rxra	102	103	77	69	1.00980392156863	-1.11594202898551	87.75	-0.327517877002571	1.92392221752377e-31
chr12	55460800	55467000	Nfkbia	126	83	62	79	-1.51807228915663	1.2741935483871	87.5	0.447201757643082	1.26918613094886e-10
chr8	125343300	125356400	Sipa1l2	61	68	103	114	1.11475409836066	1.10679611650485	86.5	0.0950854542503884	0.283006676102018
chr1	133948600	133954800	Prelp	84	86	74	95	1.02380952380952	1.28378378378378	84.75	0.683448502825698	2.1111685259342e-28
chr2	167249400	167253000	Ptgis	117	84	64	71	-1.39285714285714	1.109375	84	1.96501786134129	2.39712354826783e-66
chr6	115522100	115525700	Tsen2	113	74	64	81	-1.52702702702703	1.265625	83	0.0571169794725165	0.534561218304283
chr2	73002200	73006200	Sp3os	126	106	49	45	-1.18867924528302	-1.08888888888889	81.5	-0.626090320407586	1.30478421487497e-06
chr15	77354000	77360500	Apol7a	112	111	54	48	-1.00900900900901	-1.125	81.25	0.165956709948561	0.825742481033886
chr6	86583300	86586900	Asprv1	109	101	46	66	-1.07920792079208	1.43478260869565	80.5	0.212277586593102	0.871661340945956
chr5	64875800	64879600	Klf3	119	102	36	62	-1.16666666666667	1.72222222222222	79.75	0.662343381567193	4.00844777306077e-31
chr1	90718600	90722500	Col6a3	92	78	68	77	-1.17948717948718	1.13235294117647	78.75	0.00121671320178847	0.987389992156296
chr6	30525000	30530200	Ssmem1	75	84	77	77	1.12	0	78.25	-1.0691193715241	0.287856594182166
chr6	112265700	112269500	Lmcd1	85	68	81	79	-1.25	-1.0253164556962	78.25	-0.394356577288989	9.80450841779897e-13
chr11	22628100	22633000	Tmem17	93	91	55	67	-1.02197802197802	1.21818181818182	76.5	-0.385695400746035	0.00910308569646339
chr11	86892600	86900600	Ypel2	58	52	73	122	-1.11538461538462	1.67123287671233	76.25	0.309554830959532	3.96518630975269e-07
chr6	51206200	51212600	Mir148a	74	86	61	83	1.16216216216216	1.36065573770492	76	NA	NA
chr8	94784200	94789600	Cx3cl1	93	69	64	76	-1.34782608695652	1.1875	75.5	-1.16452014339347	8.48093910998636e-57
chr2	102942600	102945600	Cd44	75	110	43	73	1.46666666666667	1.69767441860465	75.25	-0.723566492446289	2.00329971738511e-145
chr6	146007800	146011200	Sspn	81	72	56	92	-1.125	1.64285714285714	75.25	-0.437676139725566	4.17449738016532e-32
chr16	15083000	15087000	Efcab1	100	127	34	40	1.27	1.17647058823529	75.25	-0.499619837264208	0.83893606179593
chr6	127853400	127857100	Tspan11	67	75	66	91	1.11940298507463	1.37878787878788	74.75	0.333894689246723	5.92872421757769e-05
chr16	87317600	87321200	N6amt1	77	104	44	74	1.35064935064935	1.68181818181818	74.75	0.0049419923898582	0.939298749473649
chr11	94880600	94882800	Col1a1	143	95	24	35	-1.50526315789474	1.45833333333333	74.25	1.60088132945072	2.4029044253503e-126
chr5	36713400	36717700	D5Ertd579e	100	61	61	73	-1.63934426229508	1.19672131147541	73.75	-0.321312598462845	1.19687196532673e-16
chr15	97101200	97106000	Slc38a4	86	69	63	73	-1.2463768115942	1.15873015873016	72.75	-0.0984775787261647	0.696612009895734
chr16	15051600	15056400	Efcab1	78	64	65	84	-1.21875	1.29230769230769	72.75	-0.499619837264208	0.83893606179593
chr6	136896800	136899200	Mgp	111	71	36	71	-1.56338028169014	1.97222222222222	72.25	-1.79700294741981	9.2975482444734e-248
chr7	16293400	16298800	Ccdc9	110	83	34	61	-1.32530120481928	1.79411764705882	72	0.397602837554014	4.94559763489927e-14
chr9	102641800	102646400	Anapc13	108	82	36	62	-1.31707317073171	1.72222222222222	72	0.00769791817940392	0.945964927705001
chr2	27834200	27837000	Col5a1	87	73	53	74	-1.19178082191781	1.39622641509434	71.75	0.785565790215337	1.36963084557981e-96
chr2	166178200	166182600	Sulf2	101	79	40	67	-1.27848101265823	1.675	71.75	-1.34835937686278	1.29446463312084e-78
chr11	69251000	69254200	Gucy2e	87	87	44	68	0	1.54545454545455	71.5	2.79018288647199	4.17512670811536e-05
chr13	51311200	51316600	S1pr3	77	60	77	70	-1.28333333333333	-1.1	71	3.56747860232361	0.00551930395365005
chr10	23674000	23677200	Snora33	106	58	44	74	-1.82758620689655	1.68181818181818	70.5	NA	NA
chr16	15251100	15255200	Ube2v2	77	83	52	69	1.07792207792208	1.32692307692308	70.25	0.193189769909938	0.00840465856608729
chr11	79736400	79739800	Mir365-2	74	61	65	80	-1.21311475409836	1.23076923076923	70	0.389853265063764	NA
chr3	95692400	95697000	Adamtsl4	66	50	72	90	-1.32	1.25	69.5	-1.72914069865951	2.33396499878069e-103
chr6	36818000	36820600	Ptn	90	62	63	62	-1.45161290322581	-1.01612903225806	69.25	-1.84938816245552	4.38435162895849e-280
chr2	30455700	30459500	Ptpa	91	76	49	59	-1.19736842105263	1.20408163265306	68.75	-0.0888709827146265	0.00873806037552093
chr1	75343400	75350400	Des	63	68	56	87	1.07936507936508	1.55357142857143	68.5	0.489917649083333	0.0112231501019697
chr13	52825100	52833800	BB123696	61	61	61	91	0	1.49180327868852	68.5	0.417888160580295	0.83373661716296
chr4	135285400	135289600	Clic4	97	76	39	54	-1.27631578947368	1.38461538461538	66.5	0.232528901090602	2.79470948331704e-26
chr14	20891400	20894900	Vcl	82	71	59	53	-1.15492957746479	-1.11320754716981	66.25	-0.00948427376120507	0.781331586429751
chr6	72458000	72461500	Mat2a	39	51	74	100	1.30769230769231	1.35135135135135	66	-0.4636988041175	3.14086694003717e-33
chr5	33703800	33708400	Fgfr3	53	52	68	90	-1.01923076923077	1.32352941176471	65.75	0.567429891389502	5.41344403887778e-20
chr6	116001800	116008000	Plxnd1	56	58	78	69	1.03571428571429	-1.1304347826087	65.25	-0.346592208467991	0.000113317415084522
chr1	45760200	45762600	Wdr75	59	84	52	65	1.42372881355932	1.25	65	-0.147060881225212	0.0132321715922701
chr9	54800000	54804000	Crabp1	80	63	49	65	-1.26984126984127	1.3265306122449	64.25	NA	NA
chr12	73033700	73037100	Six1	123	64	18	52	-1.921875	2.88888888888889	64.25	-1.25747463991305	1.83104916329769e-114
chr11	114825900	114831700	Gprc5c	64	74	49	68	1.15625	1.38775510204082	63.75	2.31872076804547	0
chr1	193516200	193519200	Mir205	60	65	59	68	1.08333333333333	1.15254237288136	63	NA	NA
chr8	125284600	125289400	Disc1	79	58	52	62	-1.36206896551724	1.19230769230769	62.75	0.241984632512346	0.671631216077911
chr6	4435700	4437700	Col1a2	83	100	28	37	1.20481927710843	1.32142857142857	62	1.24791174823891	2.07733454043099e-87
chr7	141046000	141049900	B4galnt4	113	68	26	41	-1.66176470588235	1.57692307692308	62	-0.0118831132069519	0.994605775234095
chr1	155091200	155094800	Ier5	76	63	43	64	-1.20634920634921	1.48837209302326	61.5	-0.790006527501231	4.53817415008467e-37
chr9	35357200	35361106	Cdon	76	66	38	65	-1.15151515151515	1.71052631578947	61.25	-1.285677529862	1.47523215151003e-151
chr8	79206400	79209600	Zfp827	90	82	26	45	-1.09756097560976	1.73076923076923	60.75	-0.520021394861582	7.29600572816249e-08
chr6	37590000	37594600	Akr1d1	61	72	39	70	1.18032786885246	1.79487179487179	60.5	1.35018710063275	0.646008596668913
chr9	63918400	63924200	Smad6	56	57	50	79	1.01785714285714	1.58	60.5	-0.38168791578053	1.70476074398966e-06
chr11	54879600	54883400	Hint1	46	58	56	82	1.26086956521739	1.46428571428571	60.5	-0.02101137974699	0.681998954567429
chr1	134061600	134068400	Btg2	41	58	50	91	1.41463414634146	1.82	60	0.274492185868309	5.26147609866143e-11
chr11	95630900	95636200	Phb	44	60	61	75	1.36363636363636	1.22950819672131	60	0.0355263590911713	0.67538365620749
chr16	4584900	4588800	Glis2	78	61	43	58	-1.27868852459016	1.34883720930233	60	1.07177832576595	8.87324451728116e-166
chr17	74990400	74996200	Ltbp1	85	71	47	37	-1.19718309859155	-1.27027027027027	60	-0.599945609778717	1.00050423981996e-35
chr10	37615500	37618900	Marcks	75	64	47	52	-1.171875	1.1063829787234	59.5	-0.997450790472295	9.06634912678416e-128
chr4	155233200	155238800	Ski	77	66	38	56	-1.16666666666667	1.47368421052632	59.25	-0.618748695642923	7.87022012543527e-93
chr1	189706000	189709600	Cenpf	68	43	70	55	-1.58139534883721	-1.27272727272727	59	-1.61113582180083	3.56837041894062e-83
chr1	192795600	192801000	Hhat	73	55	48	60	-1.32727272727273	1.25	59	0.519691916167711	1.02492426544626e-11
chr4	134733200	134737800	Ldlrap1	52	65	56	62	1.25	1.10714285714286	58.75	1.41874854190308	2.00877405987609e-117
chr16	87305000	87308200	N6amt1	62	74	47	50	1.19354838709677	1.06382978723404	58.25	0.0049419923898582	0.939298749473649
chr2	73018500	73025500	Sp3os	59	60	49	63	1.01694915254237	1.28571428571429	57.75	-0.626090320407586	1.30478421487497e-06
chr10	125785200	125789200	Lrig3	89	72	35	33	-1.23611111111111	-1.06060606060606	57.25	-1.26869808397792	2.84693231371608e-92
chr17	44431300	44434100	Clic5	64	71	39	55	1.109375	1.41025641025641	57.25	2.17090544483512	6.43953525604857e-16
chr8	126600800	126604200	Irf2bp2	55	70	38	65	1.27272727272727	1.71052631578947	57	0.238272754920365	1.03773257979431e-07
chr12	111690600	111696400	Trmt61a	49	51	61	67	1.04081632653061	1.09836065573771	57	0.469231555206642	2.56414973904869e-10
chr6	30648600	30650600	Cep41	75	66	46	40	-1.13636363636364	-1.15	56.75	-0.0807209153375395	0.186978627935184
chr4	56372500	56374500	Actl7b	61	78	32	54	1.27868852459016	1.6875	56.25	NA	NA
chr9	35399800	35406600	Cdon	61	43	58	63	-1.41860465116279	1.08620689655172	56.25	-1.285677529862	1.47523215151003e-151
chr12	86814400	86819800	Irf2bpl	50	59	54	62	1.18	1.14814814814815	56.25	-0.313831264871997	8.24799706973644e-06
chr17	14626300	14629300	Thbs2	74	72	24	55	-1.02777777777778	2.29166666666667	56.25	-1.01681749693163	3.89398558489675e-164
chr6	72277000	72282000	Sftpb	48	34	61	81	-1.41176470588235	1.32786885245902	56	0.38982909723421	NA
chr8	119423800	119427200	Osgin1	65	46	48	64	-1.41304347826087	1.33333333333333	55.75	-1.60609136050071	2.6951452574772e-47
chr5	33691800	33695200	Tacc3	56	55	42	69	-1.01818181818182	1.64285714285714	55.5	-1.16337675848584	7.07214475952947e-140
chr6	112971000	112975000	Srgap3	43	46	65	67	1.06976744186047	1.03076923076923	55.25	0.316959165488881	7.81472460726689e-19
chr10	77208500	77212300	Col18a1	68	54	41	58	-1.25925925925926	1.41463414634146	55.25	-0.461528135462858	2.66394415525672e-12
chr17	44299500	44301500	Clic5	61	61	38	61	0	1.60526315789474	55.25	2.17090544483512	6.43953525604857e-16
chr6	30709200	30715800	Mest	51	39	48	81	-1.30769230769231	1.6875	54.75	-1.76794476773135	0
chr11	8691000	8694200	Tns3	73	45	38	62	-1.62222222222222	1.63157894736842	54.5	-0.807456019276827	1.364157152241e-83
chr17	87056800	87059000	Cript	82	58	31	47	-1.41379310344828	1.51612903225806	54.5	0.142703766861672	0.0944840547412308
chr6	145854000	145857500	Bhlhe41	64	50	38	65	-1.28	1.71052631578947	54.25	0.417997978104748	0.00153930116687034
chr19	53552000	53556000	Dusp5	52	30	68	67	-1.73333333333333	-1.01492537313433	54.25	-0.453640459759816	0.00714658968566192
chr2	75765800	75771300	Agps	74	57	35	50	-1.29824561403509	1.42857142857143	54	-0.033223221505228	0.735538993719964
chr15	83292200	83296500	Arfgap3	62	52	38	64	-1.19230769230769	1.68421052631579	54	1.36941482151889	1.17764333449151e-177
chr15	83222800	83225000	A4galt	105	53	23	34	-1.9811320754717	1.47826086956522	53.75	-0.679232442403376	4.20615139592796e-16
chr4	106861600	106867600	Ssbp3	56	42	58	58	-1.33333333333333	0	53.5	-0.861794309401109	1.19562735597278e-99
chr10	77212600	77218600	Pofut2	56	44	73	41	-1.27272727272727	-1.78048780487805	53.5	0.789739940404247	1.93115743519727e-88
chr5	135274000	135278100	Fzd9	69	70	27	47	1.01449275362319	1.74074074074074	53.25	1.7664638371144	3.72120993919323e-16
chr7	98522400	98525400	Lrrc32	64	43	36	70	-1.48837209302326	1.94444444444444	53.25	-0.249486782612261	0.203482250662605
chr10	76650300	76652300	Col6a2	69	65	36	43	-1.06153846153846	1.19444444444444	53.25	0.110946142050067	0.000173077827805794
chr3	145702800	145706000	Ddah1	53	54	35	70	1.0188679245283	2	53	-0.881454867461753	2.17370004913439e-36
chr11	4294000	4297800	Lif	40	29	73	70	-1.37931034482759	-1.04285714285714	53	0.466613015286325	0.0433697504218821
chr8	46848100	46852500	Irf2	52	54	34	71	1.03846153846154	2.08823529411765	52.75	-0.129304702415767	0.106542779736687
chr11	101829600	101832600	Etv4	42	44	59	66	1.04761904761905	1.11864406779661	52.75	0.522731549443252	0.000292683112844757
chr13	82057900	82061000	Cetn3	68	77	25	41	1.13235294117647	1.64	52.75	0.328616453858293	6.86315840153176e-08
chr18	5132800	5135000	Svil	93	67	14	36	-1.38805970149254	2.57142857142857	52.5	-0.309210735377921	2.21098186362489e-10
chr3	54411500	54415700	Postn	55	51	54	48	-1.07843137254902	-1.125	52	-1.40733046794917	3.24478344867476e-237
chr1	60654700	60659900	Cd28	24	53	36	94	2.20833333333333	2.61111111111111	51.75	1.78519651311865	0.0139500100748119
chr6	136887000	136890300	Mgp	63	39	51	54	-1.61538461538462	1.05882352941176	51.75	-1.79700294741981	9.2975482444734e-248
chr7	67461400	67464600	Lrrc28	70	50	31	56	-1.4	1.80645161290323	51.75	0.530080105969495	4.4842915578454e-11
chr8	27057200	27062800	Plpbp	55	41	57	54	-1.34146341463415	-1.05555555555556	51.75	0.10704481949481	0.232618258718165
chr17	14594200	14597600	Thbs2	50	53	49	53	1.06	1.08163265306122	51.25	-1.01681749693163	3.89398558489675e-164
chr1	181229000	181235800	Wdr26	53	61	29	61	1.15094339622642	2.10344827586207	51	0.374073637949262	6.9229010542476e-21
chr2	28597626	28605200	Gfi1b	41	45	50	68	1.09756097560976	1.36	51	1.11115634973152	NA
chr4	56112900	56114900	Klf4	65	62	32	45	-1.04838709677419	1.40625	51	2.30426284382789	0
chr7	28801200	28805000	Hnrnpl	75	63	22	43	-1.19047619047619	1.95454545454545	50.75	-0.286745904473329	2.66240061741859e-34
chr11	75290600	75295600	Rpa1	38	42	54	69	1.10526315789474	1.27777777777778	50.75	-0.89408286348337	2.098057385865e-170
chr4	40875800	40878000	B4galt1	58	58	35	51	0	1.45714285714286	50.5	-0.137264718704118	0.000206058265876629
chr8	126908600	126910600	Tomm20	38	33	61	69	-1.15151515151515	1.13114754098361	50.25	0.142530185392232	0.0338736544392805
chr10	77218900	77227600	Pofut2	49	45	53	54	-1.08888888888889	1.0188679245283	50.25	0.789739940404247	1.93115743519727e-88
chr2	144244970	144248800	Snx5	42	56	45	56	1.33333333333333	1.24444444444444	49.75	0.021351390634518	0.578071244575028
chr10	126143400	126146600	Lrig3	74	67	26	32	-1.1044776119403	1.23076923076923	49.75	-1.26869808397792	2.84693231371608e-92
chr2	26554300	26557700	Egfl7	47	44	43	64	-1.06818181818182	1.48837209302326	49.5	-2.4357274904217	0.0109506183113611
chr2	167818100	167822000	Ptpn1	45	34	55	64	-1.32352941176471	1.16363636363636	49.5	0.260069618017599	0.00183782159170629
chr11	61614900	61617600	Epn2	69	52	31	46	-1.32692307692308	1.48387096774194	49.5	-0.179389272576009	0.000114863285588083
chr11	79906200	79909800	Utp6	59	57	31	51	-1.03508771929825	1.64516129032258	49.5	-0.255741581078899	4.06385331010499e-10
chr10	94989600	94993400	Plxnc1	63	55	34	45	-1.14545454545455	1.32352941176471	49.25	-0.732192247169987	1.19869936991779e-07
chr11	94876600	94878600	Col1a1	40	59	43	55	1.475	1.27906976744186	49.25	1.60088132945072	2.4029044253503e-126
chr1	194925400	194929000	Cd34	38	59	45	54	1.55263157894737	1.2	49	-2.67745968754278	9.53659612526562e-271
chr8	125388200	125392400	Sipa1l2	45	30	52	69	-1.5	1.32692307692308	49	0.0950854542503884	0.283006676102018
chr12	85453800	85457800	Fos	63	52	39	42	-1.21153846153846	1.07692307692308	49	1.02057129711214	1.06929544348005e-20
chr2	27785400	27787400	Rxra	66	57	22	50	-1.15789473684211	2.27272727272727	48.75	-0.327517877002571	1.92392221752377e-31
chr2	167253700	167255700	Ptgis	61	74	27	33	1.21311475409836	1.22222222222222	48.75	1.96501786134129	2.39712354826783e-66
chr6	84216600	84220400	Dysf	34	41	55	65	1.20588235294118	1.18181818181818	48.75	1.16712064063661	1.64906158911478e-29
chr10	88320300	88322300	Dram1	63	83	16	33	1.31746031746032	2.0625	48.75	-0.179352757476811	0.00111768072892647
chr17	73969800	73971800	Xdh	70	67	23	35	-1.04477611940298	1.52173913043478	48.75	1.35414877959668	6.81345791094077e-93
chr6	91179600	91182400	Hdac11	55	25	53	61	-2.2	1.15094339622642	48.5	-0.200597318522359	0.057340163754351
chr15	77882000	77884200	Myh9	78	40	36	40	-1.95	1.11111111111111	48.5	-0.388037313823028	1.20247708408553e-56
chr16	15194400	15196400	Efcab1	77	60	26	30	-1.28333333333333	1.15384615384615	48.25	-0.499619837264208	0.83893606179593
chr16	44611100	44618400	Boc	42	23	68	60	-1.82608695652174	-1.13333333333333	48.25	0.849526817235809	1.39295024372809e-60
chr3	102525000	102527400	Ngf	66	57	34	35	-1.15789473684211	1.02941176470588	48	-2.45497796674669	2.48337183806819e-50
chr13	73440400	73450600	Lpcat1	38	31	45	78	-1.2258064516129	1.73333333333333	48	-0.0785875862600237	0.269368359956956
chr17	14639700	14641700	Thbs2	69	61	37	23	-1.13114754098361	-1.60869565217391	47.5	-1.01681749693163	3.89398558489675e-164
chr17	45699200	45703500	Mrpl14	39	39	39	73	0	1.87179487179487	47.5	0.122669811379648	0.0525032499449104
chr1	133977000	133979200	Prelp	60	71	20	38	1.18333333333333	1.9	47.25	0.683448502825698	2.1111685259342e-28
chr2	27801500	27803500	Rxra	73	53	38	25	-1.37735849056604	-1.52	47.25	-0.327517877002571	1.92392221752377e-31
chr2	27870100	27873700	Col5a1	38	39	41	71	1.02631578947368	1.73170731707317	47.25	0.785565790215337	1.36963084557981e-96
chr6	72188400	72191200	Atoh8	58	37	37	56	-1.56756756756757	1.51351351351351	47	-1.25252285442499	1.08216344359851e-31
chr6	135087600	135089600	Gprc5a	72	54	23	39	-1.33333333333333	1.69565217391304	47	-0.529009308423576	2.72340777045462e-08
chr10	80937000	80939600	Gadd45b	31	48	46	63	1.54838709677419	1.3695652173913	47	1.67975654783897	2.38860326359046e-269
chr5	33688200	33691000	Tacc3	41	43	44	59	1.04878048780488	1.34090909090909	46.75	-1.16337675848584	7.07214475952947e-140
chr10	37602800	37604800	Marcks	54	59	26	48	1.09259259259259	1.84615384615385	46.75	-0.997450790472295	9.06634912678416e-128
chr11	76253100	76257100	Mrm3	45	37	41	64	-1.21621621621622	1.5609756097561	46.75	-0.29931535832003	0.00196321402383996
chr1	156778600	156783000	Ralgps2	63	54	25	44	-1.16666666666667	1.76	46.5	-1.28596289073726	1.32525825736428e-25
chr5	74157100	74163800	Rasl11b	34	21	48	83	-1.61904761904762	1.72916666666667	46.5	-0.674019844776619	1.15462289938231e-05
chr9	65545200	65548600	Plekho2	59	37	31	59	-1.59459459459459	1.90322580645161	46.5	1.10885083978307	3.49725109401978e-141
chr16	95741100	95744900	Ets2	43	32	55	56	-1.34375	1.01818181818182	46.5	-0.183797338462417	0.000262621886194201
chr17	26705400	26711200	Crebrf	47	36	51	52	-1.30555555555556	1.01960784313725	46.5	0.452076073794711	2.66689683141428e-10
chr2	32124200	32134000	Prrc2b	43	46	47	49	1.06976744186047	1.04255319148936	46.25	-0.393548177764704	1.64349460387119e-15
chr4	132944800	132947200	Fam76a	87	54	15	29	-1.61111111111111	1.93333333333333	46.25	-0.0378096913361947	0.572171288252123
chr12	9338400	9342400	Osr1	47	44	36	58	-1.06818181818182	1.61111111111111	46.25	-1.53988928118939	1.37526015809797e-149
chr3	107792700	107794700	Csf1	64	48	28	44	-1.33333333333333	1.57142857142857	46	-0.863718695328682	6.70442738668815e-36
chr1	182025200	182029000	Enah	43	30	36	74	-1.43333333333333	2.05555555555556	45.75	-0.188512992203926	0.00415672373414636
chr2	27826100	27829300	Col5a1	31	37	76	39	1.19354838709677	-1.94871794871795	45.75	0.785565790215337	1.36963084557981e-96
chr18	58441700	58445700	Slc27a6	45	54	40	44	1.2	1.1	45.75	-0.417667457314448	0.543539127566035
chr19	34444900	34446900	Ch25h	43	71	28	40	1.65116279069767	1.42857142857143	45.5	0.259882690367178	0.535274574192369
chr6	72925900	72927900	Kcmf1	66	55	25	35	-1.2	1.4	45.25	0.216283324615736	1.64230862849623e-06
chr6	125455000	125457000	Cd9	33	41	50	57	1.24242424242424	1.14	45.25	0.301792792523388	5.9779293731929e-15
chr7	129743600	129745600	Wdr11	48	72	21	40	1.5	1.9047619047619	45.25	-0.0311346137347136	0.531047940133519
chr13	60408800	60411600	Dapk1	67	50	25	39	-1.34	1.56	45.25	4.21298241231864	0.0218256097098228
chr1	192785000	192788000	Hhat	25	27	67	61	1.08	-1.09836065573771	45	0.519691916167711	1.02492426544626e-11
chr2	110190400	110193800	Bbox1	50	33	53	44	-1.51515151515152	-1.20454545454545	45	NA	NA
chr4	56638000	56640400	Actl7b	56	49	31	44	-1.14285714285714	1.41935483870968	45	NA	NA
chr10	126970800	126973600	Ctdsp2	60	32	47	41	-1.875	-1.14634146341463	45	-0.0456295263414478	0.18320196048585
chr13	99763200	99766800	Cartpt	29	51	40	60	1.75862068965517	1.5	45	-0.0639314283475696	0.970730794031638
chr2	110185800	110189400	Bbox1	49	30	36	64	-1.63333333333333	1.77777777777778	44.75	NA	NA
chr6	47389900	47391900	Cul1	51	66	21	41	1.29411764705882	1.95238095238095	44.75	-0.0153177082155175	0.727305397727793
chr8	84283100	84286300	Ccdc130	63	66	21	29	1.04761904761905	1.38095238095238	44.75	0.380392912490346	0.0290238985925397
chr12	69536800	69539600	Vcpkmt	60	53	38	28	-1.13207547169811	-1.35714285714286	44.75	0.0631369399719975	0.648297009322879
chr2	75756300	75758300	Nfe2l2	54	53	24	47	-1.0188679245283	1.95833333333333	44.5	-0.000853016119851498	0.988853943193187
chr11	61463600	61467000	Rnf112	35	34	47	62	-1.02941176470588	1.31914893617021	44.5	-0.331492141191464	0.928738232125505
chr1	194929200	194931200	Cd34	55	42	32	48	-1.30952380952381	1.5	44.25	-2.67745968754278	9.53659612526562e-271
chr3	55095800	55098400	Spg20	55	66	23	33	1.2	1.43478260869565	44.25	-0.0439160308749754	0.311471822592478
chr3	103716000	103718200	Olfml3	76	59	15	27	-1.28813559322034	1.8	44.25	1.12676298339322	1.97132954597433e-108
chr5	64860200	64863000	Klf3	63	58	24	32	-1.08620689655172	1.33333333333333	44.25	0.662343381567193	4.00844777306077e-31
chr7	139271600	139274400	Pwwp2b	60	33	36	48	-1.81818181818182	1.33333333333333	44.25	0.26192464161194	7.44700476884308e-07
chr17	35807400	35809400	Ier3	69	59	21	28	-1.16949152542373	1.33333333333333	44.25	1.19838806894324	6.3493084401609e-65
chr1	133118200	133121600	Ppp1r15b	57	35	38	46	-1.62857142857143	1.21052631578947	44	0.0541810374011239	0.205596723446406
chr13	32491400	32495300	Gmds	70	44	30	32	-1.59090909090909	1.06666666666667	44	-0.433114017169383	1.43915839234623e-12
chr2	166168000	166171200	Sulf2	29	24	64	58	-1.20833333333333	-1.10344827586207	43.75	-1.34835937686278	1.29446463312084e-78
chr5	104406400	104408600	Spp1	67	57	18	33	-1.17543859649123	1.83333333333333	43.75	1.0921502613241	6.8434685982219e-43
chr10	126141300	126143300	Lrig3	82	56	16	21	-1.46428571428571	1.3125	43.75	-1.26869808397792	2.84693231371608e-92
chr11	120313400	120315800	Actg1	59	33	35	48	-1.78787878787879	1.37142857142857	43.75	-0.512915509970005	2.41192415902441e-94
chr12	112578300	112582200	Inf2	54	41	28	51	-1.31707317073171	1.82142857142857	43.5	0.684441028550913	1.60067860017896e-60
chr4	47150800	47152800	Col15a1	46	53	37	37	1.15217391304348	0	43.25	2.37041771832873	3.90772947315581e-202
chr9	63914400	63918200	Smad6	43	33	56	41	-1.3030303030303	-1.36585365853659	43.25	-0.38168791578053	1.70476074398966e-06
chr4	40868000	40871800	B4galt1	36	37	53	46	1.02777777777778	-1.15217391304348	43	-0.137264718704118	0.000206058265876629
chr19	5814900	5816900	Malat1	53	47	34	38	-1.12765957446809	1.11764705882353	43	0.298987049201841	0.402206591084975
chr19	34264900	34266900	Acta2	60	34	28	49	-1.76470588235294	1.75	42.75	-1.92012179099829	0
chr7	66217000	66220000	Lrrk1	49	44	28	49	-1.11363636363636	1.75	42.5	-0.259117846746901	0.00176086918468919
chr2	19663000	19666800	Otud1	35	25	57	52	-1.4	-1.09615384615385	42.25	0.579790599623395	9.95352171835151e-16
chr9	32546400	32551200	Fli1	47	22	42	58	-2.13636363636364	1.38095238095238	42.25	0.614323135573078	3.50780644131138e-09
chr10	38907300	38909300	Lama4	73	45	21	30	-1.62222222222222	1.42857142857143	42.25	-0.0767670160118717	0.0218066164301604
chr4	40780800	40782800	Smu1	31	51	33	53	1.64516129032258	1.60606060606061	42	0.042394882548254	0.581080053630056
chr9	65532300	65539500	Ankdd1a	48	30	37	53	-1.6	1.43243243243243	42	-0.331489915173708	NA
chr13	48565000	48568700	Ptpdc1	69	53	25	21	-1.30188679245283	-1.19047619047619	42	-0.474685487548513	1.07096035506116e-10
chr6	50662300	50664300	Npvf	61	36	37	33	-1.69444444444444	-1.12121212121212	41.75	-3.19710255278875	0.443111547274316
chr6	145966900	145968900	Sspn	56	38	29	44	-1.47368421052632	1.51724137931034	41.75	-0.437676139725566	4.17449738016532e-32
chr11	94915404	94917404	Col1a1	71	56	24	16	-1.26785714285714	-1.5	41.75	1.60088132945072	2.4029044253503e-126
chr19	34434600	34436600	Ch25h	44	58	31	34	1.31818181818182	1.09677419354839	41.75	0.259882690367178	0.535274574192369
chr5	135258100	135261600	Fzd9	51	55	22	38	1.07843137254902	1.72727272727273	41.5	1.7664638371144	3.72120993919323e-16
chr7	25705400	25708600	Ccdc97	43	46	41	36	1.06976744186047	-1.13888888888889	41.5	0.619392132878933	1.2659206721619e-24
chr9	71834800	71838500	Tcf12	51	39	34	42	-1.30769230769231	1.23529411764706	41.5	-0.156830979046842	6.25917624411103e-10
chr10	88301600	88303600	Dram1	64	36	22	44	-1.77777777777778	2	41.5	-0.179352757476811	0.00111768072892647
chr15	98025400	98029000	Senp1	25	25	48	68	0	1.41666666666667	41.5	-0.508155027409048	1.04388235273508e-17
chr17	46871100	46875100	Bicral	45	32	46	42	-1.40625	-1.0952380952381	41.25	0.085096621925511	0.179065488922415
chr2	154762200	154768216	Raly	34	28	42	60	-1.21428571428571	1.42857142857143	41	-0.555884247480928	2.61790455449507e-103
chr2	167260600	167262600	Ptgis	54	41	29	40	-1.31707317073171	1.37931034482759	41	1.96501786134129	2.39712354826783e-66
chr4	40873100	40875100	B4galt1	42	30	41	51	-1.4	1.24390243902439	41	-0.137264718704118	0.000206058265876629
chr4	47435000	47439700	Alg2	43	51	26	44	1.18604651162791	1.69230769230769	41	-0.0270993421465801	0.642827962703191
chr6	5442100	5444100	Asb4	53	58	31	22	1.09433962264151	-1.40909090909091	41	-2.48543153491861	0.210135805697029
chr10	76652800	76654800	Col6a2	47	46	32	39	-1.02173913043478	1.21875	41	0.110946142050067	0.000173077827805794
chr10	128778200	128780200	Mmp19	55	40	36	33	-1.375	-1.09090909090909	41	-1.07643711301096	6.88537502396833e-24
chr15	102370289	102372289	Sp7	36	49	30	49	1.36111111111111	1.63333333333333	41	1.91953195471887	0
chr17	73008600	73010600	Lbh	47	57	29	31	1.21276595744681	1.06896551724138	41	1.39146718798267	4.41997796190421e-223
chr17	79460800	79462800	Cdc42ep3	36	35	46	47	-1.02857142857143	1.02173913043478	41	1.30428672941616	3.11151772007935e-146
chr1	90650500	90652500	Cops8	48	55	28	32	1.14583333333333	1.14285714285714	40.75	-0.0120734731121197	0.917146487563814
chr2	167262700	167264700	Ptgis	49	55	29	30	1.12244897959184	1.03448275862069	40.75	1.96501786134129	2.39712354826783e-66
chr3	49869000	49872100	Pcdh18	50	46	31	36	-1.08695652173913	1.16129032258065	40.75	-0.414731920930319	4.45891784462571e-13
chr9	67572800	67575200	Tln2	38	50	33	42	1.31578947368421	1.27272727272727	40.75	-1.23564654083848	3.60386327479082e-61
chr8	106399100	106401100	Zfp90	49	40	26	47	-1.225	1.80769230769231	40.5	0.0326681106363987	0.700513309015557
chr12	16873200	16876200	Rock2	42	33	40	47	-1.27272727272727	1.175	40.5	-0.113505062403116	0.00373747247368635
chr1	92774400	92776400	Gpc1	44	41	35	41	-1.07317073170732	1.17142857142857	40.25	1.41058798422311	0
chr1	92814200	92816200	Gpc1	50	61	18	32	1.22	1.77777777777778	40.25	1.41058798422311	0
chr2	27857900	27859900	Col5a1	41	37	47	36	-1.10810810810811	-1.30555555555556	40.25	0.785565790215337	1.36963084557981e-96
chr2	73046200	73048200	Sp3os	60	51	24	26	-1.17647058823529	1.08333333333333	40.25	-0.626090320407586	1.30478421487497e-06
chr6	5446800	5448800	Pdk4	47	40	40	34	-1.175	-1.17647058823529	40.25	-1.362863762341	5.50730661899259e-196
chr6	135350100	135353000	Emp1	43	28	36	54	-1.53571428571429	1.5	40.25	-0.311415474828728	9.20872143058745e-23
chr1	163354900	163356900	Prrx1	54	50	17	39	-1.08	2.29411764705882	40	-0.102306218934829	0.000879645731143782
chr2	26549400	26552800	Egfl7	45	37	34	44	-1.21621621621622	1.29411764705882	40	-2.4357274904217	0.0109506183113611
chr5	33700900	33702900	Fgfr3	35	26	43	56	-1.34615384615385	1.30232558139535	40	0.567429891389502	5.41344403887778e-20
chr9	67012000	67014800	Tpm1	40	28	48	44	-1.42857142857143	-1.09090909090909	40	-1.06692382621358	5.01471379203474e-284
chr12	109435800	109442200	Dlk1	35	12	42	71	-2.91666666666667	1.69047619047619	40	NA	NA
chr3	107784800	107788400	Csf1	45	27	41	46	-1.66666666666667	1.1219512195122	39.75	-0.863718695328682	6.70442738668815e-36
chr8	13505700	13508300	Gas6	43	36	45	35	-1.19444444444444	-1.28571428571429	39.75	-1.37729293039884	2.7040178007886e-280
chr11	93987200	93989400	Spag9	41	43	35	40	1.04878048780488	1.14285714285714	39.75	0.586696774829507	1.04109385040997e-80
chr11	99131400	99135600	Ccr7	34	23	51	51	-1.47826086956522	0	39.75	-0.967588499553983	0.581296948720489
chr15	102377300	102379300	Sp7	60	57	12	30	-1.05263157894737	2.5	39.75	1.91953195471887	0
chr1	186608500	186611400	Tgfb2	56	36	32	34	-1.55555555555556	1.0625	39.5	-0.999533225899599	5.11042191967264e-40
chr5	36722900	36724900	Bloc1s4	38	44	27	49	1.15789473684211	1.81481481481481	39.5	0.0168250279229249	0.887111870835148
chr6	47365400	47368400	Cul1	26	37	42	53	1.42307692307692	1.26190476190476	39.5	-0.0153177082155175	0.727305397727793
chr15	102391800	102396800	Sp1	33	37	38	50	1.12121212121212	1.31578947368421	39.5	0.155186391785457	0.000709803299533709
chr19	53411200	53413200	Smndc1	38	31	39	50	-1.2258064516129	1.28205128205128	39.5	-0.0735577506682673	0.0631092810683185
chr1	92697200	92700200	Otos	24	37	40	56	1.54166666666667	1.4	39.25	2.96053238537423	3.60173470874306e-06
chr1	163128200	163131400	Mroh9	36	47	25	49	1.30555555555556	1.96	39.25	-0.992700927822145	NA
chr2	73036600	73039900	Sp3os	38	27	50	42	-1.40740740740741	-1.19047619047619	39.25	-0.626090320407586	1.30478421487497e-06
chr16	57251100	57253100	Tbc1d23	38	38	32	49	0	1.53125	39.25	0.898288308462128	8.66810722691705e-120
chr2	30705800	30707800	Mir3089	66	40	24	26	-1.65	1.08333333333333	39	NA	NA
chr6	39424919	39431000	Mkrn1	32	35	40	49	1.09375	1.225	39	0.381203297621434	4.78047270677466e-12
chr6	86598600	86601200	Asprv1	27	44	39	46	1.62962962962963	1.17948717948718	39	0.212277586593102	0.871661340945956
chr7	51839400	51841400	Gas2	33	60	25	38	1.81818181818182	1.52	39	-1.65145730669064	1.54928025612779e-73
chr7	141040400	141043600	B4galnt4	42	54	30	30	1.28571428571429	0	39	-0.0118831132069519	0.994605775234095
chr8	77825300	77827300	Ednra	39	44	30	43	1.12820512820513	1.43333333333333	39	-1.53149249899064	7.75728846088426e-143
chr11	32434800	32437900	Ubtd2	41	47	39	29	1.14634146341463	-1.3448275862069	39	-0.242819741082447	1.92184837798832e-05
chr11	70193000	70195000	Slc16a11	45	42	30	39	-1.07142857142857	1.3	39	0.133376203407673	0.925069945247761
chr1	92702900	92704900	Otos	41	50	21	43	1.21951219512195	2.04761904761905	38.75	2.96053238537423	3.60173470874306e-06
chr2	167372300	167374300	B4galt5	46	37	31	41	-1.24324324324324	1.32258064516129	38.75	0.162251771844404	0.00123494386560738
chr6	72091800	72093800	St3gal5	31	39	39	46	1.25806451612903	1.17948717948718	38.75	0.408559587140926	4.62874892803999e-26
chr6	88928600	88931400	Tpra1	38	30	55	32	-1.26666666666667	-1.71875	38.75	0.625762755484571	4.01081831592044e-14
chr8	106928800	106932700	Sntb2	52	43	23	37	-1.2093023255814	1.60869565217391	38.75	-0.878057025248605	8.36657721134574e-102
chr11	3545300	3547300	Smtn	41	47	29	38	1.14634146341463	1.31034482758621	38.75	0.834096211476711	1.37109047412331e-123
chr13	48779300	48781300	Phf2	57	45	21	32	-1.26666666666667	1.52380952380952	38.75	-0.114760670798937	0.00329376685605424
chr17	72954600	72956600	Lbh	38	35	34	48	-1.08571428571429	1.41176470588235	38.75	1.39146718798267	4.41997796190421e-223
chr2	26524600	26527600	Notch1	43	43	32	36	0	1.125	38.5	-0.962268585700756	7.23445136219031e-19
chr5	32402300	32406500	Plb1	31	24	49	50	-1.29166666666667	1.02040816326531	38.5	0.836745833979848	4.91419706391621e-23
chr5	77072400	77076100	Hopx	34	46	37	37	1.35294117647059	0	38.5	0.277975148641016	0.0561021532351139
chr8	126682000	126684600	Irf2bp2	36	30	34	54	-1.2	1.58823529411765	38.5	0.238272754920365	1.03773257979431e-07
chr11	4307900	4309900	Lif	56	43	20	35	-1.30232558139535	1.75	38.5	0.466613015286325	0.0433697504218821
chr11	102642800	102646600	Meioc	38	42	38	36	1.10526315789474	-1.05555555555556	38.5	0.22563454059436	0.85872783201482
chr11	105149392	105155000	Mettl2	20	22	59	53	1.1	-1.11320754716981	38.5	-0.435598937816644	2.29198251294241e-10
chr16	15294100	15296100	Ube2v2	51	46	30	27	-1.10869565217391	-1.11111111111111	38.5	0.193189769909938	0.00840465856608729
chr18	84880800	84893300	Cyb5a	40	32	37	45	-1.25	1.21621621621622	38.5	-0.842727195645752	2.63241207481188e-48
chr6	72472600	72474600	Mat2a	30	41	33	49	1.36666666666667	1.48484848484848	38.25	-0.4636988041175	3.14086694003717e-33
chr6	117270500	117273500	Cxcl12	30	23	36	64	-1.30434782608696	1.77777777777778	38.25	-1.20151763292382	2.41558293569907e-154
chr11	114843800	114845800	Gprc5c	36	43	24	50	1.19444444444444	2.08333333333333	38.25	2.31872076804547	0
chr19	5936900	5938900	Pola2	46	37	31	39	-1.24324324324324	1.25806451612903	38.25	-1.29899529672975	4.94514411063023e-149
chr1	72942200	72947600	Igfbp5	37	34	27	54	-1.08823529411765	2	38	-1.81278608773048	8.9951731659332e-68
chr6	36835700	36837700	Ptn	65	33	23	31	-1.96969696969697	1.34782608695652	38	-1.84938816245552	4.38435162895849e-280
chr7	15931000	15934900	Snord23	27	37	41	47	1.37037037037037	1.14634146341463	38	0.389822682309363	NA
chr19	44310700	44312700	Mir5114	38	27	33	54	-1.40740740740741	1.63636363636364	38	NA	NA
chr2	167823200	167825800	Ptpn1	31	45	40	35	1.45161290322581	-1.14285714285714	37.75	0.260069618017599	0.00183782159170629
chr3	142439200	142443200	Pdlim5	39	28	40	44	-1.39285714285714	1.1	37.75	-0.108014803883903	0.00533069121670308
chr5	146865100	146869200	Rasl11a	43	39	32	37	-1.1025641025641	1.15625	37.75	1.07218069071167	6.74411805767548e-21
chr6	113011400	113014000	Thumpd3	53	40	24	34	-1.325	1.41666666666667	37.75	-0.128007925734664	0.0620113031649175
chr7	145029500	145032500	Ccnd1	47	40	27	37	-1.175	1.37037037037037	37.75	0.394145879239174	2.67746702338897e-43
chr11	79919700	79921700	Utp6	51	37	29	34	-1.37837837837838	1.17241379310345	37.75	-0.255741581078899	4.06385331010499e-10
chr11	101717400	101719400	Dhx8	33	48	21	49	1.45454545454545	2.33333333333333	37.75	0.273275255469073	2.59660647832313e-11
chr1	189715100	189717100	Ptpn14	52	43	26	29	-1.2093023255814	1.11538461538462	37.5	0.21516832165383	1.29109144673516e-07
chr2	131401100	131403100	Rnf24	47	30	30	43	-1.56666666666667	1.43333333333333	37.5	-0.319368871143683	1.16286912021275e-11
chr7	28356600	28359000	Plekhg2	31	32	41	46	1.03225806451613	1.1219512195122	37.5	-0.597880204336129	4.41202289105784e-09
chr11	51875900	51877900	Jade2	38	24	44	44	-1.58333333333333	0	37.5	-1.68112645758034	1.70720970756398e-150
chr11	101841500	101843500	Meox1	48	37	29	36	-1.2972972972973	1.24137931034483	37.5	-1.25404712294608	0.069422355744831
chr12	112575800	112577800	Inf2	55	30	36	29	-1.83333333333333	-1.24137931034483	37.5	0.684441028550913	1.60067860017896e-60
chr17	73012000	73015200	Lbh	28	35	37	50	1.25	1.35135135135135	37.5	1.39146718798267	4.41997796190421e-223
chr5	148631900	148635400	Ubl3	34	14	47	54	-2.42857142857143	1.14893617021277	37.25	0.206844438086053	0.000250516531840179
chr6	146834800	146838200	Smco2	39	31	41	38	-1.25806451612903	-1.07894736842105	37.25	0.38982909723421	NA
chr8	126693500	126695500	Irf2bp2	36	28	29	56	-1.28571428571429	1.93103448275862	37.25	0.238272754920365	1.03773257979431e-07
chr1	90502800	90505800	Cops8	34	20	34	60	-1.7	1.76470588235294	37	-0.0120734731121197	0.917146487563814
chr5	135271100	135273100	Fzd9	48	47	28	25	-1.02127659574468	-1.12	37	1.7664638371144	3.72120993919323e-16
chr3	121552300	121554300	Slc44a3	52	57	11	27	1.09615384615385	2.45454545454545	36.75	0.274126588225483	0.152212220997839
chr7	98671400	98673400	Emsy	41	36	40	30	-1.13888888888889	-1.33333333333333	36.75	-0.0595768778246354	0.545856444094705
chr9	88273300	88275300	Nt5e	44	32	34	37	-1.375	1.08823529411765	36.75	1.76383277396217	0
chr10	37077600	37079600	Marcks	39	33	36	39	-1.18181818181818	1.08333333333333	36.75	-0.997450790472295	9.06634912678416e-128
chr10	77250800	77253000	Pofut2	52	28	29	38	-1.85714285714286	1.31034482758621	36.75	0.789739940404247	1.93115743519727e-88
chr14	20880100	20882100	Plau	43	55	19	30	1.27906976744186	1.57894736842105	36.75	-0.640424297879601	3.13992332644683e-24
chr1	45540800	45542800	Col5a2	52	58	18	18	1.11538461538462	0	36.5	0.824783554554646	2.33965061616104e-86
chr4	41329400	41333400	Dcaf12	35	34	48	29	-1.02941176470588	-1.6551724137931	36.5	0.282993851375721	1.15441119809308e-14
chr8	46868100	46870100	Irf2	59	48	18	21	-1.22916666666667	1.16666666666667	36.5	-0.129304702415767	0.106542779736687
chr8	72294400	72296800	Klf2	36	43	28	39	1.19444444444444	1.39285714285714	36.5	1.58041166353984	9.96495051037497e-107
chr9	62645200	62647800	Itga11	47	35	28	36	-1.34285714285714	1.28571428571429	36.5	0.436488143085456	9.01168258844888e-20
chr10	37240700	37242700	Marcks	52	40	18	36	-1.3	2	36.5	-0.997450790472295	9.06634912678416e-128
chr5	149352600	149355400	Medag	34	32	38	41	-1.0625	1.07894736842105	36.25	-2.25781614717646	1.35349765970306e-58
chr13	34147000	34151900	Psmg4	41	37	28	39	-1.10810810810811	1.39285714285714	36.25	-0.468255260402116	1.7663611605466e-05
chr15	97771400	97774600	Rapgef3	29	22	41	53	-1.31818181818182	1.29268292682927	36.25	-1.27329806088843	1.20494117636884e-13
chr17	14749200	14751200	Thbs2	16	31	42	56	1.9375	1.33333333333333	36.25	-1.01681749693163	3.89398558489675e-164
chr1	72750700	72752700	Rpl37a	27	36	29	52	1.33333333333333	1.79310344827586	36	0.153497051179176	0.0136631308867683
chr3	27858200	27860400	Tmem212	33	60	26	25	1.81818181818182	-1.04	36	2.37566958350516	NA
chr13	56304400	56308400	Cxcl14	39	18	45	42	-2.16666666666667	-1.07142857142857	36	NA	NA
chr19	56702700	56707100	Adrb1	22	31	37	54	1.40909090909091	1.45945945945946	36	NA	NA
chr2	148508300	148511600	Cd93	32	34	37	40	1.0625	1.08108108108108	35.75	0.357588708434236	0.550403875360272
chr3	54476900	54480300	Postn	32	37	32	42	1.15625	1.3125	35.75	-1.40733046794917	3.24478344867476e-237
chr6	149192200	149194600	Amn1	47	39	28	29	-1.20512820512821	1.03571428571429	35.75	0.549465951107934	2.15186745624011e-10
chr11	8673900	8675900	Tns3	36	24	26	57	-1.5	2.19230769230769	35.75	-0.807456019276827	1.364157152241e-83
chr11	20895600	20897600	Lgalsl	44	39	26	34	-1.12820512820513	1.30769230769231	35.75	1.205093164276	8.18772072446842e-148
chr14	31969200	31974000	Galnt15	27	31	42	43	1.14814814814815	1.02380952380952	35.75	0.618355212711372	0.00107295410113951
chr18	4522100	4524100	Jcad	52	41	27	23	-1.26829268292683	-1.17391304347826	35.75	-0.796816081957533	4.7845111459943e-75
chr1	163570100	163572700	Mettl11b	38	35	22	47	-1.08571428571429	2.13636363636364	35.5	NA	NA
chr5	36729900	36733500	Bloc1s4	32	32	47	31	0	-1.51612903225806	35.5	0.0168250279229249	0.887111870835148
chr7	115309600	115311600	Sox6	45	26	27	44	-1.73076923076923	1.62962962962963	35.5	0.163444399729243	0.100450113993667
chr10	76663000	76665000	Col6a2	47	51	17	27	1.08510638297872	1.58823529411765	35.5	0.110946142050067	0.000173077827805794
chr11	8703100	8705100	Tns3	45	26	41	29	-1.73076923076923	-1.41379310344828	35.25	-0.807456019276827	1.364157152241e-83
chr18	5440300	5442300	Zfp438	56	35	21	29	-1.6	1.38095238095238	35.25	-0.0824089740430542	0.607222253488992
chr1	192791200	192793400	Hhat	22	25	42	51	1.13636363636364	1.21428571428571	35	0.519691916167711	1.02492426544626e-11
chr4	55843100	55845100	Klf4	28	35	40	37	1.25	-1.08108108108108	35	2.30426284382789	0
chr6	48578300	48580300	Rarres2	41	43	20	36	1.04878048780488	1.8	35	0.748698618666787	2.43092897674339e-07
chr6	52063300	52065300	Halr1	42	42	22	34	0	1.54545454545455	35	0.734940650087101	0.627745845758079
chr9	63946300	63951000	Smad6	35	34	35	36	-1.02941176470588	1.02857142857143	35	-0.38168791578053	1.70476074398966e-06
chr11	32927830	32929830	Smim23	31	31	38	40	0	1.05263157894737	35	NA	NA
chr18	5413200	5415200	Zfp438	43	44	28	25	1.02325581395349	-1.12	35	-0.0824089740430542	0.607222253488992
chr1	182106600	182109900	Srp9	35	47	27	30	1.34285714285714	1.11111111111111	34.75	0.465969383242558	3.171366930975e-18
chr2	131252400	131256700	Pank2	31	31	39	38	0	-1.02631578947368	34.75	-0.486685492588441	1.37448709994994e-18
chr5	36720600	36722800	D5Ertd579e	37	36	28	38	-1.02777777777778	1.35714285714286	34.75	-0.321312598462845	1.19687196532673e-16
chr6	117218000	117221300	Cxcl12	31	21	53	34	-1.47619047619048	-1.55882352941176	34.75	-1.20151763292382	2.41558293569907e-154
chr10	125946900	125950100	Lrig3	42	30	36	31	-1.4	-1.16129032258065	34.75	-1.26869808397792	2.84693231371608e-92
chr11	12231000	12233200	Cobl	48	42	22	27	-1.14285714285714	1.22727272727273	34.75	-0.800254657189004	1.56661953295363e-48
chr11	59363600	59367000	Prss38	36	20	36	47	-1.8	1.30555555555556	34.75	-0.171515072487649	0.932679807655423
chr12	31217100	31220600	Lamb1	46	40	22	31	-1.15	1.40909090909091	34.75	-2.07443083457203	3.38744399897649e-296
chr2	12064700	12067900	Itga8	18	37	33	50	2.05555555555556	1.51515151515152	34.5	-1.58364854684719	2.30828494651448e-105
chr2	27846800	27849000	Col5a1	32	26	38	42	-1.23076923076923	1.10526315789474	34.5	0.785565790215337	1.36963084557981e-96
chr5	33233600	33236000	Ctbp1	29	24	35	50	-1.20833333333333	1.42857142857143	34.5	0.292618424241637	1.85686221278963e-17
chr10	7076100	7078100	Ipcef1	51	46	16	25	-1.10869565217391	1.5625	34.5	-1.93120182993356	0.287231587565763
chr15	96907600	96909600	Slc38a4	37	44	15	42	1.18918918918919	2.8	34.5	-0.0984775787261647	0.696612009895734
chr16	15113700	15115700	Efcab1	27	26	41	44	-1.03846153846154	1.07317073170732	34.5	-0.499619837264208	0.83893606179593
chr16	33675300	33677300	Heg1	20	32	30	56	1.6	1.86666666666667	34.5	1.04115266390918	8.56719289509064e-138
chr1	191419200	191422800	Ppp2r5a	29	25	45	38	-1.16	-1.18421052631579	34.25	0.229028472340235	3.29245631485029e-10
chr3	147444800	147446800	Ttll7	56	37	15	29	-1.51351351351351	1.93333333333333	34.25	0.843270895264476	1.569319434868e-10
chr2	27863600	27865600	Col5a1	28	29	35	44	1.03571428571429	1.25714285714286	34	0.785565790215337	1.36963084557981e-96
chr3	60408400	60410400	Mbnl1	40	53	18	25	1.325	1.38888888888889	34	0.272409571389914	1.01983616320225e-08
chr4	136148000	136151800	Id3	37	28	28	43	-1.32142857142857	1.53571428571429	34	0.360792980865973	1.75350979437899e-10
chr10	23531800	23533800	Eya4	47	29	32	28	-1.62068965517241	-1.14285714285714	34	-0.950170564293803	5.8076370893015e-83
chr11	102594400	102597000	Fzd2	32	36	22	46	1.125	2.09090909090909	34	-0.755932776473605	4.07838572274918e-62
chr18	58384400	58388200	Slc27a6	38	19	31	48	-2	1.54838709677419	34	-0.417667457314448	0.543539127566035
chr19	10133800	10135800	Fads2	38	23	29	46	-1.65217391304348	1.58620689655172	34	-0.118697830177553	0.00621545467627341
chr1	78015500	78018500	Pax3	43	44	22	26	1.02325581395349	1.18181818181818	33.75	0.40286403011803	3.49340264723707e-12
chr2	26543100	26545100	Notch1	26	27	39	43	1.03846153846154	1.1025641025641	33.75	-0.962268585700756	7.23445136219031e-19
chr2	144239470	144241470	Snx5	33	31	29	42	-1.06451612903226	1.44827586206897	33.75	0.021351390634518	0.578071244575028
chr2	152739600	152742800	Id1	43	19	31	42	-2.26315789473684	1.35483870967742	33.75	-0.700135159992569	2.42754220287974e-06
chr6	136894000	136896000	Mgp	35	31	28	41	-1.12903225806452	1.46428571428571	33.75	-1.79700294741981	9.2975482444734e-248
chr9	110716700	110718700	Ccdc12	35	46	24	30	1.31428571428571	1.25	33.75	0.646629204300007	3.08079270281247e-31
chr11	20854900	20856900	Lgalsl	25	35	28	47	1.4	1.67857142857143	33.75	1.205093164276	8.18772072446842e-148
chr18	36326500	36331300	Cystm1	48	37	24	26	-1.2972972972973	1.08333333333333	33.75	0.781292910776033	0.0110081540652566
chr19	59354800	59364400	Pdzd8	24	34	41	36	1.41666666666667	-1.13888888888889	33.75	-0.365381392538481	6.32093241744109e-28
chr2	34937800	34939800	Traf1	36	36	26	36	0	1.38461538461538	33.5	-1.43647725270252	0.125471770428365
chr2	132042300	132044300	Rassf2	34	39	41	20	1.14705882352941	-2.05	33.5	0.320499025214089	7.12612821261037e-14
chr4	58661700	58665700	Lpar1	17	30	32	55	1.76470588235294	1.71875	33.5	-0.25676702284067	6.56631006522856e-20
chr4	141337500	141339500	Epha2	40	35	28	31	-1.14285714285714	1.10714285714286	33.5	0.258040402682153	4.55990388688582e-06
chr11	69245300	69247300	Gucy2e	40	44	15	35	1.1	2.33333333333333	33.5	2.79018288647199	4.17512670811536e-05
chr1	132150100	132152100	Cdk18	30	20	32	51	-1.5	1.59375	33.25	-0.999252632851737	2.29181700006164e-08
chr5	64377900	64381676	Tbc1d1	31	32	22	48	1.03225806451613	2.18181818181818	33.25	-0.542445339889894	1.70613915754529e-17
chr6	72271000	72275600	Sftpb	22	26	36	49	1.18181818181818	1.36111111111111	33.25	0.38982909723421	NA
chr6	127546300	127549900	Cracr2a	22	21	45	45	-1.04761904761905	0	33.25	0.778352537058931	6.49775044448137e-32
chr6	136671500	136673500	Plbd1	48	38	27	20	-1.26315789473684	-1.35	33.25	1.21691644082171	0.430492868892711
chr11	100973900	100975900	Cavin1	30	43	26	34	1.43333333333333	1.30769230769231	33.25	-0.413022459945338	8.67405797422364e-25
chr17	45225600	45227600	Cdc5l	36	36	34	27	0	-1.25925925925926	33.25	0.00766689920671547	0.867930288997015
chr3	104294000	104296900	Magi3	26	30	26	50	1.15384615384615	1.92307692307692	33	-0.489172500417426	3.83615457413897e-11
chr4	9026100	9030100	Chd7	45	26	26	35	-1.73076923076923	1.34615384615385	33	0.717587049537961	2.5377340253613e-15
chr5	74200000	74203200	Rasl11b	21	35	16	60	1.66666666666667	3.75	33	-0.674019844776619	1.15462289938231e-05
chr6	137464400	137466600	Ptpro	48	30	23	31	-1.6	1.34782608695652	33	3.03218714666896	3.09545965973219e-06
chr10	70418700	70420700	Fam13c	28	32	25	47	1.14285714285714	1.88	33	0.472347230178051	2.67568283591007e-27
chr11	52332500	52334500	Vdac1	42	31	21	38	-1.35483870967742	1.80952380952381	33	-0.379546847453656	3.08435163644699e-49
chr14	46016200	46020500	Ddhd1	33	27	23	49	-1.22222222222222	2.1304347826087	33	0.411914770782263	6.36612628849357e-09
chr17	45193000	45195200	Cdc5l	35	39	22	36	1.11428571428571	1.63636363636364	33	0.00766689920671547	0.867930288997015
chr18	5122500	5126400	Svil	36	41	14	41	1.13888888888889	2.92857142857143	33	-0.309210735377921	2.21098186362489e-10
chr2	27817800	27819800	Col5a1	40	35	27	29	-1.14285714285714	1.07407407407407	32.75	0.785565790215337	1.36963084557981e-96
chr3	27861100	27863100	Tmem212	42	20	34	35	-2.1	1.02941176470588	32.75	2.37566958350516	NA
chr3	145613900	145615900	Znhit6	59	27	20	25	-2.18518518518519	1.25	32.75	0.0535562841175104	0.464328175029774
chr6	70810500	70813700	Rpia	32	24	28	47	-1.33333333333333	1.67857142857143	32.75	0.00703510197260324	0.935950306603626
chr8	35109000	35112600	Tnks	19	38	26	48	2	1.84615384615385	32.75	-0.339415328093705	4.64304461932347e-15
chr10	125936700	125938700	Lrig3	52	33	16	30	-1.57575757575758	1.875	32.75	-1.26869808397792	2.84693231371608e-92
chr11	4301900	4303900	Lif	37	38	29	27	1.02702702702703	-1.07407407407407	32.75	0.466613015286325	0.0433697504218821
chr17	7600300	7602300	Fndc1	37	25	22	47	-1.48	2.13636363636364	32.75	0.663826908673227	3.40343401650945e-09
chr17	43248900	43252800	Adgrf1	17	23	34	57	1.35294117647059	1.67647058823529	32.75	0.925257699868927	0.0708531428553548
chr1	191295400	191297400	Nenf	30	22	30	48	-1.36363636363636	1.6	32.5	-0.131398067442985	0.0129092459508396
chr2	51086400	51091200	Rnd3	26	40	31	33	1.53846153846154	1.06451612903226	32.5	-0.541101499853312	3.30524290208979e-87
chr6	86607200	86610600	Asprv1	22	18	41	49	-1.22222222222222	1.19512195121951	32.5	0.212277586593102	0.871661340945956
chr6	135092400	135094400	Gprc5d	35	37	28	30	1.05714285714286	1.07142857142857	32.5	-0.588781013555855	0.745022634985775
chr8	128024000	128026200	Mir21c	35	34	31	30	-1.02941176470588	-1.03333333333333	32.5	NA	NA
chr10	70056200	70058200	Ccdc6	36	47	18	29	1.30555555555556	1.61111111111111	32.5	0.307896364002361	3.23735462620184e-14
chr11	97301300	97303300	Mrpl45	32	36	33	29	1.125	-1.13793103448276	32.5	0.115297666818926	0.0634584508310379
chr2	181470600	181472600	Zbtb46	30	35	32	32	1.16666666666667	0	32.25	0.31886610530562	0.000258349187018073
chr4	83214500	83216500	Ttc39b	48	28	25	28	-1.71428571428571	1.12	32.25	0.14667248186368	0.0473840041534408
chr6	7778200	7780200	C1galt1	43	31	23	32	-1.38709677419355	1.39130434782609	32.25	0.336039139009955	1.54097257140319e-12
chr8	77771800	77775700	Ednra	31	29	37	32	-1.06896551724138	-1.15625	32.25	-1.53149249899064	7.75728846088426e-143
chr8	77814800	77817200	Ednra	32	43	25	29	1.34375	1.16	32.25	-1.53149249899064	7.75728846088426e-143
chr15	80069500	80073100	Snord83b	40	30	26	33	-1.33333333333333	1.26923076923077	32.25	0.326331884439495	0.847492028084377
chr16	91362000	91364600	Ifnar2	32	16	43	38	-2	-1.13157894736842	32.25	0.122966750863343	0.0274619314947293
chr17	56405600	56408200	Ptprs	30	23	30	46	-1.30434782608696	1.53333333333333	32.25	0.707456166343279	3.52634733919051e-53
chr2	75642300	75644300	Hnrnpa3	38	23	29	38	-1.65217391304348	1.31034482758621	32	-0.241095178436153	2.55506045431681e-13
chr2	148170500	148172500	Foxa2	36	26	25	41	-1.38461538461538	1.64	32	NA	NA
chr4	154909600	154918200	Tnfrsf14	41	25	24	38	-1.64	1.58333333333333	32	-1.13038017486434	5.56055645554461e-08
chr12	76505800	76509000	Plekhg3	30	20	42	36	-1.5	-1.16666666666667	32	0.147576011719682	0.00759316955053264
chr13	73879800	73881800	Nkd2	30	46	19	33	1.53333333333333	1.73684210526316	32	1.82574900933569	1.86576681078265e-12
chr15	38456800	38459000	Mir6951	35	40	19	34	1.14285714285714	1.78947368421053	32	NA	NA
chr16	37742000	37744000	Fstl1	39	41	20	28	1.05128205128205	1.4	32	-1.4333809836778	0
chr1	192788400	192790800	Hhat	44	19	37	27	-2.31578947368421	-1.37037037037037	31.75	0.519691916167711	1.02492426544626e-11
chr2	167267100	167269100	Ptgis	42	35	15	35	-1.2	2.33333333333333	31.75	1.96501786134129	2.39712354826783e-66
chr4	11672000	11674600	Gem	31	27	40	29	-1.14814814814815	-1.37931034482759	31.75	1.23981962138808	0.435201311301062
chr5	108713200	108715200	Fgfrl1	46	19	37	25	-2.42105263157895	-1.48	31.75	-1.11753306686755	7.20273382571263e-58
chr7	98535100	98538800	Lrrc32	28	24	36	39	-1.16666666666667	1.08333333333333	31.75	-0.249486782612261	0.203482250662605
chr8	78001100	78005000	Ttc29	21	20	30	56	-1.05	1.86666666666667	31.75	NA	NA
chr8	128271900	128273900	Mir21c	36	33	28	30	-1.09090909090909	1.07142857142857	31.75	NA	NA
chr10	96721500	96723500	Btg1	27	34	30	36	1.25925925925926	1.2	31.75	0.525204992975019	2.58986101801529e-21
chr13	99836400	99840900	Cartpt	20	36	27	44	1.8	1.62962962962963	31.75	-0.0639314283475696	0.970730794031638
chr15	83215000	83217000	A4galt	60	25	13	29	-2.4	2.23076923076923	31.75	-0.679232442403376	4.20615139592796e-16
chr19	37895700	37897700	Myof	32	34	32	29	1.0625	-1.10344827586207	31.75	-0.204760486051923	0.000286498156098982
chr19	47483900	47487300	Sh3pxd2a	22	29	38	38	1.31818181818182	0	31.75	0.751272305202636	7.01229521318737e-62
chr2	131095600	131098000	Siglec1	50	36	14	26	-1.38888888888889	1.85714285714286	31.5	0.7004527287376	0.170314575005005
chr2	148185600	148187600	Foxa2	26	28	35	37	1.07692307692308	1.05714285714286	31.5	NA	NA
chr2	158166400	158169600	Tgm2	20	24	39	43	1.2	1.1025641025641	31.5	0.902538138434832	4.20112942190194e-27
chr3	107809000	107811000	Csf1	30	24	38	34	-1.25	-1.11764705882353	31.5	-0.863718695328682	6.70442738668815e-36
chr7	35126300	35130100	Cebpa	25	23	28	50	-1.08695652173913	1.78571428571429	31.5	0.244315554119095	0.00198206408577124
chr11	4298400	4300400	Lif	27	24	34	41	-1.125	1.20588235294118	31.5	0.466613015286325	0.0433697504218821
chr13	37459600	37463000	Ly86	26	30	14	56	1.15384615384615	4	31.5	0.38982909723421	NA
chr16	87266900	87268900	N6amt1	40	33	20	33	-1.21212121212121	1.65	31.5	0.0049419923898582	0.939298749473649
chr2	27670200	27672400	Rxra	30	25	41	29	-1.2	-1.41379310344828	31.25	-0.327517877002571	1.92392221752377e-31
chr3	59450500	59452500	Igsf10	37	39	15	34	1.05405405405405	2.26666666666667	31.25	-1.65943069077733	1.08809087489223e-76
chr4	56051200	56053200	Klf4	20	27	36	42	1.35	1.16666666666667	31.25	2.30426284382789	0
chr4	137735500	137737500	Rap1gap	23	43	30	29	1.8695652173913	-1.03448275862069	31.25	1.36729804317019	4.20858311080868e-61
chr10	127969300	127971300	Hsd17b6	39	30	31	25	-1.3	-1.24	31.25	NA	NA
chr11	106929500	106931500	Smurf2	47	38	20	20	-1.23684210526316	0	31.25	0.0622255633534125	0.171139704890173
chr16	33669700	33671700	Heg1	34	35	29	27	1.02941176470588	-1.07407407407407	31.25	1.04115266390918	8.56719289509064e-138
chr17	14599200	14601900	Thbs2	23	21	33	48	-1.0952380952381	1.45454545454545	31.25	-1.01681749693163	3.89398558489675e-164
chr19	34344900	34346900	Fas	30	43	27	25	1.43333333333333	-1.08	31.25	-0.0732954723141463	0.466840016408644
chr3	147457200	147459200	Ttll7	27	49	25	23	1.81481481481481	-1.08695652173913	31	0.843270895264476	1.569319434868e-10
chr4	128979400	128984600	Ak2	26	17	36	45	-1.52941176470588	1.25	31	-0.528111902453613	2.6753066834164e-35
chr10	68557600	68559600	Cabcoco1	33	45	15	31	1.36363636363636	2.06666666666667	31	0.959391764288081	0.641473375597982
chr13	56599600	56602600	Tgfbi	26	19	32	47	-1.36842105263158	1.46875	31	1.01847845679609	3.80707675245791e-55
chr13	99742800	99745800	Cartpt	20	28	26	50	1.4	1.92307692307692	31	-0.0639314283475696	0.970730794031638
chr17	14623700	14625700	Thbs2	37	31	31	25	-1.19354838709677	-1.24	31	-1.01681749693163	3.89398558489675e-164
chr1	153191000	153194800	Lamc2	37	27	29	30	-1.37037037037037	1.03448275862069	30.75	2.76133880643007	2.31299811507574e-23
chr2	13548900	13550900	Trdmt1	38	30	19	36	-1.26666666666667	1.89473684210526	30.75	-0.212152219704458	0.144737779706351
chr2	32502700	32504700	Fam102a	31	33	29	30	1.06451612903226	1.03448275862069	30.75	3.72369521753516	0
chr2	152726800	152730800	Id1	26	29	27	41	1.11538461538462	1.51851851851852	30.75	-0.700135159992569	2.42754220287974e-06
chr4	132515200	132518700	Sesn2	49	32	24	18	-1.53125	-1.33333333333333	30.75	-0.230015020125323	8.80289846333847e-05
chr5	32416200	32418200	Ppp1cb	26	32	26	39	1.23076923076923	1.5	30.75	0.531121781632924	4.5734717195771e-25
chr5	36711300	36713300	D5Ertd579e	43	41	14	25	-1.04878048780488	1.78571428571429	30.75	-0.321312598462845	1.19687196532673e-16
chr5	149330800	149333200	Medag	25	29	39	30	1.16	-1.3	30.75	-2.25781614717646	1.35349765970306e-58
chr8	107819600	107822000	Zfhx3	42	25	26	30	-1.68	1.15384615384615	30.75	-0.568331479033066	1.31276179716601e-14
chr11	32898400	32901000	Smim23	21	17	42	43	-1.23529411764706	1.02380952380952	30.75	NA	NA
chr12	32084200	32087900	Prkar2b	16	31	30	46	1.9375	1.53333333333333	30.75	-1.46062153473799	1.82282329048264e-136
chr17	79727300	79730200	Cyp1b1	35	16	37	35	-2.1875	-1.05714285714286	30.75	-2.04526184390362	1.88466121472775e-216
chr1	82813200	82818167	Agfg1	22	25	34	41	1.13636363636364	1.20588235294118	30.5	-0.282353647987464	1.17762827320157e-14
chr2	45287100	45289100	Zeb2	29	35	26	32	1.20689655172414	1.23076923076923	30.5	0.420901435158553	6.23976182268376e-20
chr2	122227300	122231300	Sord	33	16	43	30	-2.0625	-1.43333333333333	30.5	-0.977269111693621	1.82701452499851e-123
chr2	163594200	163597600	Ttpal	37	20	29	36	-1.85	1.24137931034483	30.5	-0.201325705188898	0.00428618504679612
chr5	138946800	138950200	Pdgfa	17	23	29	53	1.35294117647059	1.82758620689655	30.5	1.5666769263644	0
chr6	100013000	100015000	Rybp	15	26	28	53	1.73333333333333	1.89285714285714	30.5	-0.678012590440618	1.9079867474147e-104
chr11	101359800	101364400	G6pc	37	14	40	31	-2.64285714285714	-1.29032258064516	30.5	0.38982909723421	NA
chr16	85963800	85965800	Adamts5	13	32	40	37	2.46153846153846	-1.08108108108108	30.5	-1.56088667661231	2.80180647842037e-252
chr2	165967400	165969800	Ncoa3	24	22	35	40	-1.09090909090909	1.14285714285714	30.25	0.0488967408115645	0.540825937720229
chr8	106404500	106406500	Zfp90	38	34	24	25	-1.11764705882353	1.04166666666667	30.25	0.0326681106363987	0.700513309015557
chr9	123237300	123240700	Tmem158	24	27	40	30	1.125	-1.33333333333333	30.25	0.632691002304775	0.0916514815983282
chr11	75287600	75289600	Rpa1	25	35	17	44	1.4	2.58823529411765	30.25	-0.89408286348337	2.098057385865e-170
chr2	166162000	166164000	Sulf2	19	23	31	47	1.21052631578947	1.51612903225806	30	-1.34835937686278	1.29446463312084e-78
chr4	40801400	40803400	Smu1	34	18	36	32	-1.88888888888889	-1.125	30	0.042394882548254	0.581080053630056
chr6	117888700	117892700	Hnrnpf	37	26	24	33	-1.42307692307692	1.375	30	-0.0400821342540557	0.276923411207623
chr6	125301600	125303600	Ltbr	32	31	26	31	-1.03225806451613	1.19230769230769	30	0.0305107748968588	0.612903002454526
chr7	80839800	80841800	Iqgap1	28	31	28	33	1.10714285714286	1.17857142857143	30	0.355801442802907	3.58971813586507e-42
chr9	66273900	66277700	Dapk2	42	21	30	27	-2	-1.11111111111111	30	2.42495155282174	5.07158525859009e-09
chr11	101237100	101239100	Ramp2	32	29	32	27	-1.10344827586207	-1.18518518518519	30	-1.14421869753024	4.17541095888575e-14
chr13	13575700	13577700	Lyst	24	23	32	41	-1.04347826086957	1.28125	30	0.0400620014608778	0.845697803412638
chr15	55264300	55268800	Col14a1	31	18	30	41	-1.72222222222222	1.36666666666667	30	0.37913386272837	0.887338229987207
chr19	47492200	47494400	Stn1	20	24	35	41	1.2	1.17142857142857	30	0.208055977534925	0.000115905743331014
chr1	90749400	90751400	Col6a3	45	25	24	25	-1.8	1.04166666666667	29.75	0.00121671320178847	0.987389992156296
chr1	92378400	92380400	Ndufa10	43	20	24	32	-2.15	1.33333333333333	29.75	-0.0204965617034276	0.745288476556717
chr2	83680600	83683600	Zc3h15	24	35	27	33	1.45833333333333	1.22222222222222	29.75	0.0327546630243476	0.566530421082149
chr2	131221600	131228100	Mavs	28	22	39	30	-1.27272727272727	-1.3	29.75	0.0715582746393773	0.118406324520417
chr2	148521600	148523600	Cd93	24	34	32	29	1.41666666666667	-1.10344827586207	29.75	0.357588708434236	0.550403875360272
chr2	157551600	157553600	Blcap	30	24	23	42	-1.25	1.82608695652174	29.75	-0.195347019665968	5.79396742532086e-05
chr6	100218000	100220000	Rybp	23	17	30	49	-1.35294117647059	1.63333333333333	29.75	-0.678012590440618	1.9079867474147e-104
chr7	31082300	31086300	Fxyd3	15	22	36	46	1.46666666666667	1.27777777777778	29.75	-0.0787161321763637	0.971304216052103
chr10	77242300	77244300	Pofut2	25	26	34	34	1.04	0	29.75	0.789739940404247	1.93115743519727e-88
chr12	73788600	73791600	Hif1a	31	24	36	28	-1.29166666666667	-1.28571428571429	29.75	0.30447271582781	1.18237047997409e-19
chr16	34643100	34645100	Ropn1	34	9	38	38	-3.77777777777778	0	29.75	0.38982909723421	NA
chr17	7666500	7668500	Fndc1	26	30	30	33	1.15384615384615	1.1	29.75	0.663826908673227	3.40343401650945e-09
chr17	14182600	14184600	Dact2	29	18	29	43	-1.61111111111111	1.48275862068966	29.75	-2.33795616114374	1.65778631348229e-07
chr17	14591200	14593200	Thbs2	28	30	20	41	1.07142857142857	2.05	29.75	-1.01681749693163	3.89398558489675e-164
chr18	58416100	58418100	Slc27a6	28	26	27	38	-1.07692307692308	1.40740740740741	29.75	-0.417667457314448	0.543539127566035
chr1	59437200	59439200	Fzd7	29	24	27	38	-1.20833333333333	1.40740740740741	29.5	-0.390829953667384	1.09750452246589e-27
chr2	75607300	75611100	Hnrnpa3	23	43	20	32	1.8695652173913	1.6	29.5	-0.241095178436153	2.55506045431681e-13
chr2	144237400	144239400	Snx5	31	25	27	35	-1.24	1.2962962962963	29.5	0.021351390634518	0.578071244575028
chr4	47138200	47140200	Galnt12	21	22	29	46	1.04761904761905	1.58620689655172	29.5	-1.39854770191085	4.07824617654102e-07
chr4	141426000	141428000	Hspb7	47	38	20	13	-1.23684210526316	-1.53846153846154	29.5	3.80873301056683	1.13044123289569e-231
chr5	77124124	77127900	Hopx	28	34	27	29	1.21428571428571	1.07407407407407	29.5	0.277975148641016	0.0561021532351139
chr9	48617300	48619300	Nnmt	62	30	12	14	-2.06666666666667	1.16666666666667	29.5	-0.414167637186699	1.97706772573317e-10
chr11	114883700	114885700	Cd300a	18	25	29	46	1.38888888888889	1.58620689655172	29.5	1.25146060614547	1.81204044922995e-07
chr19	45539400	45543400	Poll	34	27	26	31	-1.25925925925926	1.19230769230769	29.5	0.111992518808616	0.106643390925853
chr1	182398000	182400200	Trp53bp2	35	28	29	25	-1.25	-1.16	29.25	0.119638557548473	0.0697753732862084
chr1	194425300	194427300	Plxna2	32	30	20	35	-1.06666666666667	1.75	29.25	-1.86968490662899	4.2814320565713e-203
chr2	158159400	158163500	Tgm2	28	25	33	31	-1.12	-1.06451612903226	29.25	0.902538138434832	4.20112942190194e-27
chr7	66221800	66223800	Lrrk1	33	41	19	24	1.24242424242424	1.26315789473684	29.25	-0.259117846746901	0.00176086918468919
chr8	11170700	11174500	Col4a1	19	15	39	44	-1.26666666666667	1.12820512820513	29.25	-2.25525465383479	9.31696669018049e-291
chr8	94731600	94735600	Ccl22	30	24	35	28	-1.25	-1.25	29.25	NA	NA
chr10	37433300	37436200	Marcks	38	23	32	24	-1.65217391304348	-1.33333333333333	29.25	-0.997450790472295	9.06634912678416e-128
chr11	75272800	75276000	Rpa1	27	20	20	50	-1.35	2.5	29.25	-0.89408286348337	2.098057385865e-170
chr11	94895900	94897900	Col1a1	25	47	17	28	1.88	1.64705882352941	29.25	1.60088132945072	2.4029044253503e-126
chr11	99138400	99140400	Ccr7	42	27	20	28	-1.55555555555556	1.4	29.25	-0.967588499553983	0.581296948720489
chr12	16319500	16322100	Lpin1	33	24	28	32	-1.375	1.14285714285714	29.25	0.937488654723709	8.00640376580719e-67
chr18	60889300	60891300	Arsi	37	27	33	20	-1.37037037037037	-1.65	29.25	2.08536104275706	0.45235242681792
chr1	163573700	163575700	Mettl11b	24	35	21	36	1.45833333333333	1.71428571428571	29	NA	NA
chr4	81579000	81584000	Mpdz	20	19	38	39	-1.05263157894737	1.02631578947368	29	-0.470359284034011	2.70893106028006e-23
chr6	127871500	127873500	Tspan11	27	28	23	38	1.03703703703704	1.65217391304348	29	0.333894689246723	5.92872421757769e-05
chr7	16760100	16762100	Ap2s1	50	30	16	20	-1.66666666666667	1.25	29	-0.119856316630215	0.0197819113352733
chr11	55432200	55434200	Sparc	34	28	28	26	-1.21428571428571	-1.07692307692308	29	1.74473145987141	6.06887772571402e-213
chr14	65791300	65793300	Pbk	34	24	24	34	-1.41666666666667	1.41666666666667	29	-1.80346062325782	1.29819789202256e-117
chr17	31919000	31921400	Sik1	25	19	27	45	-1.31578947368421	1.66666666666667	29	-1.15117510139816	1.06356687098578e-29
chr1	163199400	163201400	Prrx1	28	25	30	32	-1.12	1.06666666666667	28.75	-0.102306218934829	0.000879645731143782
chr1	191526900	191528900	Dtl	41	29	19	26	-1.41379310344828	1.36842105263158	28.75	-1.88525822549421	3.98966671010087e-256
chr2	12048500	12050500	Itga8	35	41	16	23	1.17142857142857	1.4375	28.75	-1.58364854684719	2.30828494651448e-105
chr5	33224000	33226000	Spon2	14	26	36	39	1.85714285714286	1.08333333333333	28.75	1.86496832462386	8.56812609573636e-187
chr6	34543000	34545400	Cald1	26	29	31	29	1.11538461538462	-1.06896551724138	28.75	-0.909125243415865	2.13794260230618e-208
chr7	89480900	89482900	Prss23	35	25	19	36	-1.4	1.89473684210526	28.75	-1.25100073802028	2.82100386550004e-52
chr11	100153100	100156700	Krt19	35	13	35	32	-2.69230769230769	-1.09375	28.75	-0.302591739759073	NA
chr16	30498500	30500500	Tmem44	42	27	21	25	-1.55555555555556	1.19047619047619	28.75	-0.538834610812419	1.51183688198427e-11
chr18	60904400	60907200	Arsi	37	32	17	29	-1.15625	1.70588235294118	28.75	2.08536104275706	0.45235242681792
chr19	53413800	53415800	Smndc1	28	30	23	34	1.07142857142857	1.47826086956522	28.75	-0.0735577506682673	0.0631092810683185
chr2	27591200	27594500	Wdr5	26	19	25	44	-1.36842105263158	1.76	28.5	-0.261417531505754	2.89297612521157e-13
chr2	66177000	66180600	Galnt3	22	33	23	36	1.5	1.56521739130435	28.5	4.03126208866139	1.89418266859917e-151
chr2	118509600	118512600	Srp14	15	18	39	42	1.2	1.07692307692308	28.5	0.253657086779396	1.28604049886443e-09
chr2	166174700	166176700	Sulf2	30	14	26	44	-2.14285714285714	1.69230769230769	28.5	-1.34835937686278	1.29446463312084e-78
chr5	32191500	32193500	Plb1	37	37	20	20	0	0	28.5	0.836745833979848	4.91419706391621e-23
chr5	140594800	140598400	Lfng	20	15	44	35	-1.33333333333333	-1.25714285714286	28.5	-0.53283522002106	2.79701264309751e-16
chr7	80554000	80557000	Blm	31	28	27	28	-1.10714285714286	1.03703703703704	28.5	-0.827076638120974	4.49650172049053e-09
chr8	92126600	92129800	Crnde	27	21	32	34	-1.28571428571429	1.0625	28.5	-0.123787858315611	0.3626537505391
chr11	8760900	8765700	Tns3	29	24	31	30	-1.20833333333333	-1.03333333333333	28.5	-0.807456019276827	1.364157152241e-83
chr11	63114400	63116400	Pmp22	19	24	33	38	1.26315789473684	1.15151515151515	28.5	-1.55712522034038	1.77228051043964e-228
chr11	115969300	115971300	Itgb4	39	31	17	27	-1.25806451612903	1.58823529411765	28.5	1.52930052882956	8.69510871369675e-08
chr12	9996200	9998200	Nt5c1b	22	42	24	26	1.90909090909091	1.08333333333333	28.5	-1.07701487562337	0.309307829469486
chr12	16045400	16047400	Trib2	17	36	28	33	2.11764705882353	1.17857142857143	28.5	-0.328685940391298	1.03889257721791e-22
chr15	57978600	57981600	Fam83a	19	25	35	35	1.31578947368421	0	28.5	-0.365351325759004	0.745598630248459
chr17	14524200	14526200	Smoc2	27	27	28	32	0	1.14285714285714	28.5	4.91798521464724	2.39006096018042e-26
chr1	74964300	74966300	Ihh	24	32	22	35	1.33333333333333	1.59090909090909	28.25	1.93326184931447	0.00279845404948749
chr1	90903000	90905000	Mlph	22	20	36	35	-1.1	-1.02857142857143	28.25	1.87507305151955	2.37174328718994e-09
chr1	192778200	192780200	Hhat	30	29	26	28	-1.03448275862069	1.07692307692308	28.25	0.519691916167711	1.02492426544626e-11
chr2	27812700	27814700	Col5a1	29	34	25	25	1.17241379310345	0	28.25	0.785565790215337	1.36963084557981e-96
chr3	63182500	63184500	Mme	20	36	26	31	1.8	1.19230769230769	28.25	0.0344682907784807	0.55002480025625
chr6	51832500	51834500	Skap2	25	26	24	38	1.04	1.58333333333333	28.25	0.270124407565895	4.22502236182468e-05
chr6	88916203	88918203	Tpra1	25	29	24	35	1.16	1.45833333333333	28.25	0.625762755484571	4.01081831592044e-14
chr6	91344000	91349600	Wnt7a	24	23	23	43	-1.04347826086957	1.8695652173913	28.25	NA	NA
chr7	51814800	51816800	Gas2	28	38	19	28	1.35714285714286	1.47368421052632	28.25	-1.65145730669064	1.54928025612779e-73
chr10	77440600	77442600	Adarb1	25	25	20	43	0	2.15	28.25	0.380707310162513	1.51095498168101e-06
chr11	101694700	101698400	Arl4d	47	24	21	21	-1.95833333333333	0	28.25	0.832253973456724	4.17076793650605e-25
chr1	163656900	163658900	Mettl11b	18	22	35	37	1.22222222222222	1.05714285714286	28	NA	NA
chr2	165913800	165915800	Zmynd8	31	32	22	27	1.03225806451613	1.22727272727273	28	0.205682115997373	2.44963892063349e-07
chr8	35415400	35418800	Ppp1r3b	15	22	29	46	1.46666666666667	1.58620689655172	28	0.457393506262168	1.67972032699982e-07
chr8	115942200	115944200	Maf	26	16	34	36	-1.625	1.05882352941176	28	-0.133771647111139	0.00835097808824254
chr10	77228200	77232200	Pofut2	20	19	35	38	-1.05263157894737	1.08571428571429	28	0.789739940404247	1.93115743519727e-88
chr11	32940800	32942800	Smim23	38	22	29	23	-1.72727272727273	-1.26086956521739	28	NA	NA
chr11	85922400	85928200	Tbx4	18	22	30	42	1.22222222222222	1.4	28	-0.922141874445448	0.650536526313868
chr11	96876454	96880000	Copz2	11	31	23	47	2.81818181818182	2.04347826086957	28	0.803830320068248	3.29657880520616e-58
chr11	98339400	98343000	Ppp1r1b	38	20	31	23	-1.9	-1.34782608695652	28	0.32884716220312	0.898927043301253
chr12	8855200	8857800	Laptm4a	15	22	33	42	1.46666666666667	1.27272727272727	28	0.200992740546836	2.34283228839516e-08
chr12	8899200	8901600	Laptm4a	30	39	21	22	1.3	1.04761904761905	28	0.200992740546836	2.34283228839516e-08
chr12	32136700	32139500	Pik3cg	27	26	26	33	-1.03846153846154	1.26923076923077	28	NA	NA
chr12	55445600	55448000	Psma6	30	35	18	29	1.16666666666667	1.61111111111111	28	-0.101416471403943	0.029688165837011
chr12	73786300	73788300	Hif1a	29	18	33	32	-1.61111111111111	-1.03125	28	0.30447271582781	1.18237047997409e-19
chr15	77325700	77327700	Rbfox2	33	46	11	22	1.39393939393939	2	28	-0.0827776344847717	0.083093680712319
chr17	46876100	46878100	Tbcc	33	26	20	33	-1.26923076923077	1.65	28	-0.0989943757640281	0.205545444216482
chr2	24415800	24418800	Pax8	18	21	41	31	1.16666666666667	-1.32258064516129	27.75	0.481950222168491	0.717160581293789
chr4	11954300	11956300	Pdp1	21	25	26	39	1.19047619047619	1.5	27.75	-1.04799247462508	8.06780987908616e-113
chr4	149569500	149573600	Clstn1	29	18	33	31	-1.61111111111111	-1.06451612903226	27.75	-0.84375961548215	7.57477928567201e-229
chr5	107027300	107030700	Cdc7	24	12	39	36	-2	-1.08333333333333	27.75	-0.990449397781848	6.27055062094329e-18
chr5	123693600	123695600	Zcchc8	22	26	25	38	1.18181818181818	1.52	27.75	-0.261806307435701	0.000202265470722832
chr9	54786900	54788900	Crabp1	30	22	34	25	-1.36363636363636	-1.36	27.75	NA	NA
chr10	8062700	8064700	Tab2	28	19	21	43	-1.47368421052632	2.04761904761905	27.75	-0.582173635105725	5.87214788951127e-107
chr10	127631000	127634500	Stat6	20	18	35	38	-1.11111111111111	1.08571428571429	27.75	0.301391750072234	1.62914826684878e-10
chr11	12228900	12230900	Cobl	17	25	44	25	1.47058823529412	-1.76	27.75	-0.800254657189004	1.56661953295363e-48
chr11	101790200	101792200	Etv4	31	20	18	42	-1.55	2.33333333333333	27.75	0.522731549443252	0.000292683112844757
chr11	114819200	114821200	Gpr142	20	19	38	34	-1.05263157894737	-1.11764705882353	27.75	2.37680226975603	NA
chr12	8377800	8380400	Hs1bp3	15	20	40	36	1.33333333333333	-1.11111111111111	27.75	0.166162358901838	0.0131349212230948
chr4	133441300	133444300	Slc9a1	27	27	29	27	0	-1.07407407407407	27.5	0.732849571608807	8.25662783940597e-107
chr5	107085300	107088900	Tgfbr3	33	25	32	20	-1.32	-1.6	27.5	-0.941836407905198	9.0211276975913e-49
chr6	30359100	30361100	Zc3hc1	19	30	28	33	1.57894736842105	1.17857142857143	27.5	-0.590588522107129	1.14249075807006e-23
chr7	38110600	38114200	Ccne1	41	22	29	18	-1.86363636363636	-1.61111111111111	27.5	-1.48061459785818	4.85608658907391e-59
chr7	51616500	51618500	Slc17a6	25	42	20	23	1.68	1.15	27.5	0.438935131614231	0.688614158100311
chr8	23467500	23471500	Sfrp1	49	21	19	21	-2.33333333333333	1.10526315789474	27.5	0.966245850827986	0.742519533641734
chr17	85785200	85787200	Six2	37	20	27	26	-1.85	-1.03846153846154	27.5	-1.35694420785847	7.3259044382842e-80
chr3	54558500	54560500	Supt20	27	23	27	32	-1.17391304347826	1.18518518518519	27.25	-0.208735230200458	0.000169593923133116
chr4	56305000	56307000	Actl7b	29	17	29	34	-1.70588235294118	1.17241379310345	27.25	NA	NA
chr4	135297500	135299500	Clic4	31	31	25	22	0	-1.13636363636364	27.25	0.232528901090602	2.79470948331704e-26
chr4	136122400	136124400	Id3	41	32	19	17	-1.28125	-1.11764705882353	27.25	0.360792980865973	1.75350979437899e-10
chr6	42582100	42584100	Tcaf3	44	24	14	27	-1.83333333333333	1.92857142857143	27.25	-1.03774374971744	0.741330074382051
chr9	35371700	35373700	Cdon	30	31	29	19	1.03333333333333	-1.52631578947368	27.25	-1.285677529862	1.47523215151003e-151
chr10	60268700	60270700	Psap	31	24	26	28	-1.29166666666667	1.07692307692308	27.25	0.00886713148913648	0.78462605468317
chr11	89023700	89026900	Trim25	32	19	22	36	-1.68421052631579	1.63636363636364	27.25	-0.377076385445313	2.98325055106114e-17
chr12	86775000	86777000	Lrrc74a	44	29	20	16	-1.51724137931034	-1.25	27.25	NA	NA
chr15	99017400	99019800	Tuba1c	19	30	21	39	1.57894736842105	1.85714285714286	27.25	-0.36172104056149	2.9570209770632e-19
chr17	72996200	72998600	Lbh	19	25	25	40	1.31578947368421	1.6	27.25	1.39146718798267	4.41997796190421e-223
chr18	36492200	36496200	Hbegf	41	14	21	33	-2.92857142857143	1.57142857142857	27.25	-1.95217497662676	2.76533686617767e-40
chr19	42638500	42640500	Loxl4	21	19	22	47	-1.10526315789474	2.13636363636364	27.25	1.93493976306014	3.98484627842539e-168
chr2	35495000	35497400	Ggta1	32	13	32	31	-2.46153846153846	-1.03225806451613	27	-0.386313835746344	1.05864367420813e-10
chr2	167886100	167889500	Ptpn1	31	20	25	32	-1.55	1.28	27	0.260069618017599	0.00183782159170629
chr3	38697200	38699200	Fat4	24	38	20	26	1.58333333333333	1.3	27	-1.25682265476134	5.86578314111951e-68
chr3	148031500	148035800	Adgrl2	27	22	27	32	-1.22727272727273	1.18518518518519	27	-0.837327651478618	2.8034470291173e-115
chr6	114975800	114977800	Vgll4	32	20	29	27	-1.6	-1.07407407407407	27	0.682696029455825	9.71403497231278e-80
chr6	137470200	137472800	Ptpro	34	28	21	25	-1.21428571428571	1.19047619047619	27	3.03218714666896	3.09545965973219e-06
chr7	128552600	128554600	Bag3	42	19	22	25	-2.21052631578947	1.13636363636364	27	-0.00745316223782957	0.876090211451302
chr7	139280100	139282100	Pwwp2b	30	16	30	32	-1.875	1.06666666666667	27	0.26192464161194	7.44700476884308e-07
chr8	92252100	92254100	Crnde	37	26	14	31	-1.42307692307692	2.21428571428571	27	-0.123787858315611	0.3626537505391
chr9	88090900	88092900	Nt5e	41	29	23	15	-1.41379310344828	-1.53333333333333	27	1.76383277396217	0
chr10	76671000	76673000	Col6a1	31	28	15	34	-1.10714285714286	2.26666666666667	27	0.0243090825575088	0.496575825932528
chr11	63168100	63170100	Pmp22	34	22	24	28	-1.54545454545455	1.16666666666667	27	-1.55712522034038	1.77228051043964e-228
chr12	69572900	69576000	Vcpkmt	36	22	27	23	-1.63636363636364	-1.17391304347826	27	0.0631369399719975	0.648297009322879
chr5	122697900	122701800	P2rx4	20	22	31	34	1.1	1.09677419354839	26.75	0.559191539823333	9.30551842517797e-26
chr7	129638500	129640500	Wdr11	21	36	19	31	1.71428571428571	1.63157894736842	26.75	-0.0311346137347136	0.531047940133519
chr10	59284900	59286900	P4ha1	23	22	23	39	-1.04545454545455	1.69565217391304	26.75	0.899675336870626	5.85481488201827e-49
chr11	118371700	118373700	Timp2	25	20	23	39	-1.25	1.69565217391304	26.75	-0.115898307968113	0.00108711975496906
chr15	77902400	77905700	Txn2	37	17	29	24	-2.17647058823529	-1.20833333333333	26.75	-0.0237586329880791	0.606852785666623
chr17	30211700	30213700	Zfand3	30	25	25	27	-1.2	1.08	26.75	0.126164283262706	0.000299933384798508
chr19	36132900	36134900	Ankrd1	35	14	31	27	-2.5	-1.14814814814815	26.75	-3.22524558222638	1.36534162264737e-112
chr1	156963500	156965500	Ralgps2	37	27	25	17	-1.37037037037037	-1.47058823529412	26.5	-1.28596289073726	1.32525825736428e-25
chr5	113034400	113036600	Grk3	25	36	16	29	1.44	1.8125	26.5	-0.414649206403889	0.000220118653272346
chr9	13892000	13894000	Fam76b	17	30	27	32	1.76470588235294	1.18518518518519	26.5	0.191250334198751	0.0178940554423615
chr11	95401800	95403800	Spop	25	28	30	23	1.12	-1.30434782608696	26.5	0.35742362777877	1.94152162815411e-16
chr11	95503100	95505100	Nxph3	26	23	31	26	-1.1304347826087	-1.19230769230769	26.5	0.469087250694157	0.656059181515182
chr14	25775400	25777400	Zcchc24	14	14	28	50	0	1.78571428571429	26.5	-0.137121466545351	5.14255689830418e-05
chr15	77885300	77887300	Txn2	40	17	24	25	-2.35294117647059	1.04166666666667	26.5	-0.0237586329880791	0.606852785666623
chr2	61400700	61402700	Tank	29	32	24	20	1.10344827586207	-1.2	26.25	0.182993411326665	0.000144228242200266
chr4	81563000	81569400	Mpdz	28	16	33	28	-1.75	-1.17857142857143	26.25	-0.470359284034011	2.70893106028006e-23
chr4	136069700	136072700	Rpl11	28	31	19	27	1.10714285714286	1.42105263157895	26.25	0.115461040125318	0.0255097819811462
chr6	72292100	72294100	Sftpb	27	15	20	43	-1.8	2.15	26.25	0.38982909723421	NA
chr9	65541400	65543400	Plekho2	25	26	27	27	1.04	0	26.25	1.10885083978307	3.49725109401978e-141
chr13	37467500	37471500	Ly86	12	26	28	39	2.16666666666667	1.39285714285714	26.25	0.38982909723421	NA
chr13	41669800	41674900	Tmem170b	28	23	30	24	-1.21739130434783	-1.25	26.25	0.164377208147385	0.137197292464055
chr19	5015300	5017300	Slc29a2	16	23	28	38	1.4375	1.35714285714286	26.25	-0.275502508534857	0.148258787340242
chr1	90662200	90664200	Cops8	28	32	11	33	1.14285714285714	3	26	-0.0120734731121197	0.917146487563814
chr1	182094200	182096200	Srp9	38	31	21	14	-1.2258064516129	-1.5	26	0.465969383242558	3.171366930975e-18
chr2	24519500	24523200	Pax8	16	29	33	26	1.8125	-1.26923076923077	26	0.481950222168491	0.717160581293789
chr2	115851300	115854900	Meis2	23	26	29	26	1.1304347826087	-1.11538461538462	26	-1.02674391001666	1.54950294548762e-50
chr2	115856100	115859800	Meis2	30	21	24	29	-1.42857142857143	1.20833333333333	26	-1.02674391001666	1.54950294548762e-50
chr5	122518200	122521800	Atp2a2	17	12	37	38	-1.41666666666667	1.02702702702703	26	-0.260243117993273	5.95224201267956e-19
chr7	67470500	67472500	Lrrc28	34	22	22	26	-1.54545454545455	1.18181818181818	26	0.530080105969495	4.4842915578454e-11
chr7	103860800	103869000	Hbb-y	30	27	25	22	-1.11111111111111	-1.13636363636364	26	NA	NA
chr8	13515400	13517600	Gas6	24	24	26	30	0	1.15384615384615	26	-1.37729293039884	2.7040178007886e-280
chr11	101838400	101840400	Etv4	32	16	31	25	-2	-1.24	26	0.522731549443252	0.000292683112844757
chr11	101920500	101922500	Meox1	24	23	21	36	-1.04347826086957	1.71428571428571	26	-1.25404712294608	0.069422355744831
chr15	77848300	77850300	Myh9	39	20	17	28	-1.95	1.64705882352941	26	-0.388037313823028	1.20247708408553e-56
chr16	25584100	25586100	Trp63	23	25	31	25	1.08695652173913	-1.24	26	-0.965105460956678	1.95311386157068e-51
chr17	14550700	14552700	Thbs2	28	22	28	26	-1.27272727272727	-1.07692307692308	26	-1.01681749693163	3.89398558489675e-164
chr1	163126100	163128100	Mroh9	26	33	13	31	1.26923076923077	2.38461538461538	25.75	-0.992700927822145	NA
chr12	111686400	111688600	Trmt61a	22	22	22	37	0	1.68181818181818	25.75	0.469231555206642	2.56414973904869e-10
chr15	38372600	38375800	Klf10	32	24	23	24	-1.33333333333333	1.04347826086957	25.75	1.47382004499677	1.09916217379868e-104
chr1	92786100	92788100	Gpc1	18	25	26	33	1.38888888888889	1.26923076923077	25.5	1.41058798422311	0
chr2	19646100	19648100	Otud1	26	26	20	30	0	1.5	25.5	0.579790599623395	9.95352171835151e-16
chr2	181485200	181489200	Abhd16b	24	16	29	33	-1.5	1.13793103448276	25.5	0.889769683437078	0.232094236801118
chr4	55540200	55542200	Klf4	19	18	32	33	-1.05555555555556	1.03125	25.5	2.30426284382789	0
chr5	64366600	64368600	Tbc1d1	16	22	26	38	1.375	1.46153846153846	25.5	-0.542445339889894	1.70613915754529e-17
chr10	96719400	96721400	Btg1	36	18	25	23	-2	-1.08695652173913	25.5	0.525204992975019	2.58986101801529e-21
chr11	55377700	55379700	Sparc	29	24	23	26	-1.20833333333333	1.1304347826087	25.5	1.74473145987141	6.06887772571402e-213
chr14	19984400	19989200	Gng2	22	21	24	35	-1.04761904761905	1.45833333333333	25.5	-0.465927338313643	0.756286767791101
chr16	18159900	18161900	Mir6366	21	8	38	35	-2.625	-1.08571428571429	25.5	NA	NA
chr17	87245900	87247900	Mcfd2	22	16	31	33	-1.375	1.06451612903226	25.5	0.183046161264178	3.14653761653993e-07
chr1	186604900	186607800	Tgfb2	23	23	30	25	0	-1.2	25.25	-0.999533225899599	5.11042191967264e-40
chr2	118521800	118523800	Bmf	22	16	24	39	-1.375	1.625	25.25	1.88181876861147	6.68063450269445e-49
chr3	27758200	27760200	Fndc3b	32	21	21	27	-1.52380952380952	1.28571428571429	25.25	0.606091387825558	6.19720782203548e-63
chr3	55599000	55602600	Dclk1	29	26	18	28	-1.11538461538462	1.55555555555556	25.25	-1.29100612593188	1.65632655120559e-142
chr6	136463400	136465400	Atf7ip	28	28	14	31	0	2.21428571428571	25.25	0.377385963947109	8.31685743425978e-13
chr7	80165800	80167800	Sema4b	21	25	21	34	1.19047619047619	1.61904761904762	25.25	0.976968882158861	1.65109836232794e-43
chr9	35522400	35525000	Ddx25	27	13	28	33	-2.07692307692308	1.17857142857143	25.25	2.28590579819661	0.0831059485273985
chr10	93443500	93447500	Lta4h	24	16	39	22	-1.5	-1.77272727272727	25.25	-0.0435266415759994	0.309897248970056
chr11	64954500	64958300	Elac2	11	23	32	35	2.09090909090909	1.09375	25.25	-0.139059908809593	0.00308835014726411
chr12	8845600	8848800	Laptm4a	23	16	18	44	-1.4375	2.44444444444444	25.25	0.200992740546836	2.34283228839516e-08
chr12	85191800	85195600	Pgf	19	18	25	39	-1.05555555555556	1.56	25.25	1.58917503894341	3.18368187804189e-05
chr14	25786600	25788600	Zcchc24	33	21	24	23	-1.57142857142857	-1.04347826086957	25.25	-0.137121466545351	5.14255689830418e-05
chr19	37263200	37265200	Ide	34	27	18	22	-1.25925925925926	1.22222222222222	25.25	-0.0465209014570714	0.418832866650261
chr2	75762300	75764300	Nfe2l2	16	21	32	31	1.3125	-1.03225806451613	25	-0.000853016119851498	0.988853943193187
chr2	163331900	163333900	Tox2	34	12	33	21	-2.83333333333333	-1.57142857142857	25	1.8245880363778	0.442757342077948
chr6	72238900	72240900	Atoh8	17	10	35	38	-1.7	1.08571428571429	25	-1.25252285442499	1.08216344359851e-31
chr7	98328200	98333000	Acer3	25	16	36	23	-1.5625	-1.56521739130435	25	0.119643733965225	0.459148286604837
chr7	139301800	139305300	Pwwp2b	21	25	27	27	1.19047619047619	0	25	0.26192464161194	7.44700476884308e-07
chr8	70361600	70363600	Upf1	25	19	23	33	-1.31578947368421	1.43478260869565	25	-0.227026115681391	2.24976196932656e-08
chr8	92438900	92440900	Irx5	31	16	21	32	-1.9375	1.52380952380952	25	-0.613060904737189	2.50908714376753e-42
chr9	58212800	58216000	Mir6385	24	11	20	45	-2.18181818181818	2.25	25	NA	NA
chr10	69319800	69322900	Cdk1	30	25	19	26	-1.2	1.36842105263158	25	-1.16583239375205	6.94924546526022e-78
chr11	117087367	117089367	Mir6516	21	18	31	30	-1.16666666666667	-1.03333333333333	25	NA	NA
chr13	99936800	99941400	Mccc2	19	18	30	33	-1.05555555555556	1.1	25	-0.695324609657336	1.716978706086e-23
chr15	101980100	101982100	Krt8	38	27	17	18	-1.40740740740741	1.05882352941176	25	1.1111566906836	NA
chr16	10451400	10455600	Tvp23a	26	19	29	26	-1.36842105263158	-1.11538461538462	25	-0.751007727652116	3.1568044598498e-24
chr17	68018700	68020700	Arhgap28	25	17	29	29	-1.47058823529412	0	25	-1.1037890617948	3.47949900948402e-61
chr1	82790100	82793700	Tm4sf20	27	21	18	33	-1.28571428571429	1.83333333333333	24.75	1.68890573354835	0.60915100494693
chr1	91231100	91233100	Ube2f	14	24	22	39	1.71428571428571	1.77272727272727	24.75	0.767397592664193	6.09735526760111e-53
chr2	167838300	167840300	Ptpn1	29	15	32	23	-1.93333333333333	-1.39130434782609	24.75	0.260069618017599	0.00183782159170629
chr4	132622500	132626200	Eya3	31	29	21	18	-1.06896551724138	-1.16666666666667	24.75	-0.176432991902808	0.0607366720119627
chr5	118840700	118842700	Med13l	23	21	36	19	-1.0952380952381	-1.89473684210526	24.75	-0.515232317286961	5.68120284417247e-31
chr8	78021400	78025800	Ttc29	25	20	29	25	-1.25	-1.16	24.75	NA	NA
chr11	32972900	32974900	Smim23	29	6	37	27	-4.83333333333333	-1.37037037037037	24.75	NA	NA
chr11	79286200	79289600	Wsb1	24	20	27	28	-1.2	1.03703703703704	24.75	0.133757639054984	0.0216896673000162
chr11	106956800	106958800	Kpna2	30	26	19	24	-1.15384615384615	1.26315789473684	24.75	-1.03516118158836	4.46952666229053e-113
chr12	55442400	55444400	Psma6	30	24	26	19	-1.25	-1.36842105263158	24.75	-0.101416471403943	0.029688165837011
chr13	48773500	48775500	Phf2	36	23	14	26	-1.56521739130435	1.85714285714286	24.75	-0.114760670798937	0.00329376685605424
chr13	104518100	104520100	Adamts6	34	31	16	18	-1.09677419354839	1.125	24.75	0.0340408327986432	0.837430367164846
chr17	7633400	7635400	Fndc1	24	22	30	23	-1.09090909090909	-1.30434782608696	24.75	0.663826908673227	3.40343401650945e-09
chr17	14606300	14608300	Thbs2	16	17	35	31	1.0625	-1.12903225806452	24.75	-1.01681749693163	3.89398558489675e-164
chr18	5395200	5397200	Zfp438	24	26	24	25	1.08333333333333	1.04166666666667	24.75	-0.0824089740430542	0.607222253488992
chr1	134058800	134060800	Btg2	20	28	22	28	1.4	1.27272727272727	24.5	0.274492185868309	5.26147609866143e-11
chr2	34976100	34981100	Hc	17	16	29	36	-1.0625	1.24137931034483	24.5	-1.98078067295295	NA
chr2	118518800	118521000	Bmf	14	18	25	41	1.28571428571429	1.64	24.5	1.88181876861147	6.68063450269445e-49
chr3	49865800	49868400	Pcdh18	22	33	17	26	1.5	1.52941176470588	24.5	-0.414731920930319	4.45891784462571e-13
chr5	64864600	64866600	Klf3	27	24	20	27	-1.125	1.35	24.5	0.662343381567193	4.00844777306077e-31
chr9	23060200	23063600	Bmper	18	23	23	34	1.27777777777778	1.47826086956522	24.5	3.15070307923307	1.60457217137931e-170
chr10	3695800	3697800	Plekhg1	27	27	20	24	0	1.2	24.5	-0.981991258512434	4.23779146714383e-74
chr10	59309800	59311800	P4ha1	32	14	25	27	-2.28571428571429	1.08	24.5	0.899675336870626	5.85481488201827e-49
chr11	120163700	120168900	Slc38a10	29	20	24	25	-1.45	1.04166666666667	24.5	0.797689553883196	2.50904513658629e-131
chr11	120519600	120521800	Gcgr	38	28	15	17	-1.35714285714286	1.13333333333333	24.5	NA	NA
chr13	56420700	56423800	Slc25a48	35	17	22	24	-2.05882352941176	1.09090909090909	24.5	-1.91360199525666	0.022779161347821
chr16	96090600	96092600	Brwd1	43	20	14	21	-2.15	1.5	24.5	0.291638232429313	7.14706175586851e-08
chr17	26379800	26384200	Neurl1b	19	11	37	31	-1.72727272727273	-1.19354838709677	24.5	-1.53343544881657	1.38740354255073e-22
chr17	28393100	28395100	Fkbp5	36	15	19	28	-2.4	1.47368421052632	24.5	-0.123993469959759	0.0248665832108118
chr18	57981400	57983400	Fbn2	27	29	15	27	1.07407407407407	1.8	24.5	-1.69526344806435	4.10068969015065e-104
chr1	191298600	191300600	Nenf	8	18	36	35	2.25	-1.02857142857143	24.25	-0.131398067442985	0.0129092459508396
chr2	26540000	26542400	Notch1	23	18	25	31	-1.27777777777778	1.24	24.25	-0.962268585700756	7.23445136219031e-19
chr8	41155300	41157300	Mtus1	21	28	22	26	1.33333333333333	1.18181818181818	24.25	1.09910719948345	9.40652353072091e-58
chr11	120292900	120298000	Actg1	18	21	27	31	1.16666666666667	1.14814814814815	24.25	-0.512915509970005	2.41192415902441e-94
chr15	99386500	99388500	Tmbim6	19	21	30	27	1.10526315789474	-1.11111111111111	24.25	-0.23228118354061	2.87670529452561e-12
chr15	102167200	102169200	Csad	18	16	33	30	-1.125	-1.1	24.25	-0.180435280898759	0.00723847356308764
chr16	37682200	37684200	Ndufb4	22	31	15	29	1.40909090909091	1.93333333333333	24.25	0.224473996275422	0.0890600030194027
chr16	87248900	87252000	N6amt1	33	19	21	24	-1.73684210526316	1.14285714285714	24.25	0.0049419923898582	0.939298749473649
chr18	58469700	58471700	Slc27a6	16	21	36	24	1.3125	-1.5	24.25	-0.417667457314448	0.543539127566035
chr1	92754100	92756100	Gpc1	34	19	13	30	-1.78947368421053	2.30769230769231	24	1.41058798422311	0
chr2	170173400	170176200	Zfp217	18	28	21	29	1.55555555555556	1.38095238095238	24	-0.376011106139295	2.44984232261525e-05
chr4	82761900	82763900	Nfib	34	28	10	24	-1.21428571428571	2.4	24	-0.489098611645261	1.07234126069711e-29
chr4	140688000	140690196	Rcc2	28	27	20	21	-1.03703703703704	1.05	24	-0.093712456359142	0.0419243618632075
chr5	32101900	32103900	Babam2	25	17	29	25	-1.47058823529412	-1.16	24	0.0688630080643843	0.333652849154791
chr6	99921400	99923400	Prok2	20	23	21	32	1.15	1.52380952380952	24	1.84382572528156	0.570954451104482
chr7	129771900	129775300	Wdr11	23	24	22	27	1.04347826086957	1.22727272727273	24	-0.0311346137347136	0.531047940133519
chr9	44904700	44906700	Atp5l	34	21	15	26	-1.61904761904762	1.73333333333333	24	0.344611152837897	8.42290818792683e-12
chr9	102655500	102657500	Anapc13	16	17	23	40	1.0625	1.73913043478261	24	0.00769791817940392	0.945964927705001
chr11	95614000	95616000	Ngfr	9	11	48	28	1.22222222222222	-1.71428571428571	24	-1.16274972640648	5.03275399744658e-11
chr15	99888800	99892400	Lima1	29	22	16	29	-1.31818181818182	1.8125	24	-0.325181525518477	6.97596207233657e-27
chr18	60663100	60665100	Synpo	29	23	28	16	-1.26086956521739	-1.75	24	-1.11442495474145	2.53686434993577e-137
chr19	41595300	41598400	Mir8091	13	11	25	47	-1.18181818181818	1.88	24	0.630666113611458	0.593177794288613
chr1	134054400	134057600	Fmod	16	30	14	35	1.875	2.5	23.75	-0.882082261546266	0
chr2	125791400	125793400	Secisbp2l	34	16	18	27	-2.125	1.5	23.75	0.0210418978386988	0.708561340922008
chr2	137435600	137437600	Jag1	10	15	29	41	1.5	1.41379310344828	23.75	-0.987633320368455	1.40400749634633e-24
chr3	27765700	27767700	Fndc3b	36	31	14	14	-1.16129032258065	0	23.75	0.606091387825558	6.19720782203548e-63
chr5	138969200	138971400	Pdgfa	22	13	24	36	-1.69230769230769	1.5	23.75	1.5666769263644	0
chr6	115716300	115719700	Tmem40	28	21	23	23	-1.33333333333333	0	23.75	2.45078916181663	0.366631192237253
chr7	19830000	19832000	Bcl3	32	23	19	21	-1.39130434782609	1.10526315789474	23.75	-0.135872112583294	0.702266213083648
chr8	70681300	70683300	Lsm4	23	25	22	25	1.08695652173913	1.13636363636364	23.75	-0.0754749471716287	0.270914935610141
chr10	61285200	61287200	Prf1	26	17	23	29	-1.52941176470588	1.26086956521739	23.75	1.09862920284403	NA
chr13	112770400	112772600	Plpp1	40	21	13	21	-1.9047619047619	1.61538461538462	23.75	-1.25801995310195	3.46428465682098e-69
chr18	69746000	69748000	Tcf4	25	20	14	36	-1.25	2.57142857142857	23.75	-0.374942462226403	1.62716425721856e-13
chr1	90735500	90737500	Col6a3	24	21	17	32	-1.14285714285714	1.88235294117647	23.5	0.00121671320178847	0.987389992156296
chr2	35479500	35481500	Ggta1	18	12	43	21	-1.5	-2.04761904761905	23.5	-0.386313835746344	1.05864367420813e-10
chr4	56263700	56265700	Actl7b	17	18	33	26	1.05882352941176	-1.26923076923077	23.5	NA	NA
chr4	135655000	135659600	Ifnlr1	21	26	13	34	1.23809523809524	2.61538461538462	23.5	0.395114324276765	0.570197046374358
chr5	107098500	107102300	Tgfbr3	31	19	19	25	-1.63157894736842	1.31578947368421	23.5	-0.941836407905198	9.0211276975913e-49
chr6	87440100	87444900	Bmp10	16	26	27	25	1.625	-1.08	23.5	NA	NA
chr6	112244600	112246600	Lmcd1	25	14	27	28	-1.78571428571429	1.03703703703704	23.5	-0.394356577288989	9.80450841779897e-13
chr8	79561400	79563400	Otud4	19	39	11	25	2.05263157894737	2.27272727272727	23.5	-0.565718128302936	9.57820259489483e-22
chr11	95686100	95690000	Phb	13	22	33	26	1.69230769230769	-1.26923076923077	23.5	0.0355263590911713	0.67538365620749
chr11	116428200	116431000	Ubald2	16	14	29	35	-1.14285714285714	1.20689655172414	23.5	0.015296990322864	0.891033924195511
chr12	69539800	69542800	Vcpkmt	18	14	30	32	-1.28571428571429	1.06666666666667	23.5	0.0631369399719975	0.648297009322879
chr12	100526300	100530000	Ttc7b	17	17	23	37	0	1.60869565217391	23.5	0.646457346437918	1.2698233748431e-22
chr15	11801300	11805100	Npr3	26	18	31	19	-1.44444444444444	-1.63157894736842	23.5	-2.70504822778538	1.57545014649451e-113
chr2	27798300	27800300	Rxra	25	14	25	29	-1.78571428571429	1.16	23.25	-0.327517877002571	1.92392221752377e-31
chr2	27839900	27841900	Col5a1	22	16	30	25	-1.375	-1.2	23.25	0.785565790215337	1.36963084557981e-96
chr2	75635800	75638900	Hnrnpa3	35	27	19	12	-1.2962962962963	-1.58333333333333	23.25	-0.241095178436153	2.55506045431681e-13
chr2	125263300	125265300	Dut	25	21	20	27	-1.19047619047619	1.35	23.25	-1.48209915655633	3.22461896281599e-104
chr5	33029800	33034300	Ywhah	24	23	23	23	-1.04347826086957	0	23.25	-0.384587404345001	9.53454845706929e-28
chr5	35686200	35688200	Htra3	13	17	29	34	1.30769230769231	1.17241379310345	23.25	-0.142424617824747	0.675011544982435
chr6	54757200	54761200	Znrf2	25	11	38	19	-2.27272727272727	-2	23.25	0.236749933206603	0.00212807612226179
chr6	73227800	73229800	Dnah6	21	30	13	29	1.42857142857143	2.23076923076923	23.25	4.13858273539358	0.00569983719918984
chr6	89632300	89635600	Txnrd3	25	18	28	22	-1.38888888888889	-1.27272727272727	23.25	-0.0670253509895033	0.52971579394146
chr6	114988300	114990300	Vgll4	16	11	40	26	-1.45454545454545	-1.53846153846154	23.25	0.682696029455825	9.71403497231278e-80
chr10	111932000	111934000	Krr1	27	18	16	32	-1.5	2	23.25	-0.114241475671449	0.00381809929862917
chr11	84410200	84415400	Aatf	16	19	29	29	1.1875	0	23.25	-0.358975475183532	2.35771737933933e-15
chr15	88838400	88840800	Creld2	19	17	20	37	-1.11764705882353	1.85	23.25	0.184695962348673	0.00411865508726065
chr15	88842800	88844800	Pim3	39	14	18	22	-2.78571428571429	1.22222222222222	23.25	-0.275634984276513	2.3837307784611e-05
chr1	131547900	131549900	Fam72a	16	27	29	20	1.6875	-1.45	23	-0.200452040456504	0.278176966225888
chr2	173377100	173379100	Pmepa1	23	18	25	26	-1.27777777777778	1.04	23	-0.724393903131077	1.24272952147488e-16
chr3	27863200	27865200	Tmem212	26	25	12	29	-1.04	2.41666666666667	23	2.37566958350516	NA
chr5	36737000	36740200	Bloc1s4	28	23	26	15	-1.21739130434783	-1.73333333333333	23	0.0168250279229249	0.887111870835148
chr5	121689700	121691700	Atxn2	32	14	17	29	-2.28571428571429	1.70588235294118	23	-0.137502071535288	0.0594903851689991
chr6	51765600	51769500	Skap2	27	21	17	27	-1.28571428571429	1.58823529411765	23	0.270124407565895	4.22502236182468e-05
chr6	145870100	145872100	Bhlhe41	22	18	25	27	-1.22222222222222	1.08	23	0.417997978104748	0.00153930116687034
chr13	56580400	56585100	Tgfbi	25	24	14	29	-1.04166666666667	2.07142857142857	23	1.01847845679609	3.80707675245791e-55
chr15	97937800	97939800	Tmem106c	21	24	14	33	1.14285714285714	2.35714285714286	23	-0.364817057008234	8.38593044237582e-07
chr19	56773700	56775700	Ccdc186	21	16	15	40	-1.3125	2.66666666666667	23	0.77998813123309	1.67129257789839e-73
chr1	181326800	181334800	Cnih3	18	26	23	24	1.44444444444444	1.04347826086957	22.75	0.389856120805198	NA
chr1	193567700	193569700	Mir205	18	15	25	33	-1.2	1.32	22.75	NA	NA
chr2	167854942	167856942	Ptpn1	18	15	27	31	-1.2	1.14814814814815	22.75	0.260069618017599	0.00183782159170629
chr5	32421300	32423300	Ppp1cb	26	9	26	30	-2.88888888888889	1.15384615384615	22.75	0.531121781632924	4.5734717195771e-25
chr5	138929400	138933300	Pdgfa	14	27	13	37	1.92857142857143	2.84615384615385	22.75	1.5666769263644	0
chr10	93440800	93443400	Mir7688	26	16	18	31	-1.625	1.72222222222222	22.75	NA	NA
chr11	86871600	86875800	Dhx40	23	13	31	24	-1.76923076923077	-1.29166666666667	22.75	0.440773305908894	4.94882257160807e-27
chr11	100951200	100953200	Stat3	20	13	27	31	-1.53846153846154	1.14814814814815	22.75	0.45306203967592	2.96916664360572e-33
chr12	85461500	85463500	Fos	24	27	20	20	1.125	0	22.75	1.02057129711214	1.06929544348005e-20
chr12	111707200	111709200	Bag5	14	30	16	31	2.14285714285714	1.9375	22.75	0.197580348640617	3.02692942937205e-05
chr13	56314700	56316700	Cxcl14	19	9	20	43	-2.11111111111111	2.15	22.75	NA	NA
chr15	8866500	8868500	Ranbp3l	16	31	19	25	1.9375	1.31578947368421	22.75	1.66275951339483	3.85251999547454e-12
chr17	28095700	28100700	Tcp11	21	16	22	32	-1.3125	1.45454545454545	22.75	3.04553662762156	0.000626592995949806
chr17	45609800	45611800	Mymx	21	16	31	23	-1.3125	-1.34782608695652	22.75	NA	NA
chr3	102656800	102658800	Tspan2	21	16	21	32	-1.3125	1.52380952380952	22.5	-0.305348311615345	0.0857484785390346
chr4	106858900	106860900	Ssbp3	27	19	23	21	-1.42105263157895	-1.0952380952381	22.5	-0.861794309401109	1.19562735597278e-99
chr4	114356400	114360300	Trabd2b	13	9	41	27	-1.44444444444444	-1.51851851851852	22.5	-1.3072076036722	8.76833790205727e-47
chr5	33005200	33007800	Ywhah	19	14	27	30	-1.35714285714286	1.11111111111111	22.5	-0.384587404345001	9.53454845706929e-28
chr5	77136276	77138276	Hopx	13	23	24	30	1.76923076923077	1.25	22.5	0.277975148641016	0.0561021532351139
chr6	82029000	82031000	Eva1a	19	9	30	32	-2.11111111111111	1.06666666666667	22.5	0.38982909723421	NA
chr6	82722600	82724600	Pole4	24	18	25	23	-1.33333333333333	-1.08695652173913	22.5	-0.285434690065447	2.39754033838173e-07
chr7	145047000	145049000	Ccnd1	25	22	12	31	-1.13636363636364	2.58333333333333	22.5	0.394145879239174	2.67746702338897e-43
chr11	32340000	32342000	Sh3pxd2b	19	19	30	22	0	-1.36363636363636	22.5	1.03805824866279	5.03633319297122e-88
chr11	121740100	121742100	Metrnl	19	20	22	29	1.05263157894737	1.31818181818182	22.5	2.1715447955074	0
chr12	8803000	8805400	Sdc1	20	21	23	26	1.05	1.1304347826087	22.5	-0.217637233279122	6.72983381487671e-11
chr13	38287700	38291300	Bmp6	10	16	29	35	1.6	1.20689655172414	22.5	1.95613319822633	0.355472387054376
chr13	60439100	60442300	Dapk1	20	18	25	27	-1.11111111111111	1.08	22.5	4.21298241231864	0.0218256097098228
chr15	78512900	78516700	C1qtnf6	16	26	31	17	1.625	-1.82352941176471	22.5	0.912916562290226	6.90734000834545e-75
chr16	37689400	37691800	Ndufb4	26	18	22	24	-1.44444444444444	1.09090909090909	22.5	0.224473996275422	0.0890600030194027
chr17	45249100	45252300	Cdc5l	16	32	17	25	2	1.47058823529412	22.5	0.00766689920671547	0.867930288997015
chr18	5388200	5391800	Zfp438	19	18	20	33	-1.05555555555556	1.65	22.5	-0.0824089740430542	0.607222253488992
chr18	65495200	65498600	Malt1	19	19	22	30	0	1.36363636363636	22.5	-0.45762452138316	9.39191485759727e-05
chr2	12052800	12054800	Itga8	20	16	25	28	-1.25	1.12	22.25	-1.58364854684719	2.30828494651448e-105
chr5	146690800	146694400	Usp12	24	19	22	24	-1.26315789473684	1.09090909090909	22.25	0.168998591871193	0.00050933904953855
chr6	30354500	30356500	Zc3hc1	13	18	36	22	1.38461538461538	-1.63636363636364	22.25	-0.590588522107129	1.14249075807006e-23
chr7	100990000	100992000	P2ry2	22	14	24	29	-1.57142857142857	1.20833333333333	22.25	-0.144839758310884	0.423998743229485
chr8	35193100	35195100	Ppp1r3b	23	26	19	21	1.1304347826087	1.10526315789474	22.25	0.457393506262168	1.67972032699982e-07
chr8	35211300	35213300	Ppp1r3b	23	24	17	25	1.04347826086957	1.47058823529412	22.25	0.457393506262168	1.67972032699982e-07
chr12	21423900	21427400	Ywhaq	18	23	22	26	1.27777777777778	1.18181818181818	22.25	0.344939544154638	3.25666248622618e-24
chr12	98282500	98284500	Gpr65	29	27	18	15	-1.07407407407407	-1.2	22.25	NA	NA
chr14	32824200	32829000	Fam170b	12	15	20	42	1.25	2.1	22.25	-0.331484643445972	NA
chr15	38419800	38421800	Mir6951	16	14	29	30	-1.14285714285714	1.03448275862069	22.25	NA	NA
chr15	93696900	93700800	Prickle1	17	20	12	40	1.17647058823529	3.33333333333333	22.25	0.847430998826894	9.88500264957558e-55
chr17	45358700	45360700	Cdc5l	10	18	22	39	1.8	1.77272727272727	22.25	0.00766689920671547	0.867930288997015
chr18	60679700	60681700	Ndst1	30	22	12	25	-1.36363636363636	2.08333333333333	22.25	-0.119752347630574	0.00640687840504027
chr1	88480800	88484800	Glrp1	17	17	26	28	0	1.07692307692308	22	1.484652056644	8.63253316350979e-10
chr2	17937800	17940800	H2al2a	10	23	14	41	2.3	2.92857142857143	22	NA	NA
chr2	35992500	35995500	Ttll11	13	8	37	30	-1.625	-1.23333333333333	22	-0.478035671864825	0.0790130925558671
chr2	170158800	170160800	Zfp217	13	26	15	34	2	2.26666666666667	22	-0.376011106139295	2.44984232261525e-05
chr5	96992200	96994600	Bmp2k	28	16	21	23	-1.75	1.0952380952381	22	0.519661314817674	1.13786922477173e-60
chr5	112907200	112909200	Myo18b	27	19	27	15	-1.42105263157895	-1.8	22	1.49268688777645	3.60042821562036e-10
chr8	94710600	94712600	Pllp	23	14	19	32	-1.64285714285714	1.68421052631579	22	0.238318413535293	0.859634774899419
chr8	115752900	115754900	Maf	13	22	24	29	1.69230769230769	1.20833333333333	22	-0.133771647111139	0.00835097808824254
chr9	67565200	67567200	Tln2	23	23	17	25	0	1.47058823529412	22	-1.23564654083848	3.60386327479082e-61
chr10	111549700	111551700	Phlda1	17	15	28	28	-1.13333333333333	0	22	0.992342972687071	2.56380221266657e-34
chr12	33972200	33975100	Twist1	25	17	19	27	-1.47058823529412	1.42105263157895	22	-0.250255030016684	6.31006507015216e-05
chr17	45970200	45974600	Vegfa	15	14	35	24	-1.07142857142857	-1.45833333333333	22	0.246001850652403	0.000168390279177146
chr18	5805800	5807800	Zeb1	19	17	20	32	-1.11764705882353	1.6	22	-0.50888431738639	0.00287604016377372
chr1	40170900	40173500	Il1r1	13	20	24	30	1.53846153846154	1.25	21.75	-0.469548344007257	1.02932080071654e-14
chr1	134515600	134517600	Rabif	16	17	25	29	1.0625	1.16	21.75	0.487410218581026	4.39331607699528e-31
chr2	75772100	75774100	Agps	18	21	13	35	1.16666666666667	2.69230769230769	21.75	-0.033223221505228	0.735538993719964
chr2	165904000	165906000	Zmynd8	21	23	15	28	1.0952380952381	1.86666666666667	21.75	0.205682115997373	2.44963892063349e-07
chr3	54419700	54421700	Postn	15	28	19	25	1.86666666666667	1.31578947368421	21.75	-1.40733046794917	3.24478344867476e-237
chr3	81376900	81378900	Pdgfc	17	28	13	29	1.64705882352941	2.23076923076923	21.75	-0.329122427038385	3.41554690743448e-14
chr4	86439000	86441000	Saxo1	22	22	14	29	0	2.07142857142857	21.75	1.13308294601251	NA
chr5	118421600	118423600	Med13l	17	18	27	25	1.05882352941176	-1.08	21.75	-0.515232317286961	5.68120284417247e-31
chr5	135892100	135896100	Hspb1	20	13	23	31	-1.53846153846154	1.34782608695652	21.75	0.855642043372356	0.577574781840982
chr5	146675600	146680600	Usp12	20	15	28	24	-1.33333333333333	-1.16666666666667	21.75	0.168998591871193	0.00050933904953855
chr12	9978000	9980000	Nt5c1b	20	21	21	25	1.05	1.19047619047619	21.75	-1.07701487562337	0.309307829469486
chr12	70627900	70629900	Tmx1	18	15	32	22	-1.2	-1.45454545454545	21.75	0.356776819005803	6.71877876363248e-12
chr13	113621600	113623600	Snx18	16	28	21	22	1.75	1.04761904761905	21.75	-0.668402186115629	4.66315091076998e-53
chr18	5401200	5403200	Zfp438	18	32	18	19	1.77777777777778	1.05555555555556	21.75	-0.0824089740430542	0.607222253488992
chr19	36129400	36131400	Ankrd1	32	21	15	19	-1.52380952380952	1.26666666666667	21.75	-3.22524558222638	1.36534162264737e-112
chr19	36533200	36536800	Hectd2	18	11	30	28	-1.63636363636364	-1.07142857142857	21.75	1.32956927325901	2.10242182176618e-39
chr1	60648000	60651200	Cd28	13	17	20	36	1.30769230769231	1.8	21.5	1.78519651311865	0.0139500100748119
chr2	83672300	83674300	Zc3h15	18	13	31	24	-1.38461538461538	-1.29166666666667	21.5	0.0327546630243476	0.566530421082149
chr7	67502400	67504400	Lrrc28	28	20	12	26	-1.4	2.16666666666667	21.5	0.530080105969495	4.4842915578454e-11
chr7	81197400	81199400	Pde8a	28	19	17	22	-1.47368421052632	1.29411764705882	21.5	0.407208833306541	7.35289089020086e-50
chr7	115408000	115410000	Sox6	25	22	15	24	-1.13636363636364	1.6	21.5	0.163444399729243	0.100450113993667
chr7	127179700	127181700	Cd2bp2	18	25	13	30	1.38888888888889	2.30769230769231	21.5	0.0456301006273817	0.399797323914948
chr11	5508900	5512800	Xbp1	24	15	20	27	-1.6	1.35	21.5	1.32011127952912	4.50939506790641e-244
chr11	87006400	87008400	Ypel2	18	15	22	31	-1.2	1.40909090909091	21.5	0.309554830959532	3.96518630975269e-07
chr11	95246400	95248400	Tac4	17	29	14	26	1.70588235294118	1.85714285714286	21.5	1.96125042705246	0.0885665037790235
chr11	105284900	105286900	Mrc2	12	17	24	33	1.41666666666667	1.375	21.5	-0.216557515990434	0.000158711605760362
chr13	51330900	51334000	S1pr3	19	20	23	24	1.05263157894737	1.04347826086957	21.5	3.56747860232361	0.00551930395365005
chr15	59153400	59155400	Mtss1	21	15	23	27	-1.4	1.17391304347826	21.5	-0.393575043142213	1.36825325603273e-08
chr15	96743000	96745200	Slc38a2	25	22	15	24	-1.13636363636364	1.6	21.5	0.485254417304118	3.38898124384836e-46
chr1	120082900	120084900	Tmem37	28	13	17	27	-2.15384615384615	1.58823529411765	21.25	0.0560841566658964	0.867930288997015
chr2	83713700	83715700	Itgav	29	22	21	13	-1.31818181818182	-1.61538461538462	21.25	-0.436362119495054	1.93556491250066e-41
chr2	102294200	102296200	Trim44	15	13	28	29	-1.15384615384615	1.03571428571429	21.25	-0.0650721585659249	0.0758342269726529
chr2	117570100	117572100	Rasgrp1	11	17	28	29	1.54545454545455	1.03571428571429	21.25	1.45342122745176	0.189324453467158
chr2	153609000	153613900	Commd7	21	12	23	29	-1.75	1.26086956521739	21.25	-0.0959757746984832	0.127655852547559
chr3	145896800	145900600	Bcl10	18	14	23	30	-1.28571428571429	1.30434782608696	21.25	-0.129644807349678	0.010909485866625
chr5	65722800	65726500	Pds5a	37	26	10	12	-1.42307692307692	1.2	21.25	-0.186891866458598	6.192745591476e-06
chr5	103386700	103388700	Ptpn13	17	26	19	23	1.52941176470588	1.21052631578947	21.25	0.482777410390168	7.15817523262916e-40
chr5	122547000	122549800	Ift81	20	17	25	23	-1.17647058823529	-1.08695652173913	21.25	-0.405910344490612	3.6660752726581e-08
chr6	144944000	144947600	Bcat1	23	19	17	26	-1.21052631578947	1.52941176470588	21.25	0.355610107526824	1.03824243667038e-08
chr11	105523300	105527100	Tanc2	17	11	31	26	-1.54545454545455	-1.19230769230769	21.25	0.122859181511957	0.416271890724196
chr13	34675300	34677300	Pxdc1	21	26	17	21	1.23809523809524	1.23529411764706	21.25	1.61240944857355	8.78299177085262e-99
chr15	34045600	34047600	Mtdh	30	14	18	23	-2.14285714285714	1.27777777777778	21.25	0.569421434150883	1.3593798804025e-38
chr16	87246000	87248000	N6amt1	41	27	11	6	-1.51851851851852	-1.83333333333333	21.25	0.0049419923898582	0.939298749473649
chr18	5815400	5817400	Zeb1	18	18	17	32	0	1.88235294117647	21.25	-0.50888431738639	0.00287604016377372
chr1	75337400	75340200	Dnpep	18	13	25	28	-1.38461538461538	1.12	21	0.339630069202908	2.73357519322745e-08
chr1	155121800	155123800	Mr1	28	19	11	26	-1.47368421052632	2.36363636363636	21	0.378812140510748	2.28465546852904e-10
chr2	73048600	73050800	Sp3os	16	31	16	21	1.9375	1.3125	21	-0.626090320407586	1.30478421487497e-06
chr2	84783400	84785800	Serping1	17	16	19	32	-1.0625	1.68421052631579	21	3.11031132001273	0.0144924346394636
chr4	13408200	13412200	Runx1t1	23	19	23	19	-1.21052631578947	-1.21052631578947	21	-1.573953524005	3.34135270650964e-47
chr4	122890400	122892400	Cap1	31	12	17	24	-2.58333333333333	1.41176470588235	21	0.252180674413161	1.62253931344289e-24
chr4	135300500	135302500	Srrm1	24	23	10	27	-1.04347826086957	2.7	21	-0.278927306921345	6.81716504511943e-09
chr6	72260100	72262100	Atoh8	16	14	24	30	-1.14285714285714	1.25	21	-1.25252285442499	1.08216344359851e-31
chr8	70000000	70003300	Gatad2a	24	20	18	22	-1.2	1.22222222222222	21	-0.231753261980007	6.89752694847202e-07
chr9	32560900	32564000	Fli1	18	15	21	30	-1.2	1.42857142857143	21	0.614323135573078	3.50780644131138e-09
chr12	55436800	55441100	Psma6	20	14	29	21	-1.42857142857143	-1.38095238095238	21	-0.101416471403943	0.029688165837011
chr13	83481100	83483100	Mef2c	13	18	19	34	1.38461538461538	1.78947368421053	21	2.37346077753287	0
chr16	29754400	29756400	Opa1	15	17	25	27	1.13333333333333	1.08	21	0.112181828746228	0.0238405712140947
chr17	29730200	29732800	Ccdc167	16	15	28	25	-1.06666666666667	-1.12	21	0.473822533650484	1.22184873424791e-07
chr18	34957700	34959700	Hspa9	19	24	21	20	1.26315789473684	-1.05	21	-0.389108868095122	1.69683335842303e-08
chr19	37346200	37349200	Ide	12	16	25	31	1.33333333333333	1.24	21	-0.0465209014570714	0.418832866650261
chr1	90550800	90554100	Cops8	18	20	15	30	1.11111111111111	2	20.75	-0.0120734731121197	0.917146487563814
chr1	90896100	90898100	Mlph	18	16	19	30	-1.125	1.57894736842105	20.75	1.87507305151955	2.37174328718994e-09
chr1	165587682	165591400	Mpzl1	19	16	24	24	-1.1875	0	20.75	-0.079585574627647	0.0652419594718304
chr1	191852800	191857000	Nek2	23	12	28	20	-1.91666666666667	-1.4	20.75	-1.45557001875164	6.2006604858594e-63
chr2	36223500	36225500	Ptgs1	15	24	23	21	1.6	-1.0952380952381	20.75	2.34440083992688	0
chr2	51904100	51906100	Rbm43	23	23	8	29	0	3.625	20.75	-0.536517806241642	3.93099407110083e-15
chr2	152722700	152726700	Id1	17	15	26	25	-1.13333333333333	-1.04	20.75	-0.700135159992569	2.42754220287974e-06
chr2	166733900	166737100	Prex1	15	17	15	36	1.13333333333333	2.4	20.75	9.67472741884106	1.02012031784276e-99
chr2	168613400	168615800	Nfatc2	16	20	28	19	1.25	-1.47368421052632	20.75	-0.629673329043685	0.00712179622848767
chr3	54489600	54491600	Postn	19	18	22	24	-1.05555555555556	1.09090909090909	20.75	-1.40733046794917	3.24478344867476e-237
chr3	101129000	101131000	Ptgfrn	19	8	25	31	-2.375	1.24	20.75	1.34039195323419	2.25534846783643e-103
chr5	107023800	107026400	Cdc7	14	12	31	26	-1.16666666666667	-1.19230769230769	20.75	-0.990449397781848	6.27055062094329e-18
chr6	137177900	137180700	Rerg	14	21	17	31	1.5	1.82352941176471	20.75	2.08830151061998	1.47538315452229e-176
chr7	36971300	36974800	Tshz3	16	19	19	29	1.1875	1.52631578947368	20.75	-0.0212886765562017	0.835625980215793
chr7	99518500	99520500	Arrb1	16	13	22	32	-1.23076923076923	1.45454545454545	20.75	0.201320653768736	0.0709723824009858
chr9	107304338	107306600	Cish	29	15	23	16	-1.93333333333333	-1.4375	20.75	-0.235030625168335	0.169182083872433
chr9	121674500	121678500	Vipr1	15	21	18	29	1.4	1.61111111111111	20.75	5.53422259689324	8.74147913531083e-07
chr11	21398400	21400800	Ugp2	10	23	28	22	2.3	-1.27272727272727	20.75	-0.204725957774233	5.79589772604314e-08
chr11	101850500	101852500	Meox1	26	16	22	19	-1.625	-1.15789473684211	20.75	-1.25404712294608	0.069422355744831
chr12	32139900	32143300	Pik3cg	27	9	23	24	-3	1.04347826086957	20.75	NA	NA
chr12	33008100	33010100	Sypl	25	23	11	24	-1.08695652173913	2.18181818181818	20.75	0.104998785593878	0.0215491350512609
chr12	73478700	73480700	Tmem30b	16	25	25	17	1.5625	-1.47058823529412	20.75	1.11115666901181	NA
chr13	34682600	34684600	Pxdc1	21	18	23	21	-1.16666666666667	-1.0952380952381	20.75	1.61240944857355	8.78299177085262e-99
chr13	91430600	91432600	Ssbp2	33	26	8	16	-1.26923076923077	2	20.75	-0.724228832748883	1.14805264201224e-23
chr15	83054800	83060500	Nfam1	18	14	19	32	-1.28571428571429	1.68421052631579	20.75	0.751185280633723	0.501530952696562
chr15	98033100	98036200	Senp1	14	6	33	30	-2.33333333333333	-1.1	20.75	-0.508155027409048	1.04388235273508e-17
chr16	37675500	37677500	Ndufb4	31	28	14	10	-1.10714285714286	-1.4	20.75	0.224473996275422	0.0890600030194027
chr1	36456700	36458700	Lman2l	16	12	18	36	-1.33333333333333	2	20.5	0.176600611405039	0.00434064162860326
chr2	32506900	32510800	Fam102a	21	13	25	23	-1.61538461538462	-1.08695652173913	20.5	3.72369521753516	0
chr2	35486200	35488200	Ggta1	15	13	32	22	-1.15384615384615	-1.45454545454545	20.5	-0.386313835746344	1.05864367420813e-10
chr2	75714500	75717700	Nfe2l2	19	16	26	21	-1.1875	-1.23809523809524	20.5	-0.000853016119851498	0.988853943193187
chr4	40798400	40800400	Smu1	17	21	22	22	1.23529411764706	0	20.5	0.042394882548254	0.581080053630056
chr6	34547700	34549700	Cald1	26	12	15	29	-2.16666666666667	1.93333333333333	20.5	-0.909125243415865	2.13794260230618e-208
chr6	37641300	37644900	Akr1d1	19	19	26	18	0	-1.44444444444444	20.5	1.35018710063275	0.646008596668913
chr6	72077500	72079500	St3gal5	17	20	28	17	1.17647058823529	-1.64705882352941	20.5	0.408559587140926	4.62874892803999e-26
chr7	80438200	80440200	Blm	32	16	17	17	-2	0	20.5	-0.827076638120974	4.49650172049053e-09
chr8	35413000	35415000	Ppp1r3b	26	17	19	20	-1.52941176470588	1.05263157894737	20.5	0.457393506262168	1.67972032699982e-07
chr8	107863600	107868200	Zfhx3	10	30	18	24	3	1.33333333333333	20.5	-0.568331479033066	1.31276179716601e-14
chr8	128679300	128681300	Itgb1	18	29	17	18	1.61111111111111	1.05882352941176	20.5	0.136735501724337	4.83727767043452e-09
chr9	78512200	78514400	Eef1a1	15	19	20	28	1.26666666666667	1.4	20.5	0.20087751158551	6.58011913901606e-07
chr10	17527500	17529500	Cited2	25	13	23	21	-1.92307692307692	-1.0952380952381	20.5	-0.915135084496605	2.70272630114653e-42
chr10	103730700	103732700	Slc6a15	7	19	22	34	2.71428571428571	1.54545454545455	20.5	1.87965188871502	0.325473182976836
chr11	95537900	95539900	Nxph3	16	8	24	34	-2	1.41666666666667	20.5	0.469087250694157	0.656059181515182
chr15	77905800	77908600	Txn2	30	18	14	20	-1.66666666666667	1.42857142857143	20.5	-0.0237586329880791	0.606852785666623
chr18	5808100	5810100	Zeb1	22	21	17	22	-1.04761904761905	1.29411764705882	20.5	-0.50888431738639	0.00287604016377372
chr1	60850400	60852400	Ctla4	19	10	23	29	-1.9	1.26086956521739	20.25	NA	NA
chr1	156760200	156763200	Fam20b	13	21	16	31	1.61538461538462	1.9375	20.25	0.0697207775583852	0.0248424638696695
chr2	19702300	19705400	Otud1	9	11	27	34	1.22222222222222	1.25925925925926	20.25	0.579790599623395	9.95352171835151e-16
chr2	102904900	102906900	Cd44	15	19	26	21	1.26666666666667	-1.23809523809524	20.25	-0.723566492446289	2.00329971738511e-145
chr3	55585900	55590800	Dclk1	27	12	21	21	-2.25	0	20.25	-1.29100612593188	1.65632655120559e-142
chr3	103472000	103474000	Syt6	25	22	12	22	-1.13636363636364	1.83333333333333	20.25	3.83263967461758	0.0111778096280546
chr3	107806900	107808900	Csf1	20	14	23	24	-1.42857142857143	1.04347826086957	20.25	-0.863718695328682	6.70442738668815e-36
chr4	150268600	150270600	Rere	29	18	12	22	-1.61111111111111	1.83333333333333	20.25	-0.51445333754356	2.7002561194462e-16
chr5	74146600	74150000	Rasl11b	12	13	23	33	1.08333333333333	1.43478260869565	20.25	-0.674019844776619	1.15462289938231e-05
chr8	35356100	35358100	Ppp1r3b	18	15	13	35	-1.2	2.69230769230769	20.25	0.457393506262168	1.67972032699982e-07
chr8	78740600	78743400	Slc10a7	26	9	25	21	-2.88888888888889	-1.19047619047619	20.25	-0.103344321420958	0.768008708077751
chr8	109470900	109475800	Pmfbp1	12	19	26	24	1.58333333333333	-1.08333333333333	20.25	-0.331491249668706	NA
chr9	35410400	35414300	Cdon	14	19	32	16	1.35714285714286	-2	20.25	-1.285677529862	1.47523215151003e-151
chr9	57971900	57973900	Cyp11a1	26	8	19	28	-3.25	1.47368421052632	20.25	1.73495244925673	0.331107305266933
chr11	8680300	8682300	Tns3	18	16	14	33	-1.125	2.35714285714286	20.25	-0.807456019276827	1.364157152241e-83
chr11	11922400	11924400	Grb10	21	17	26	17	-1.23529411764706	-1.52941176470588	20.25	-0.474013252860973	4.35128691996561e-79
chr15	36959400	36961400	Zfp706	23	21	18	19	-1.0952380952381	1.05555555555556	20.25	-0.489034283854612	2.83973529382434e-08
chr19	10173300	10175300	Fads1	12	23	28	18	1.91666666666667	-1.55555555555556	20.25	-0.142373923740728	2.16438135971732e-06
chr1	90979800	90981800	Rab17	13	21	25	21	1.61538461538462	-1.19047619047619	20	2.39461735654896	0.278257008543374
chr2	69128400	69130400	Nostrin	16	23	14	27	1.4375	1.92857142857143	20	0.995218187476757	4.04982700968004e-17
chr2	93131500	93133500	Trp53i11	21	10	19	30	-2.1	1.57894736842105	20	1.66298267553567	0.602143888214198
chr3	121735500	121737500	F3	17	25	16	22	1.47058823529412	1.375	20	-0.677562387781931	5.80661109757066e-30
chr4	106824800	106827800	Acot11	31	19	17	13	-1.63157894736842	-1.30769230769231	20	1.49960853984382	3.0537183722384e-77
chr5	36725800	36727800	Bloc1s4	13	17	23	27	1.30769230769231	1.17391304347826	20	0.0168250279229249	0.887111870835148
chr7	144958000	144960000	Ccnd1	11	22	29	18	2	-1.61111111111111	20	0.394145879239174	2.67746702338897e-43
chr9	67019400	67021800	Tpm1	19	12	28	21	-1.58333333333333	-1.33333333333333	20	-1.06692382621358	5.01471379203474e-284
chr9	123466800	123469600	Limd1	18	14	31	17	-1.28571428571429	-1.82352941176471	20	1.00516163192804	1.17258695708145e-88
chr10	77449500	77451500	Adarb1	14	11	24	31	-1.27272727272727	1.29166666666667	20	0.380707310162513	1.51095498168101e-06
chr11	8715000	8718300	Tns3	14	20	25	21	1.42857142857143	-1.19047619047619	20	-0.807456019276827	1.364157152241e-83
chr11	76896200	76898600	Tmigd1	11	14	27	28	1.27272727272727	1.03703703703704	20	1.11116986148538	NA
chr11	79700700	79702700	Mir193a	19	28	15	18	1.47368421052632	1.2	20	NA	NA
chr12	8797200	8800400	Sdc1	6	20	26	28	3.33333333333333	1.07692307692308	20	-0.217637233279122	6.72983381487671e-11
chr16	90543900	90545900	Hunk	11	13	23	33	1.18181818181818	1.43478260869565	20	-1.61294536052295	6.24095021605075e-137
chr17	79372300	79374300	Cdc42ep3	24	9	21	26	-2.66666666666667	1.23809523809524	20	1.30428672941616	3.11151772007935e-146
chr18	56686400	56689600	Lmnb1	9	21	18	32	2.33333333333333	1.77777777777778	20	-1.81941390321606	6.01925473968723e-272
chr1	119387700	119392200	Inhbb	18	16	24	21	-1.125	-1.14285714285714	19.75	-0.275589090263436	0.0325869848277501
chr2	170151200	170153200	Zfp217	29	23	10	17	-1.26086956521739	1.7	19.75	-0.376011106139295	2.44984232261525e-05
chr3	97310800	97313500	Bcl9	23	10	22	24	-2.3	1.09090909090909	19.75	-0.420543648431498	7.75513277363071e-08
chr4	53798700	53800700	Tal2	4	28	16	31	7	1.9375	19.75	0.859430126433289	0.322460282291871
chr4	56237700	56239700	Actl7b	13	23	15	28	1.76923076923077	1.86666666666667	19.75	NA	NA
chr6	85162400	85167400	Emx1	27	17	22	13	-1.58823529411765	-1.69230769230769	19.75	-0.301207968704774	NA
chr7	145288800	145290800	Tpcn2	14	19	19	27	1.35714285714286	1.42105263157895	19.75	0.197631232263324	0.0115452897483027
chr10	93909400	93913400	Metap2	12	20	21	26	1.66666666666667	1.23809523809524	19.75	0.123883091536215	0.0133178910089726
chr11	102334400	102336400	Ubtf	19	18	16	26	-1.05555555555556	1.625	19.75	-0.23600485050845	1.85748588103295e-15
chr13	54255200	54259100	Hrh2	28	9	20	22	-3.11111111111111	1.1	19.75	-1.820301337115	0.127714610455918
chr13	99669200	99672200	Map1b	11	23	23	22	2.09090909090909	-1.04545454545455	19.75	0.79161538522306	3.05500299256542e-102
chr15	74966500	74968500	Ly6e	25	28	9	17	1.12	1.88888888888889	19.75	-0.787043915970093	1.68583087509011e-65
chr15	96969600	96971600	Slc38a4	20	23	17	19	1.15	1.11764705882353	19.75	-0.0984775787261647	0.696612009895734
chr17	74879000	74881600	Ttc27	28	8	24	19	-3.5	-1.26315789473684	19.75	-0.159669807526156	0.00971917563975725
chr18	61609000	61611000	Bvht	33	17	11	18	-1.94117647058824	1.63636363636364	19.75	-0.306905209201132	0.108597281595826
chr1	157447900	157451800	Cryzl2	24	17	11	26	-1.41176470588235	2.36363636363636	19.5	0.841231734425223	0.0459080876470798
chr2	27644200	27646200	Rxra	10	14	25	29	1.4	1.16	19.5	-0.327517877002571	1.92392221752377e-31
chr2	122575200	122577200	Gatm	23	15	22	18	-1.53333333333333	-1.22222222222222	19.5	-1.99451983368004	1.5011629414292e-11
chr3	102669400	102671400	Tspan2	19	15	19	25	-1.26666666666667	1.31578947368421	19.5	-0.305348311615345	0.0857484785390346
chr4	41053900	41057600	Aqp7	14	16	31	17	1.14285714285714	-1.82352941176471	19.5	-0.276000325570376	0.684827301889204
chr5	64356000	64358000	Tbc1d1	21	20	17	20	-1.05	1.17647058823529	19.5	-0.542445339889894	1.70613915754529e-17
chr7	125518600	125524700	Nsmce1	24	16	23	15	-1.5	-1.53333333333333	19.5	-0.443694336968162	4.16681852968446e-12
chr7	145039600	145041600	Ccnd1	14	20	14	30	1.42857142857143	2.14285714285714	19.5	0.394145879239174	2.67746702338897e-43
chr8	127913800	127916800	Pard3	17	9	27	25	-1.88888888888889	-1.08	19.5	-0.371557221918267	3.86316908969017e-20
chr9	96757800	96759800	Zbtb38	29	29	6	14	0	2.33333333333333	19.5	0.116501775168724	0.0828597344656467
chr11	120316600	120318600	Actg1	37	25	4	12	-1.48	3	19.5	-0.512915509970005	2.41192415902441e-94
chr12	109838600	109840800	Mirg	13	13	26	26	0	0	19.5	0.782216034824834	0.560117040999046
chr13	48782000	48784000	Phf2	18	20	17	23	1.11111111111111	1.35294117647059	19.5	-0.114760670798937	0.00329376685605424
chr13	82891900	82893900	Mir3961	19	22	25	12	1.15789473684211	-2.08333333333333	19.5	NA	NA
chr16	15259000	15261000	Ube2v2	13	18	28	19	1.38461538461538	-1.47368421052632	19.5	0.193189769909938	0.00840465856608729
chr17	35542400	35544400	Cdsn	17	20	21	20	1.17647058823529	-1.05	19.5	-1.00905112092833	7.86786939244171e-08
chr17	56486900	56488900	Ptprs	23	29	10	16	1.26086956521739	1.6	19.5	0.707456166343279	3.52634733919051e-53
chr1	92375600	92377600	Ndufa10	22	10	14	31	-2.2	2.21428571428571	19.25	-0.0204965617034276	0.745288476556717
chr1	125662100	125664100	Gpr39	21	15	12	29	-1.4	2.41666666666667	19.25	-1.63139063727524	NA
chr2	26034800	26039400	Ubac1	25	19	22	11	-1.31578947368421	-2	19.25	-0.373360612018807	1.06894888721421e-16
chr2	32463700	32465700	Slc25a25	22	15	18	22	-1.46666666666667	1.22222222222222	19.25	0.797083416729649	3.04447498376997e-38
chr4	33585500	33590300	Mir8118	29	14	17	17	-2.07142857142857	0	19.25	NA	NA
chr4	118330700	118332700	Hyi	15	17	22	23	1.13333333333333	1.04545454545455	19.25	-0.952143866899671	9.63820108227139e-18
chr6	37861800	37865200	Trim24	15	11	25	26	-1.36363636363636	1.04	19.25	0.111224783516865	0.0133995653572201
chr6	97275400	97280300	Lmod3	13	11	27	26	-1.18181818181818	-1.03846153846154	19.25	3.20437508004656	0.00270958124068804
chr6	117806700	117808700	Zfp637	24	9	19	25	-2.66666666666667	1.31578947368421	19.25	0.123942869041074	0.0444390364375869
chr7	34594800	34597800	Kctd15	25	14	15	23	-1.78571428571429	1.53333333333333	19.25	0.431440829344058	5.76244734643741e-18
chr9	72753100	72755100	Nedd4	21	10	17	29	-2.1	1.70588235294118	19.25	-0.344552050221075	1.44986798022624e-90
chr11	78433300	78437000	Slc13a2	16	15	23	23	-1.06666666666667	0	19.25	1.11116310560845	NA
chr11	78886100	78888100	Nos2	21	17	21	18	-1.23529411764706	-1.16666666666667	19.25	2.52310398915186	0.0392457260440426
chr11	99135800	99137800	Ccr7	8	23	21	25	2.875	1.19047619047619	19.25	-0.967588499553983	0.581296948720489
chr11	100163300	100166300	Krt19	19	12	28	18	-1.58333333333333	-1.55555555555556	19.25	-0.302591739759073	NA
chr12	86871300	86873300	Irf2bpl	22	20	15	20	-1.1	1.33333333333333	19.25	-0.313831264871997	8.24799706973644e-06
chr13	97422300	97424300	Lncenc1	14	19	20	24	1.35714285714286	1.2	19.25	-0.306833703727927	NA
chr17	26360200	26365200	Neurl1b	14	17	26	20	1.21428571428571	-1.3	19.25	-1.53343544881657	1.38740354255073e-22
chr2	84831100	84833100	Timm10	17	18	16	25	1.05882352941176	1.5625	19	-0.0945355583620886	0.326263330142175
chr2	167382800	167384800	B4galt5	30	19	9	18	-1.57894736842105	2	19	0.162251771844404	0.00123494386560738
chr3	127847900	127852400	Ap1ar	11	15	22	28	1.36363636363636	1.27272727272727	19	-0.353635977818148	1.90323752139536e-09
chr4	126277700	126279700	Col8a2	13	20	20	23	1.53846153846154	1.15	19	-0.694169602388111	1.21545267646144e-74
chr5	30994400	30996400	Tcf23	18	12	18	28	-1.5	1.55555555555556	19	4.00613883356088	4.11160713600389e-93
chr7	19931500	19934700	Igsf23	19	11	24	22	-1.72727272727273	-1.09090909090909	19	-1.5835723304727	0.402491715898808
chr11	94225400	94227400	Tob1	25	20	6	25	-1.25	4.16666666666667	19	0.652541178644493	7.65108906991264e-62
chr11	117173300	117176600	Sec14l1	20	11	24	21	-1.81818181818182	-1.14285714285714	19	0.220198569590226	1.22184873424791e-07
chr11	119513400	119517600	Endov	29	17	7	23	-1.70588235294118	3.28571428571429	19	0.0798350737415762	0.212532614463468
chr12	30159700	30161700	Tpo	29	18	13	16	-1.61111111111111	1.23076923076923	19	-2.42672299007488	NA
chr13	49178100	49180100	Ninj1	20	15	17	24	-1.33333333333333	1.41176470588235	19	0.152921371699042	0.0482882070837339
chr13	51324200	51326200	S1pr3	21	11	29	15	-1.90909090909091	-1.93333333333333	19	3.56747860232361	0.00551930395365005
chr13	64400600	64403400	Cdk20	18	10	27	21	-1.8	-1.28571428571429	19	-0.126434217554548	0.582134138609367
chr14	32072500	32074500	Dph3	13	15	29	19	1.15384615384615	-1.52631578947368	19	0.355501496275255	0.000497105993443576
chr15	93609700	93611700	Prickle1	14	27	10	25	1.92857142857143	2.5	19	0.847430998826894	9.88500264957558e-55
chr15	103382200	103385000	Itga5	16	8	21	31	-2	1.47619047619048	19	0.0398862232685267	0.29271251665637
chr17	14720100	14722100	Thbs2	17	20	19	20	1.17647058823529	1.05263157894737	19	-1.01681749693163	3.89398558489675e-164
chr17	29793600	29797200	Mdga1	12	17	22	25	1.41666666666667	1.13636363636364	19	0.837239247108751	9.65709101104846e-24
chr17	45168700	45170700	Cdc5l	15	16	12	33	1.06666666666667	2.75	19	0.00766689920671547	0.867930288997015
chr1	40178600	40180600	Il1r1	21	8	27	19	-2.625	-1.42105263157895	18.75	-0.469548344007257	1.02932080071654e-14
chr2	7525800	7527800	Celf2	13	12	26	24	-1.08333333333333	-1.08333333333333	18.75	-1.75861036609131	3.31912842316134e-17
chr2	92844200	92846200	Syt13	14	9	26	26	-1.55555555555556	0	18.75	-2.65980144691003	1.6318218797281e-12
chr2	170205500	170207500	Zfp217	22	18	12	23	-1.22222222222222	1.91666666666667	18.75	-0.376011106139295	2.44984232261525e-05
chr5	123827100	123829100	Kntc1	31	11	18	15	-2.81818181818182	-1.2	18.75	-1.86341938512967	1.52374717418089e-64
chr5	134351800	134353800	Gtf2ird1	19	15	11	30	-1.26666666666667	2.72727272727273	18.75	0.644660783830875	1.1769692382973e-19
chr7	38211300	38213300	Plekhf1	17	15	25	18	-1.13333333333333	-1.38888888888889	18.75	-0.12662584174051	0.047014607158808
chr7	112203800	112205800	Mical2	16	6	28	25	-2.66666666666667	-1.12	18.75	0.662451413855204	8.42925122283863e-42
chr8	35358500	35360500	Ppp1r3b	23	9	21	22	-2.55555555555556	1.04761904761905	18.75	0.457393506262168	1.67972032699982e-07
chr9	62615200	62617200	Itga11	20	15	18	22	-1.33333333333333	1.22222222222222	18.75	0.436488143085456	9.01168258844888e-20
chr11	51938100	51940100	Cdkn2aipnl	21	10	18	26	-2.1	1.44444444444444	18.75	-0.42547041243728	1.39060672899618e-15
chr11	95610100	95612100	Ngfr	11	21	13	30	1.90909090909091	2.30769230769231	18.75	-1.16274972640648	5.03275399744658e-11
chr11	96017200	96019200	Gip	27	12	19	17	-2.25	-1.11764705882353	18.75	NA	NA
chr11	108885100	108887100	Axin2	15	15	28	17	0	-1.64705882352941	18.75	0.220307427410199	0.0145086591481422
chr14	69821600	69825300	Pebp4	27	12	18	18	-2.25	0	18.75	0.389843925471921	NA
chr15	97088700	97090700	Slc38a4	17	16	21	21	-1.0625	0	18.75	-0.0984775787261647	0.696612009895734
chr16	37752400	37755200	Fstl1	25	13	20	17	-1.92307692307692	-1.17647058823529	18.75	-1.4333809836778	0
chr17	79458700	79460700	Cdc42ep3	14	14	26	21	0	-1.23809523809524	18.75	1.30428672941616	3.11151772007935e-146
chr19	5821203	5823203	Malat1	25	13	18	19	-1.92307692307692	1.05555555555556	18.75	0.298987049201841	0.402206591084975
chr19	17320400	17322600	Gcnt1	17	15	19	24	-1.13333333333333	1.26315789473684	18.75	0.435667366606323	3.1923495004266e-15
chr19	36896000	36898200	Tnks2	14	18	19	24	1.28571428571429	1.26315789473684	18.75	0.236424792987286	2.98090765235772e-19
chr1	125638400	125640400	Gpr39	22	14	16	22	-1.57142857142857	1.375	18.5	-1.63139063727524	NA
chr1	193448800	193451000	Mir205	18	17	18	21	-1.05882352941176	1.16666666666667	18.5	NA	NA
chr2	18821000	18823000	Carlr	23	27	9	15	1.17391304347826	1.66666666666667	18.5	NA	NA
chr2	75612300	75614300	Hnrnpa3	27	19	13	15	-1.42105263157895	1.15384615384615	18.5	-0.241095178436153	2.55506045431681e-13
chr3	147423300	147425300	Ttll7	20	13	12	29	-1.53846153846154	2.41666666666667	18.5	0.843270895264476	1.569319434868e-10
chr4	63189600	63192700	Kif12	11	13	17	33	1.18181818181818	1.94117647058824	18.5	-2.10277881230972	0.444263816034465
chr4	88475800	88477800	Hacd4	16	17	17	24	1.0625	1.41176470588235	18.5	-1.50195385556522	1.43264824970162e-72
chr4	134982200	134984600	Syf2	9	14	27	24	1.55555555555556	-1.125	18.5	0.601224462508943	9.83310016580526e-27
chr8	68952800	68954800	Lpl	16	15	21	22	-1.06666666666667	1.04761904761905	18.5	0.0163076503501002	0.959543199661784
chr8	111708100	111710100	Ctrb1	13	18	24	19	1.38461538461538	-1.26315789473684	18.5	0.389822682309363	NA
chr9	23125200	23128800	Bmper	9	16	21	28	1.77777777777778	1.33333333333333	18.5	3.15070307923307	1.60457217137931e-170
chr10	8967900	8969900	Sash1	15	11	22	26	-1.36363636363636	1.18181818181818	18.5	0.105787675039639	0.0681389006328915
chr10	125921100	125923100	Lrig3	12	21	21	20	1.75	-1.05	18.5	-1.26869808397792	2.84693231371608e-92
chr13	42525200	42527600	Phactr1	17	7	23	27	-2.42857142857143	1.17391304347826	18.5	-3.21110948724975	0.0581427919194898
chr13	56681500	56683500	Smad5	21	21	15	17	0	1.13333333333333	18.5	0.441395055512552	7.50392295021428e-34
chr14	75054200	75057900	Rubcnl	19	15	19	21	-1.26666666666667	1.10526315789474	18.5	3.23476122956042	1.03450247520628e-51
chr15	38281600	38283600	Klf10	16	17	22	19	1.0625	-1.15789473684211	18.5	1.47382004499677	1.09916217379868e-104
chr16	91521500	91524500	Mir6367	13	17	23	21	1.30769230769231	-1.0952380952381	18.5	NA	NA
chr1	73537000	73540000	Pinc	15	16	27	15	1.06666666666667	-1.8	18.25	0.38982909723421	NA
chr1	163681500	163683500	Mettl11b	12	12	16	33	0	2.0625	18.25	NA	NA
chr2	12032600	12036000	Itga8	19	14	11	29	-1.35714285714286	2.63636363636364	18.25	-1.58364854684719	2.30828494651448e-105
chr2	119298800	119301800	Vps18	15	16	16	26	1.06666666666667	1.625	18.25	-0.030941759237794	0.657785939058586
chr2	150775000	150777200	Pygb	13	20	26	14	1.53846153846154	-1.85714285714286	18.25	-0.112394362991792	0.00524985889529373
chr2	157529600	157533600	Blcap	20	9	21	23	-2.22222222222222	1.0952380952381	18.25	-0.195347019665968	5.79396742532086e-05
chr2	165498500	165500500	Slc2a10	17	14	27	15	-1.21428571428571	-1.8	18.25	1.05848093634596	1.43590311546622e-95
chr2	168024600	168027400	Ripor3	20	17	14	22	-1.17647058823529	1.57142857142857	18.25	2.11052331396778	1.3830412632182e-57
chr2	178497500	178499500	Cdh26	8	14	25	26	1.75	1.04	18.25	-2.01108229802012	1.79953550658525e-29
chr3	147442500	147444500	Ttll7	22	26	15	10	1.18181818181818	-1.5	18.25	0.843270895264476	1.569319434868e-10
chr4	100030600	100034400	Ror1	14	16	21	22	1.14285714285714	1.04761904761905	18.25	-1.09915277013438	2.62147370966297e-63
chr5	35641300	35645100	Htra3	17	13	19	24	-1.30769230769231	1.26315789473684	18.25	-0.142424617824747	0.675011544982435
chr5	36718300	36720300	D5Ertd579e	21	16	9	27	-1.3125	3	18.25	-0.321312598462845	1.19687196532673e-16
chr5	64077500	64079500	Pgm2	20	24	14	15	1.2	1.07142857142857	18.25	0.131841778267341	0.0657160324803121
chr6	72200200	72202200	Atoh8	15	14	27	17	-1.07142857142857	-1.58823529411765	18.25	-1.25252285442499	1.08216344359851e-31
chr7	67468000	67470000	Lrrc28	22	20	13	18	-1.1	1.38461538461538	18.25	0.530080105969495	4.4842915578454e-11
chr7	80157034	80159034	Sema4b	18	24	11	20	1.33333333333333	1.81818181818182	18.25	0.976968882158861	1.65109836232794e-43
chr7	83841700	83843700	Tlnrd1	16	14	24	19	-1.14285714285714	-1.26315789473684	18.25	0.0584072958052601	0.219177731796008
chr7	128256200	128258200	Tgfb1i1	15	16	19	23	1.06666666666667	1.21052631578947	18.25	-0.430890209350545	1.79164606056439e-40
chr7	145024600	145026600	Ccnd1	18	14	17	24	-1.28571428571429	1.41176470588235	18.25	0.394145879239174	2.67746702338897e-43
chr8	72280700	72282700	Ap1m1	9	15	22	27	1.66666666666667	1.22727272727273	18.25	0.405547111408483	4.27930829763772e-25
chr9	21153400	21155400	Cdc37	22	18	20	13	-1.22222222222222	-1.53846153846154	18.25	0.0907260272360718	0.0219689422978444
chr9	66619700	66621700	Usp3	13	14	20	26	1.07692307692308	1.3	18.25	0.248526844513249	0.000437722725786862
chr11	77623200	77625200	Taok1	12	20	17	24	1.66666666666667	1.41176470588235	18.25	0.192025808287932	2.59906364766525e-05
chr13	38579900	38583600	Txndc5	16	17	19	21	1.0625	1.10526315789474	18.25	0.0376224388439723	0.368396083970551
chr14	45451000	45454600	Fermt2	14	19	12	28	1.35714285714286	2.33333333333333	18.25	-0.155091461912486	1.08157191539449e-07
chr17	87062600	87064600	Cript	24	14	14	21	-1.71428571428571	1.5	18.25	0.142703766861672	0.0944840547412308
chr18	39580700	39582700	Nr3c1	19	18	18	18	-1.05555555555556	0	18.25	-0.466383698300379	5.14572711127824e-34
chr19	56231500	56236200	Habp2	10	16	30	17	1.6	-1.76470588235294	18.25	0.906365574863943	0.291733010958742
chr3	103405300	103407300	Trim33	22	16	17	17	-1.375	0	18	0.00483417219204629	0.931996758887751
chr4	126281000	126283000	Col8a2	15	17	15	25	1.13333333333333	1.66666666666667	18	-0.694169602388111	1.21545267646144e-74
chr4	133283900	133287300	Tmem222	17	15	22	18	-1.13333333333333	-1.22222222222222	18	-0.196244633541342	0.00414861365070414
chr4	155148500	155150500	Ski	28	19	15	10	-1.47368421052632	-1.5	18	-0.618748695642923	7.87022012543527e-93
chr5	36700100	36702100	D5Ertd579e	20	10	23	19	-2	-1.21052631578947	18	-0.321312598462845	1.19687196532673e-16
chr5	73759500	73763300	Spata18	16	13	28	15	-1.23076923076923	-1.86666666666667	18	1.11116986148538	NA
chr6	31006100	31008100	Klf14	9	18	26	19	2	-1.36842105263158	18	0.389822491013982	NA
chr6	31010600	31012600	Mir29a	16	8	23	25	-2	1.08695652173913	18	NA	NA
chr6	91297700	91303200	Fbln2	15	20	20	17	1.33333333333333	-1.17647058823529	18	-1.15941066048692	1.73436418297598e-166
chr6	113024700	113026700	Thumpd3	9	12	27	24	1.33333333333333	-1.125	18	-0.128007925734664	0.0620113031649175
chr6	142991254	142995200	C2cd5	17	14	9	32	-1.21428571428571	3.55555555555556	18	1.19892681356985	6.81078461052258e-129
chr7	28849100	28851100	Lgals4	13	18	21	20	1.38461538461538	-1.05	18	0.44129907500077	0.0286244404393427
chr7	80159900	80161900	Sema4b	14	17	11	30	1.21428571428571	2.72727272727273	18	0.976968882158861	1.65109836232794e-43
chr7	139326200	139328200	Inpp5a	12	21	13	26	1.75	2	18	1.22700866652711	5.33771269687932e-178
chr9	63836000	63838000	Smad3	17	17	18	20	0	1.11111111111111	18	0.200636378355645	3.04837512088209e-08
chr9	110919900	110921900	Fam240a	16	15	24	17	-1.06666666666667	-1.41176470588235	18	NA	NA
chr10	77286500	77290000	Pofut2	15	14	20	23	-1.07142857142857	1.15	18	0.789739940404247	1.93115743519727e-88
chr11	95184900	95186900	Dlx4	12	16	13	31	1.33333333333333	2.38461538461538	18	1.32743231634957	6.04984486252903e-09
chr12	80329100	80333000	Dcaf5	21	11	19	21	-1.90909090909091	1.10526315789474	18	-0.249071502225957	0.0152851147265914
chr12	86789700	86791700	Lrrc74a	11	9	25	27	-1.22222222222222	1.08	18	NA	NA
chr19	27065800	27067800	Vldlr	8	15	24	25	1.875	1.04166666666667	18	1.48157211690517	1.86991323062085e-248
chr1	59394200	59396800	Fzd7	12	10	16	33	-1.2	2.0625	17.75	-0.390829953667384	1.09750452246589e-27
chr1	59471500	59474400	Fzd7	15	19	16	21	1.26666666666667	1.3125	17.75	-0.390829953667384	1.09750452246589e-27
chr1	170700400	170702400	Olfml2b	21	10	22	18	-2.1	-1.22222222222222	17.75	-1.6458774785176	9.81096819581998e-89
chr2	24537900	24541000	Pax8	21	7	24	19	-3	-1.26315789473684	17.75	0.481950222168491	0.717160581293789
chr2	51562600	51564600	Tas2r134	18	14	21	18	-1.28571428571429	-1.16666666666667	17.75	NA	NA
chr2	60728600	60730600	Itgb6	13	12	18	28	-1.08333333333333	1.55555555555556	17.75	3.39091203534311	0.0075267224757246
chr2	72931200	72933200	Sp3	18	13	19	21	-1.38461538461538	1.10526315789474	17.75	0.0977637968667948	0.0319201969224934
chr2	166185798	166187798	Sulf2	7	16	30	18	2.28571428571429	-1.66666666666667	17.75	-1.34835937686278	1.29446463312084e-78
chr6	58927000	58929000	Herc3	16	14	21	20	-1.14285714285714	-1.05	17.75	-0.0566710561278294	0.806295231304918
chr7	66450600	66452600	Aldh1a3	8	16	25	22	2	-1.13636363636364	17.75	-0.928857438134625	3.74413024026434e-10
chr8	22601500	22603500	Vdac3	12	8	33	18	-1.5	-1.83333333333333	17.75	-0.123539104942974	0.0208366707216985
chr8	46445600	46449500	Acsl1	20	7	19	25	-2.85714285714286	1.31578947368421	17.75	-0.18750783693939	0.00116424653377744
chr8	125367400	125370600	Sipa1l2	16	7	27	21	-2.28571428571429	-1.28571428571429	17.75	0.0950854542503884	0.283006676102018
chr9	25074400	25077200	Herpud2	26	15	12	18	-1.73333333333333	1.5	17.75	0.477852912309139	1.05833006482185e-26
chr10	77482681	77484681	Fam207a	13	9	23	26	-1.44444444444444	1.1304347826087	17.75	0.147185226075309	0.00370307197235827
chr10	82898400	82902000	Txnrd1	17	16	8	30	-1.0625	3.75	17.75	-0.15075998915913	3.60716998792999e-07
chr10	111518700	111521600	Phlda1	23	12	17	19	-1.91666666666667	1.11764705882353	17.75	0.992342972687071	2.56380221266657e-34
chr11	77874600	77877600	Pipox	9	16	16	30	1.77777777777778	1.875	17.75	0.163209348218515	0.89088994130234
chr11	101129500	101131500	Tubg1	11	22	20	18	2	-1.11111111111111	17.75	-0.406643632017043	1.17006646526477e-17
chr14	65780400	65782400	Pbk	25	8	12	26	-3.125	2.16666666666667	17.75	-1.80346062325782	1.29819789202256e-117
chr17	24764400	24768400	Hs3st6	16	13	20	22	-1.23076923076923	1.1	17.75	0.389836512475164	NA
chr19	36178100	36180100	Ankrd1	22	19	22	8	-1.15789473684211	-2.75	17.75	-3.22524558222638	1.36534162264737e-112
chr19	42460600	42462600	Crtac1	16	13	15	27	-1.23076923076923	1.8	17.75	NA	NA
chr3	113998900	114000900	Col11a1	13	20	12	25	1.53846153846154	2.08333333333333	17.5	0.84258122835482	1.38258195331206e-87
chr4	81482300	81485400	Mpdz	12	14	26	18	1.16666666666667	-1.44444444444444	17.5	-0.470359284034011	2.70893106028006e-23
chr4	136860800	136866600	C1qb	12	8	29	21	-1.5	-1.38095238095238	17.5	NA	NA
chr5	35646100	35648100	Htra3	9	9	26	26	0	0	17.5	-0.142424617824747	0.675011544982435
chr6	87620500	87622500	Prokr1	12	15	25	18	1.25	-1.38888888888889	17.5	0.38986138902977	0.88111499171396
chr6	127555100	127557100	Cracr2a	16	14	21	19	-1.14285714285714	-1.10526315789474	17.5	0.778352537058931	6.49775044448137e-32
chr7	45112300	45114900	Mir150	15	14	19	22	-1.07142857142857	1.15789473684211	17.5	NA	NA
chr7	51790100	51792100	Gas2	18	24	15	13	1.33333333333333	-1.15384615384615	17.5	-1.65145730669064	1.54928025612779e-73
chr7	80582300	80584300	Crtc3	20	13	17	20	-1.53846153846154	1.17647058823529	17.5	0.0761597304462702	0.233086680586804
chr7	114180500	114182500	Copb1	25	16	16	13	-1.5625	-1.23076923076923	17.5	0.875906629023623	1.25118164825945e-254
chr10	128503800	128505800	Myl6b	11	15	19	25	1.36363636363636	1.31578947368421	17.5	-1.48053876736058	4.58853048221443e-12
chr11	5845900	5847900	Polm	21	8	18	23	-2.625	1.27777777777778	17.5	-0.42777694514159	0.000126956340912922
chr11	96762550	96764550	Snx11	17	7	21	25	-2.42857142857143	1.19047619047619	17.5	0.291757170962293	6.18897076035219e-05
chr11	97400400	97402400	Arhgap23	13	11	26	20	-1.18181818181818	-1.3	17.5	0.349245107638684	8.86435463146148e-17
chr11	102609400	102612000	Fzd2	6	21	19	24	3.5	1.26315789473684	17.5	-0.755932776473605	4.07838572274918e-62
chr11	120050500	120052500	Aatk	3	11	27	29	3.66666666666667	1.07407407407407	17.5	1.25727522689432	0.219162116871664
chr13	104561800	104564900	Srek1ip1	19	13	25	13	-1.46153846153846	-1.92307692307692	17.5	-0.245559944297669	0.0059316928905723
chr13	107501600	107503600	AI197445	12	17	24	17	1.41666666666667	-1.41176470588235	17.5	1.492082285685	8.08346353998288e-05
chr16	95749000	95751000	Ets2	16	15	21	18	-1.06666666666667	-1.16666666666667	17.5	-0.183797338462417	0.000262621886194201
chr18	38517200	38521800	Ndfip1	6	7	33	24	1.16666666666667	-1.375	17.5	0.449129773212255	6.70143085317488e-27
chr19	37849800	37851800	Myof	10	17	15	28	1.7	1.86666666666667	17.5	-0.204760486051923	0.000286498156098982
chr1	163373700	163375700	Gorab	14	13	14	28	-1.07692307692308	2	17.25	0.279826741564846	2.58284105872313e-09
chr1	178367300	178369300	Hnrnpu	30	21	8	10	-1.42857142857143	1.25	17.25	-0.362465671112367	9.95197348076652e-33
chr2	71643500	71645500	Platr26	20	7	22	20	-2.85714285714286	-1.1	17.25	NA	NA
chr2	93173800	93180500	Trp53i11	11	4	31	23	-2.75	-1.34782608695652	17.25	1.66298267553567	0.602143888214198
chr2	105021400	105024800	Eif3m	22	16	17	14	-1.375	-1.21428571428571	17.25	0.166504546073683	1.88411974417298e-05
chr2	143870200	143872800	Bfsp1	14	10	22	23	-1.4	1.04545454545455	17.25	1.57128437690747	0.3939537776575
chr2	148519300	148521300	Cd93	15	17	11	26	1.13333333333333	2.36363636363636	17.25	0.357588708434236	0.550403875360272
chr2	173342100	173344100	Pmepa1	18	12	14	25	-1.5	1.78571428571429	17.25	-0.724393903131077	1.24272952147488e-16
chr3	41178100	41182000	Pgrmc2	12	19	21	17	1.58333333333333	-1.23529411764706	17.25	0.000314459259541816	0.995409250231785
chr5	129454200	129456200	Sfswap	19	13	15	22	-1.46153846153846	1.46666666666667	17.25	0.0170665820578322	0.867322511097779
chr6	30716200	30718200	Mest	14	19	16	20	1.35714285714286	1.25	17.25	-1.76794476773135	0
chr7	67413800	67415800	Mef2a	13	25	8	23	1.92307692307692	2.875	17.25	0.810555827109887	6.49919429615051e-89
chr8	91208100	91210100	Aktip	21	19	15	14	-1.10526315789474	-1.07142857142857	17.25	-0.442133281463055	4.72541511464164e-15
chr8	94735700	94737700	Ccl22	22	13	13	21	-1.69230769230769	1.61538461538462	17.25	NA	NA
chr8	128222600	128224600	Mir21c	14	8	23	24	-1.75	1.04347826086957	17.25	NA	NA
chr11	19760500	19762500	Spred2	15	10	18	26	-1.5	1.44444444444444	17.25	-0.476762288758809	2.18936583007863e-35
chr11	114914100	114916100	Cd300lb	16	18	11	24	1.125	2.18181818181818	17.25	5.60504359296571	7.08528810383643e-48
chr13	71458300	71460300	Mir466f-4	32	12	12	13	-2.66666666666667	1.08333333333333	17.25	NA	NA
chr14	24261000	24264800	Dlg5	16	12	22	19	-1.33333333333333	-1.15789473684211	17.25	-0.441798433443008	3.20307054169755e-18
chr1	132557000	132563000	Cntn2	15	17	20	16	1.13333333333333	-1.25	17	-1.03022552317865	0.283722618323591
chr1	180910100	180912100	Pycr2	16	8	23	21	-2	-1.0952380952381	17	-0.217787677098465	0.000106006619779592
chr2	6070900	6074100	Upf2	14	13	18	23	-1.07692307692308	1.27777777777778	17	-0.0781645104571763	0.053426271624611
chr2	103144100	103146100	Apip	18	10	18	22	-1.8	1.22222222222222	17	-0.0511808211834385	0.573625383462248
chr4	155481100	155483100	Gnb1	35	13	9	11	-2.69230769230769	1.22222222222222	17	-0.5182085390196	1.2929343114624e-50
chr5	34941200	34944900	Rgs12	13	23	20	12	1.76923076923077	-1.66666666666667	17	0.140348227314865	0.0736833113423746
chr5	73687600	73691300	Spata18	19	8	26	15	-2.375	-1.73333333333333	17	1.11116986148538	NA
chr5	107019500	107021500	Cdc7	20	17	15	16	-1.17647058823529	1.06666666666667	17	-0.990449397781848	6.27055062094329e-18
chr5	134866800	134869000	Tmem270	12	9	25	22	-1.33333333333333	-1.13636363636364	17	NA	NA
chr5	149223600	149225600	Uspl1	11	16	18	23	1.45454545454545	1.27777777777778	17	-0.245371577892502	3.96588316546492e-05
chr6	117883100	117885100	Hnrnpf	23	14	13	18	-1.64285714285714	1.38461538461538	17	-0.0400821342540557	0.276923411207623
chr7	34598000	34600000	Kctd15	9	18	16	25	2	1.5625	17	0.431440829344058	5.76244734643741e-18
chr7	35144400	35146600	Cebpa	13	13	17	25	0	1.47058823529412	17	0.244315554119095	0.00198206408577124
chr7	100987400	100989400	P2ry6	25	16	11	16	-1.5625	1.45454545454545	17	-1.65912180565635	0.0375761469963445
chr9	63802200	63804200	Smad3	8	14	22	24	1.75	1.09090909090909	17	0.200636378355645	3.04837512088209e-08
chr11	106636900	106640700	Tex2	21	13	17	17	-1.61538461538462	0	17	-0.0460378795503394	0.408839954692378
chr12	3537000	3539000	Dtnb	23	11	20	14	-2.09090909090909	-1.42857142857143	17	-0.271393075390402	0.000104790835546588
chr12	32994000	32996000	Sypl	22	11	15	20	-2	1.33333333333333	17	0.104998785593878	0.0215491350512609
chr13	45439300	45442000	Mylip	18	8	22	20	-2.25	-1.1	17	-0.288405506424942	4.91771823926448e-09
chr13	51348700	51352200	S1pr3	14	13	20	21	-1.07692307692308	1.05	17	3.56747860232361	0.00551930395365005
chr13	56661400	56663400	Tgfbi	15	20	15	18	1.33333333333333	1.2	17	1.01847845679609	3.80707675245791e-55
chr13	60170800	60173200	Gas1	15	20	17	16	1.33333333333333	-1.0625	17	-2.25388770228817	0
chr13	99675500	99677500	Map1b	9	14	16	29	1.55555555555556	1.8125	17	0.79161538522306	3.05500299256542e-102
chr14	18553600	18555600	Ube2e2	14	16	18	20	1.14285714285714	1.11111111111111	17	0.693896523466913	1.14889129564725e-53
chr15	12110500	12112500	Zfr	16	10	21	21	-1.6	0	17	0.263333691265271	1.45999375237604e-10
chr16	37756500	37758500	Fstl1	15	13	12	28	-1.15384615384615	2.33333333333333	17	-1.4333809836778	0
chr17	79749200	79751200	Cyp1b1	21	6	16	25	-3.5	1.5625	17	-2.04526184390362	1.88466121472775e-216
chr19	56700600	56702600	Adrb1	15	13	15	25	-1.15384615384615	1.66666666666667	17	NA	NA
chr3	14874100	14879600	Car3	19	15	16	17	-1.26666666666667	1.0625	16.75	5.18902601255073	0
chr3	41154400	41159400	Pgrmc2	14	18	18	17	1.28571428571429	-1.05882352941176	16.75	0.000314459259541816	0.995409250231785
chr3	65586300	65589700	Tiparp	21	11	16	19	-1.90909090909091	1.1875	16.75	0.0432304573000003	0.447562937026343
chr4	6678500	6680500	Tox	9	6	14	38	-1.5	2.71428571428571	16.75	-0.181756804410666	0.0276889118313793
chr4	8909100	8911100	Chd7	16	19	16	16	1.1875	0	16.75	0.717587049537961	2.5377340253613e-15
chr4	82755400	82759300	Nfib	19	10	19	19	-1.9	0	16.75	-0.489098611645261	1.07234126069711e-29
chr6	70821500	70823500	Eif2ak3	12	17	20	18	1.41666666666667	-1.11111111111111	16.75	1.17762659935483	3.19015884920368e-182
chr7	99515800	99518200	Arrb1	18	13	13	23	-1.38461538461538	1.76923076923077	16.75	0.201320653768736	0.0709723824009858
chr9	101264600	101266600	Ppp2r3a	11	20	19	17	1.81818181818182	-1.11764705882353	16.75	-0.244848595984167	0.00133641763416553
chr10	120570400	120572400	Hmga2	16	9	23	19	-1.77777777777778	-1.21052631578947	16.75	-1.91277521453309	5.47955789779938e-67
chr11	31859400	31863600	Cpeb4	7	25	19	16	3.57142857142857	-1.1875	16.75	0.58940358707066	7.31390095018724e-26
chr11	108880400	108882400	Axin2	7	17	23	20	2.42857142857143	-1.15	16.75	0.220307427410199	0.0145086591481422
chr11	117027200	117031800	Snhg20	14	10	18	25	-1.4	1.38888888888889	16.75	-0.224520561096002	0.0227344943862563
chr12	16391100	16393100	Lpin1	18	17	13	19	-1.05882352941176	1.46153846153846	16.75	0.937488654723709	8.00640376580719e-67
chr12	33975900	33977900	Twist1	14	17	15	21	1.21428571428571	1.4	16.75	-0.250255030016684	6.31006507015216e-05
chr12	78914100	78917500	Plek2	10	13	23	21	1.3	-1.0952380952381	16.75	3.2843605772301	0.0284792404007324
chr15	99614100	99616100	Aqp6	13	24	18	12	1.84615384615385	-1.5	16.75	NA	NA
chr16	50184400	50186400	Bbx	13	7	24	23	-1.85714285714286	-1.04347826086957	16.75	-0.267755639899777	3.42318818962323e-05
chr1	193666700	193670100	Mir205	10	17	21	18	1.7	-1.16666666666667	16.5	NA	NA
chr2	33443150	33445150	Zbtb34	20	8	21	17	-2.5	-1.23529411764706	16.5	-0.270907936816262	0.013135004781762
chr2	51588700	51591900	Tas2r134	15	17	21	13	1.13333333333333	-1.61538461538462	16.5	NA	NA
chr2	83708800	83711200	Itgav	9	14	22	21	1.55555555555556	-1.04761904761905	16.5	-0.436362119495054	1.93556491250066e-41
chr2	108685300	108687300	Mettl15	9	10	20	27	1.11111111111111	1.35	16.5	0.0213360338321428	0.884884172173734
chr4	41335400	41337400	Ubap1	20	10	15	21	-2	1.4	16.5	-0.158458855173337	0.0491955899036776
chr4	134298300	134303400	Pdik1l	12	8	24	22	-1.5	-1.09090909090909	16.5	0.00713323809151953	0.953978359664337
chr4	141557500	141559500	Spen	24	19	10	13	-1.26315789473684	1.3	16.5	0.458493654284169	1.74832427575946e-08
chr5	36414000	36416000	Sorcs2	12	8	19	27	-1.5	1.42105263157895	16.5	2.53748078944665	0
chr5	64883400	64885400	Tlr1	22	16	16	12	-1.375	-1.33333333333333	16.5	-1.1800659262134	0.00900501793950188
chr6	7782200	7784200	C1galt1	15	11	15	25	-1.36363636363636	1.66666666666667	16.5	0.336039139009955	1.54097257140319e-12
chr8	23507000	23509000	Sfrp1	16	18	18	14	1.125	-1.28571428571429	16.5	0.966245850827986	0.742519533641734
chr8	35200400	35202400	Ppp1r3b	9	22	17	18	2.44444444444444	1.05882352941176	16.5	0.457393506262168	1.67972032699982e-07
chr10	3507000	3509000	Iyd	12	10	17	27	-1.2	1.58823529411765	16.5	1.11163962481317	NA
chr10	9556700	9558700	Samd5	13	22	13	18	1.69230769230769	1.38461538461538	16.5	-0.352058092439395	2.51468045713793e-06
chr10	21265000	21271600	Hbs1l	15	14	16	21	-1.07142857142857	1.3125	16.5	0.00745837506207917	0.907504458109898
chr10	88644700	88646700	Spic	10	15	15	26	1.5	1.73333333333333	16.5	-0.468096680083222	0.62618450633226
chr11	54811900	54813900	Lyrm7os	12	9	26	19	-1.33333333333333	-1.36842105263158	16.5	NA	NA
chr11	72225400	72227400	Med31	12	11	16	27	-1.09090909090909	1.6875	16.5	0.707119024970919	8.98921636500349e-11
chr11	76041700	76043700	Rflnb	13	12	21	20	-1.08333333333333	-1.05	16.5	0.473163718069108	4.32909091026892e-34
chr11	80876200	80878200	Spaca3	8	16	12	30	2	2.5	16.5	NA	NA
chr11	86818300	86820300	Dhx40	29	11	13	13	-2.63636363636364	0	16.5	0.440773305908894	4.94882257160807e-27
chr11	101477200	101481800	Rnd2	17	23	12	14	1.35294117647059	1.16666666666667	16.5	0.409146705337073	1.09284016838768e-05
chr14	64641200	64643200	Kif13b	13	20	10	23	1.53846153846154	2.3	16.5	1.23187244123926	2.70463063020898e-74
chr15	77892600	77894600	Txn2	32	8	11	15	-4	1.36363636363636	16.5	-0.0237586329880791	0.606852785666623
chr17	35803300	35805300	Ier3	14	17	14	21	1.21428571428571	1.5	16.5	1.19838806894324	6.3493084401609e-65
chr17	45297900	45299900	Cdc5l	19	14	14	19	-1.35714285714286	1.35714285714286	16.5	0.00766689920671547	0.867930288997015
chr17	45577500	45579500	Hsp90ab1	14	22	13	17	1.57142857142857	1.30769230769231	16.5	-0.394616395838076	3.00212368975224e-37
chr18	56675700	56680200	Lmnb1	12	12	19	23	0	1.21052631578947	16.5	-1.81941390321606	6.01925473968723e-272
chr18	75400600	75403200	Smad7	18	19	15	14	1.05555555555556	-1.07142857142857	16.5	-0.128170476016957	0.0942636505929187
chr19	29666400	29668400	Ermp1	14	8	15	29	-1.75	1.93333333333333	16.5	-0.288202293920266	0.000597763567531502
chr1	14161600	14163600	Eya1	12	12	17	24	0	1.41176470588235	16.25	-0.941092826822915	2.94124271659598e-34
chr1	59497400	59499400	Fzd7	20	10	17	18	-2	1.05882352941176	16.25	-0.390829953667384	1.09750452246589e-27
chr1	163443200	163445200	Gorab	18	16	10	21	-1.125	2.1	16.25	0.279826741564846	2.58284105872313e-09
chr2	49569800	49573000	Epc2	13	11	14	27	-1.18181818181818	1.92857142857143	16.25	-0.180456692471828	0.0341625593461905
chr3	58308500	58310500	Tsc22d2	18	13	17	17	-1.38461538461538	0	16.25	-0.747807719119911	8.22420745591365e-76
chr4	8926200	8928200	Chd7	17	9	20	19	-1.88888888888889	-1.05263157894737	16.25	0.717587049537961	2.5377340253613e-15
chr4	120147400	120150300	Edn2	12	12	21	20	0	-1.05	16.25	0.38982909723421	NA
chr5	106995600	106997600	Cdc7	14	13	19	19	-1.07692307692308	0	16.25	-0.990449397781848	6.27055062094329e-18
chr5	122509288	122512000	Atp2a2	16	12	19	18	-1.33333333333333	-1.05555555555556	16.25	-0.260243117993273	5.95224201267956e-19
chr7	47014300	47016300	Spty2d1	13	12	22	18	-1.08333333333333	-1.22222222222222	16.25	0.409275474501038	4.15914293083587e-18
chr7	64046900	64048900	Trpm1	9	13	16	27	1.44444444444444	1.6875	16.25	0.922164349088994	0.105262373695167
chr7	66600100	66602100	Asb7	28	11	15	11	-2.54545454545455	-1.36363636363636	16.25	0.0800183773730647	0.374597719037888
chr7	80119000	80121800	Idh2	12	14	13	26	1.16666666666667	2	16.25	-0.0983711657672199	0.00204030075393797
chr7	109967800	109969800	Dennd5a	14	14	14	23	0	1.64285714285714	16.25	0.00367916566718721	0.925069945247761
chr8	36532900	36534900	Trmt9b	12	14	20	19	1.16666666666667	-1.05263157894737	16.25	NA	NA
chr8	105508400	105511000	Hsd11b2	17	9	20	19	-1.88888888888889	-1.05263157894737	16.25	0.840806156497035	0.671603718913225
chr8	128210100	128212100	Mir21c	13	16	19	17	1.23076923076923	-1.11764705882353	16.25	NA	NA
chr10	3649400	3651400	Plekhg1	10	11	19	25	1.1	1.31578947368421	16.25	-0.981991258512434	4.23779146714383e-74
chr10	77666200	77668200	Tspear	11	8	29	17	-1.375	-1.70588235294118	16.25	1.11116986148538	NA
chr10	95609900	95612600	Nudt4	11	15	21	18	1.36363636363636	-1.16666666666667	16.25	-1.00824696975695	4.43985955572648e-219
chr11	4760400	4763800	Cabp7	16	10	17	22	-1.6	1.29411764705882	16.25	0.909785057837903	0.732778615235766
chr11	70074900	70076900	Asgr2	17	18	15	15	1.05882352941176	0	16.25	3.41131037503196	0.0242409323555604
chr11	86919400	86921600	Ypel2	16	23	6	20	1.4375	3.33333333333333	16.25	0.309554830959532	3.96518630975269e-07
chr12	27562000	27568200	Sox11	19	16	18	12	-1.1875	-1.5	16.25	-2.43310846065906	8.6775222245999e-121
chr12	80269900	80271900	Actn1	11	17	20	17	1.54545454545455	-1.17647058823529	16.25	-0.537975999761959	1.04172494102924e-59
chr15	96911100	96913100	Slc38a4	11	23	11	20	2.09090909090909	1.81818181818182	16.25	-0.0984775787261647	0.696612009895734
chr16	20803500	20806400	Chrd	19	6	25	15	-3.16666666666667	-1.66666666666667	16.25	1.94728832145297	2.95970510938849e-124
chr17	7641600	7643600	Fndc1	15	22	13	15	1.46666666666667	1.15384615384615	16.25	0.663826908673227	3.40343401650945e-09
chr17	29823200	29825200	Mdga1	13	8	21	23	-1.625	1.0952380952381	16.25	0.837239247108751	9.65709101104846e-24
chr17	46286900	46288900	Tjap1	10	17	20	18	1.7	-1.11111111111111	16.25	0.124335832339012	0.0783880890473758
chr18	39557700	39560600	Nr3c1	9	15	20	21	1.66666666666667	1.05	16.25	-0.466383698300379	5.14572711127824e-34
chr18	69793100	69796100	Tcf4	12	23	11	19	1.91666666666667	1.72727272727273	16.25	-0.374942462226403	1.62716425721856e-13
chr1	186617300	186619300	Tgfb2	11	16	26	11	1.45454545454545	-2.36363636363636	16	-0.999533225899599	5.11042191967264e-40
chr2	5076600	5079000	Optn	9	17	20	18	1.88888888888889	-1.11111111111111	16	1.85651578533134	0
chr2	114796500	114798500	Dph6	13	10	25	16	-1.3	-1.5625	16	-0.0433541356467565	0.455274493022764
chr2	153583400	153588000	Commd7	19	16	15	14	-1.1875	-1.07142857142857	16	-0.0959757746984832	0.127655852547559
chr3	55571110	55573110	Dclk1	10	15	28	11	1.5	-2.54545454545455	16	-1.29100612593188	1.65632655120559e-142
chr3	99109300	99111300	Wars2	17	9	18	20	-1.88888888888889	1.11111111111111	16	0.298444878954552	0.000129348360864939
chr3	142421600	142424600	Pdlim5	9	7	22	26	-1.28571428571429	1.18181818181818	16	-0.108014803883903	0.00533069121670308
chr4	150706800	150708800	Slc45a1	20	17	11	16	-1.17647058823529	1.45454545454545	16	-0.917589366985628	NA
chr5	135268700	135270700	Fzd9	18	15	12	19	-1.2	1.58333333333333	16	1.7664638371144	3.72120993919323e-16
chr6	37626100	37628100	Akr1d1	20	18	16	10	-1.11111111111111	-1.6	16	1.35018710063275	0.646008596668913
chr6	51846600	51848800	Skap2	13	15	11	25	1.15384615384615	2.27272727272727	16	0.270124407565895	4.22502236182468e-05
chr6	55081500	55083500	Crhr2	17	13	25	9	-1.30769230769231	-2.77777777777778	16	1.11115606110445	NA
chr6	136979300	136981300	Pde6h	14	16	10	24	1.14285714285714	2.4	16	-0.663212919953715	0.690678833166293
chr7	114169800	114172200	Copb1	17	17	20	10	0	-2	16	0.875906629023623	1.25118164825945e-254
chr8	46875300	46877300	Irf2	18	11	20	15	-1.63636363636364	-1.33333333333333	16	-0.129304702415767	0.106542779736687
chr11	22583600	22585600	Tmem17	24	13	7	20	-1.84615384615385	2.85714285714286	16	-0.385695400746035	0.00910308569646339
chr11	33012600	33014600	Fgf18	20	14	15	15	-1.42857142857143	0	16	-1.92746342970811	3.81420346217662e-20
chr11	87751838	87753838	Mir142	18	21	10	15	1.16666666666667	1.5	16	NA	NA
chr11	100167600	100169600	Krt19	24	11	14	15	-2.18181818181818	1.07142857142857	16	-0.302591739759073	NA
chr12	8828400	8830400	Sdc1	16	25	7	16	1.5625	2.28571428571429	16	-0.217637233279122	6.72983381487671e-11
chr15	11794000	11796000	Npr3	17	9	26	12	-1.88888888888889	-2.16666666666667	16	-2.70504822778538	1.57545014649451e-113
chr15	85605300	85607300	Wnt7b	11	18	15	20	1.63636363636364	1.33333333333333	16	4.92150891061106	1.06089485050741e-27
chr17	56484600	56486600	Ptprs	7	18	22	17	2.57142857142857	-1.29411764705882	16	0.707456166343279	3.52634733919051e-53
chr18	38349900	38351900	Gnpda1	32	17	6	9	-1.88235294117647	1.5	16	0.888506417875836	9.27895655667912e-34
chr18	57989100	57991100	Fbn2	11	16	12	25	1.45454545454545	2.08333333333333	16	-1.69526344806435	4.10068969015065e-104
chr4	9183400	9186700	Clvs1	18	15	14	16	-1.2	1.14285714285714	15.75	-1.29453311940088	9.80082253982246e-05
chr4	11884400	11886400	Pdp1	16	6	19	22	-2.66666666666667	1.15789473684211	15.75	-1.04799247462508	8.06780987908616e-113
chr4	132425600	132429400	Phactr4	7	25	16	15	3.57142857142857	-1.06666666666667	15.75	-0.264687476241567	7.52851894495697e-05
chr5	38004900	38008500	Stx18	17	15	12	19	-1.13333333333333	1.58333333333333	15.75	0.704030167305693	1.25080167872293e-20
chr5	107073400	107076600	Tgfbr3	9	11	23	20	1.22222222222222	-1.15	15.75	-0.941836407905198	9.0211276975913e-49
chr6	95201800	95205500	Kbtbd8	13	23	15	12	1.76923076923077	-1.25	15.75	-0.0536634296340296	0.855046517608407
chr6	120538900	120540900	Hdhd5	12	15	17	19	1.25	1.11764705882353	15.75	0.122285121428833	0.251660790918271
chr7	120836300	120838300	Eef2k	8	17	16	22	2.125	1.375	15.75	0.85520614832624	5.7881497284359e-126
chr8	125042900	125044900	Disc1	9	4	26	24	-2.25	-1.08333333333333	15.75	0.241984632512346	0.671631216077911
chr10	19925900	19929400	Map3k5	17	12	14	20	-1.41666666666667	1.42857142857143	15.75	2.03419918201536	1.24000853259727e-39
chr10	61822500	61824500	Col13a1	6	19	11	27	3.16666666666667	2.45454545454545	15.75	7.46053146304081	3.00862834333199e-12
chr11	102791100	102793100	Gjc1	8	16	17	22	2	1.29411764705882	15.75	-1.28767443451836	2.11759814126461e-76
chr13	3746300	3748300	Calml3	13	11	21	18	-1.18181818181818	-1.16666666666667	15.75	4.59716092245112	2.98566035503547e-05
chr13	31814600	31816600	Foxc1	8	17	10	28	2.125	2.8	15.75	-0.771075429828893	4.34223394549921e-21
chr15	96523800	96529000	Slc38a1	17	9	14	23	-1.88888888888889	1.64285714285714	15.75	-1.20877598460675	0.0204179180335436
chr17	29419100	29421100	Fgd2	10	15	17	21	1.5	1.23529411764706	15.75	0.418029097428845	0.744333960218903
chr17	50469800	50471800	Plcl2	16	18	12	17	1.125	1.41666666666667	15.75	1.25542520718368	1.79975713510242e-227
chr1	60661400	60663400	Cd28	8	12	12	30	1.5	2.5	15.5	1.78519651311865	0.0139500100748119
chr1	92336500	92339300	Ndufa10	13	14	19	16	1.07692307692308	-1.1875	15.5	-0.0204965617034276	0.745288476556717
chr1	106513400	106515400	Mir3473f	6	14	21	21	2.33333333333333	0	15.5	NA	NA
chr2	51064000	51067300	Rnd3	17	21	10	14	1.23529411764706	1.4	15.5	-0.541101499853312	3.30524290208979e-87
chr2	78857900	78862200	Ube2e3	13	14	19	16	1.07692307692308	-1.1875	15.5	-0.406768555749557	3.70270888618303e-18
chr2	168461100	168463100	Nfatc2	15	9	17	21	-1.66666666666667	1.23529411764706	15.5	-0.629673329043685	0.00712179622848767
chr2	170176400	170178400	Zfp217	12	12	16	22	0	1.375	15.5	-0.376011106139295	2.44984232261525e-05
chr3	104672510	104674800	Slc16a1	18	11	13	20	-1.63636363636364	1.53846153846154	15.5	-0.138391281627211	0.0395807616839833
chr4	54370600	54372600	Tmem38b	11	13	16	22	1.18181818181818	1.375	15.5	0.25401914173132	0.000812773989354868
chr4	124949300	124952400	Cdca8	9	11	10	32	1.22222222222222	3.2	15.5	-1.44971067095801	4.01360861508139e-110
chr4	149820263	149823200	Slc25a33	21	19	15	7	-1.10526315789474	-2.14285714285714	15.5	0.112563125066336	0.445153095423007
chr5	35137200	35139400	Lrpap1	8	12	17	25	1.5	1.47058823529412	15.5	-0.0355510797401883	0.57640359305516
chr6	51852100	51854100	Skap2	20	15	10	17	-1.33333333333333	1.7	15.5	0.270124407565895	4.22502236182468e-05
chr6	94760200	94762200	Lrig1	7	6	19	30	-1.16666666666667	1.57894736842105	15.5	-0.190551583689381	0.00584552763945368
chr7	100978300	100980300	P2ry6	8	9	22	23	1.125	1.04545454545455	15.5	-1.65912180565635	0.0375761469963445
chr8	78749500	78751500	Slc10a7	6	10	25	21	1.66666666666667	-1.19047619047619	15.5	-0.103344321420958	0.768008708077751
chr8	107890000	107892000	Zfhx3	21	16	13	12	-1.3125	-1.08333333333333	15.5	-0.568331479033066	1.31276179716601e-14
chr9	35353900	35355900	Cdon	18	11	10	23	-1.63636363636364	2.3	15.5	-1.285677529862	1.47523215151003e-151
chr10	8971900	8973900	Sash1	14	10	20	18	-1.4	-1.11111111111111	15.5	0.105787675039639	0.0681389006328915
chr10	111923900	111925900	Krr1	13	18	12	19	1.38461538461538	1.58333333333333	15.5	-0.114241475671449	0.00381809929862917
chr11	3563700	3565700	Smtn	22	17	10	13	-1.29411764705882	1.3	15.5	0.834096211476711	1.37109047412331e-123
chr11	32751100	32753100	Smim23	20	13	15	14	-1.53846153846154	-1.07142857142857	15.5	NA	NA
chr11	54972800	54974800	Tnip1	17	15	15	15	-1.13333333333333	0	15.5	-0.221218287526174	0.00468235391468949
chr11	105556200	105560000	Tanc2	16	8	21	17	-2	-1.23529411764706	15.5	0.122859181511957	0.416271890724196
chr11	114836900	114838900	Gprc5c	11	17	21	13	1.54545454545455	-1.61538461538462	15.5	2.31872076804547	0
chr12	33965000	33967000	Twist1	19	16	14	13	-1.1875	-1.07692307692308	15.5	-0.250255030016684	6.31006507015216e-05
chr14	48072900	48074900	Peli2	15	12	18	17	-1.25	-1.05882352941176	15.5	-0.260663971480259	0.0553302811300093
chr14	55729700	55731700	Rabggta	15	12	15	20	-1.25	1.33333333333333	15.5	0.389931668438717	0.000340571166716583
chr16	21381900	21383900	Vps8	20	11	18	13	-1.81818181818182	-1.38461538461538	15.5	0.136837427507223	0.446144109610292
chr17	14577300	14579300	Thbs2	8	14	22	18	1.75	-1.22222222222222	15.5	-1.01681749693163	3.89398558489675e-164
chr17	26812700	26814700	Bnip1	6	9	19	28	1.5	1.47368421052632	15.5	0.223807818200082	0.00112908737939953
chr1	182114900	182116900	Srp9	10	15	16	20	1.5	1.25	15.25	0.465969383242558	3.171366930975e-18
chr1	184743000	184745000	Hlx	13	13	14	21	0	1.5	15.25	-0.12806404623032	0.117614512699903
chr2	73053600	73057100	Sp3os	15	16	11	19	1.06666666666667	1.72727272727273	15.25	-0.626090320407586	1.30478421487497e-06
chr2	170200700	170203600	Zfp217	17	13	10	21	-1.30769230769231	2.1	15.25	-0.376011106139295	2.44984232261525e-05
chr3	104233000	104235000	Magi3	13	6	22	20	-2.16666666666667	-1.1	15.25	-0.489172500417426	3.83615457413897e-11
chr4	15290500	15292500	Tmem64	20	15	14	12	-1.33333333333333	-1.16666666666667	15.25	-0.365728944138431	7.92626451906384e-21
chr4	46433000	46435600	Anp32b	18	12	19	12	-1.5	-1.58333333333333	15.25	-0.461732877135438	1.25753819755781e-24
chr4	81560600	81562600	Mpdz	11	11	11	28	0	2.54545454545455	15.25	-0.470359284034011	2.70893106028006e-23
chr4	86684900	86686900	Plin2	14	17	15	15	1.21428571428571	0	15.25	0.279641799633105	0.000407235969250677
chr4	88514700	88516700	Ifnb1	11	10	15	25	-1.1	1.66666666666667	15.25	NA	NA
chr4	135294100	135296100	Clic4	14	16	16	15	1.14285714285714	-1.06666666666667	15.25	0.232528901090602	2.79470948331704e-26
chr6	30699300	30701300	Cep41	12	22	14	13	1.83333333333333	-1.07692307692308	15.25	-0.0807209153375395	0.186978627935184
chr6	72263100	72265100	Atoh8	18	13	20	10	-1.38461538461538	-2	15.25	-1.25252285442499	1.08216344359851e-31
chr6	72314900	72316900	Sftpb	16	16	20	9	0	-2.22222222222222	15.25	0.38982909723421	NA
chr6	72988400	72990400	Tmsb10	14	7	19	21	-2	1.10526315789474	15.25	0.141415996077611	0.0529500829433851
chr7	27291100	27293100	Ltbp4	14	9	23	15	-1.55555555555556	-1.53333333333333	15.25	-0.39124747442205	6.65932248254982e-08
chr7	101070000	101072000	Fchsd2	21	8	9	23	-2.625	2.55555555555556	15.25	0.751068357473672	4.35357706939677e-46
chr7	126482100	126484100	Tufm	20	24	7	10	1.2	1.42857142857143	15.25	-0.169026887478394	4.23404203372513e-05
chr7	135508000	135511000	Clrn3	16	6	22	17	-2.66666666666667	-1.29411764705882	15.25	NA	NA
chr8	128507700	128509700	Nrp1	9	13	15	24	1.44444444444444	1.6	15.25	-0.867877809229634	3.93121194913375e-50
chr8	128661900	128663900	Itgb1	8	13	19	21	1.625	1.10526315789474	15.25	0.136735501724337	4.83727767043452e-09
chr9	67070700	67072700	Tpm1	24	15	12	10	-1.6	-1.2	15.25	-1.06692382621358	5.01471379203474e-284
chr9	67629700	67632300	Tln2	14	11	15	21	-1.27272727272727	1.4	15.25	-1.23564654083848	3.60386327479082e-61
chr11	80802200	80804200	Tmem98	4	7	26	24	1.75	-1.08333333333333	15.25	0.0717241719701458	0.208196178769781
chr11	101869400	101871400	Meox1	16	13	15	17	-1.23076923076923	1.13333333333333	15.25	-1.25404712294608	0.069422355744831
chr13	3669100	3671100	Asb13	17	11	11	22	-1.54545454545455	2	15.25	-0.364592395719258	0.0311481109513016
chr13	56325000	56327000	Cxcl14	12	14	19	16	1.16666666666667	-1.1875	15.25	NA	NA
chr15	97074700	97076700	Slc38a4	13	9	14	25	-1.44444444444444	1.78571428571429	15.25	-0.0984775787261647	0.696612009895734
chr15	97849800	97851800	Hdac7	10	6	23	22	-1.66666666666667	-1.04545454545455	15.25	-0.0762218500568064	0.138194217998548
chr16	14711600	14713600	Snai2	14	21	10	16	1.5	1.6	15.25	-0.0973607711365134	0.0314786814009842
chr16	44578200	44580800	Boc	9	12	17	23	1.33333333333333	1.35294117647059	15.25	0.849526817235809	1.39295024372809e-60
chr16	95673500	95676600	Ets2	14	11	13	23	-1.27272727272727	1.76923076923077	15.25	-0.183797338462417	0.000262621886194201
chr17	79990300	79992300	Hnrnpll	8	5	22	26	-1.6	1.18181818181818	15.25	-0.386305239058364	2.64807091412456e-25
chr18	58454400	58456400	Slc27a6	13	10	21	17	-1.3	-1.23529411764706	15.25	-0.417667457314448	0.543539127566035
chr19	53574800	53578500	Smc3	15	11	17	18	-1.36363636363636	1.05882352941176	15.25	-0.455466388809353	1.06835245064411e-61
chr1	19766800	19768800	Tfap2b	17	7	23	13	-2.42857142857143	-1.76923076923077	15	-0.316937568500869	9.70951406665226e-12
chr1	93667300	93669300	Stk25	18	22	11	9	1.22222222222222	-1.22222222222222	15	0.246219507951061	6.42207142225388e-07
chr1	132282355	132284355	Klhdc8a	14	20	17	9	1.42857142857143	-1.88888888888889	15	-0.678065144531192	2.80551621194629e-37
chr1	136615100	136617100	Zfp281	31	12	10	7	-2.58333333333333	-1.42857142857143	15	-0.332714920438711	2.81510576381528e-08
chr1	161749500	161753100	Fasl	18	9	17	16	-2	-1.0625	15	1.11115602166252	NA
chr2	51829900	51831900	Rbm43	14	13	23	10	-1.07692307692308	-2.3	15	-0.536517806241642	3.93099407110083e-15
chr2	59598600	59600600	Tanc1	15	11	16	18	-1.36363636363636	1.125	15	0.0877833119921158	0.10820179258405
chr2	71668800	71672000	Platr26	24	6	13	17	-4	1.30769230769231	15	NA	NA
chr2	75618100	75620100	Hnrnpa3	14	14	16	16	0	0	15	-0.241095178436153	2.55506045431681e-13
chr2	103929900	103933500	Lmo2	12	13	17	18	1.08333333333333	1.05882352941176	15	1.78533007895013	0.376776067365358
chr3	103718600	103720600	Olfml3	15	8	20	17	-1.875	-1.17647058823529	15	1.12676298339322	1.97132954597433e-108
chr3	144642500	144644500	Sh3glb1	11	6	20	23	-1.83333333333333	1.15	15	0.230995643058078	2.27005801331427e-09
chr4	82764600	82766600	Nfib	16	9	20	15	-1.77777777777778	-1.33333333333333	15	-0.489098611645261	1.07234126069711e-29
chr4	83171200	83173200	Ttc39b	19	14	15	12	-1.35714285714286	-1.25	15	0.14667248186368	0.0473840041534408
chr4	141358900	141360900	Fam131c	20	14	9	17	-1.42857142857143	1.88888888888889	15	0.412118791740657	0.127581486699418
chr7	3279800	3281800	Myadm	15	12	13	20	-1.25	1.53846153846154	15	-0.0942035120854624	0.00394896005498333
chr8	84652800	84656200	Ier2	13	13	21	13	0	-1.61538461538462	15	0.619701198640713	4.16547225620384e-22
chr8	125267400	125269400	Disc1	15	11	14	20	-1.36363636363636	1.42857142857143	15	0.241984632512346	0.671631216077911
chr9	64093500	64095500	Scarletltr	16	14	14	16	-1.14285714285714	1.14285714285714	15	0.829574158189694	0.652205608411285
chr10	70080400	70082400	Ccdc6	6	16	10	28	2.66666666666667	2.8	15	0.307896364002361	3.23735462620184e-14
chr10	120245300	120248300	Llph	13	8	17	22	-1.625	1.29411764705882	15	-0.209327199904722	0.0018153473575074
chr11	52349900	52352700	Vdac1	13	7	14	26	-1.85714285714286	1.85714285714286	15	-0.379546847453656	3.08435163644699e-49
chr11	53780800	53782800	Irf1	14	14	16	16	0	0	15	-1.0072347051644	6.57696053289585e-70
chr11	101903000	101905000	Meox1	11	11	10	28	0	2.8	15	-1.25404712294608	0.069422355744831
chr11	102647200	102649200	Meioc	13	17	13	17	1.30769230769231	1.30769230769231	15	0.22563454059436	0.85872783201482
chr11	102787100	102790200	Adam11	10	14	21	15	1.4	-1.4	15	-0.25012665690838	0.517977733404914
chr12	72718700	72720700	Ppm1a	7	10	21	22	1.42857142857143	1.04761904761905	15	0.103263713576843	0.0724418852255718
chr13	41643400	41645600	Tmem170b	7	9	16	28	1.28571428571429	1.75	15	0.164377208147385	0.137197292464055
chr15	98614400	98617000	Adcy6	12	9	22	17	-1.33333333333333	-1.29411764705882	15	0.345661647112389	1.27229187400444e-10
chr15	99008000	99010000	Tuba1c	16	14	11	19	-1.14285714285714	1.72727272727273	15	-0.36172104056149	2.9570209770632e-19
chr15	99383300	99385300	Tmbim6	10	7	20	23	-1.42857142857143	1.15	15	-0.23228118354061	2.87670529452561e-12
chr15	102261500	102263500	Rarg	18	16	10	16	-1.125	1.6	15	0.532560792730532	8.55177696158271e-35
chr16	32128600	32132100	Nrros	15	9	12	24	-1.66666666666667	2	15	0.373694610796051	0.637949470873465
chr16	87347300	87349300	N6amt1	22	12	16	10	-1.83333333333333	-1.6	15	0.0049419923898582	0.939298749473649
chr17	28122300	28124300	Scube3	10	9	19	22	-1.11111111111111	1.15789473684211	15	0.274687110884713	0.000112517415474434
chr18	60518800	60520800	Dctn4	9	7	19	25	-1.28571428571429	1.31578947368421	15	-0.153849252444663	0.000192397360021946
chr19	56497100	56500700	Plekhs1	19	15	16	10	-1.26666666666667	-1.6	15	0.594990310019607	0.325292882660536
chr1	71683100	71685100	Apol7d	13	6	14	26	-2.16666666666667	1.85714285714286	14.75	0.178639326061394	0.785676992663136
chr1	170698200	170700200	Olfml2b	7	9	25	18	1.28571428571429	-1.38888888888889	14.75	-1.6458774785176	9.81096819581998e-89
chr1	181219100	181223000	Wdr26	11	19	14	15	1.72727272727273	1.07142857142857	14.75	0.374073637949262	6.9229010542476e-21
chr2	59543600	59545600	Dapl1	9	12	16	22	1.33333333333333	1.375	14.75	1.86913271788403	NA
chr2	73059200	73061200	Sp3os	15	14	15	15	-1.07142857142857	0	14.75	-0.626090320407586	1.30478421487497e-06
chr2	125731800	125733800	Shc4	19	17	15	8	-1.11764705882353	-1.875	14.75	-0.245440279220621	0.298750718042866
chr2	167292000	167294400	B4galt5	20	12	12	15	-1.66666666666667	1.25	14.75	0.162251771844404	0.00123494386560738
chr3	108068400	108071400	Ampd2	16	13	12	18	-1.23076923076923	1.5	14.75	1.03936535590279	7.43577542976975e-56
chr4	40770500	40772500	Smu1	10	12	23	14	1.2	-1.64285714285714	14.75	0.042394882548254	0.581080053630056
chr6	49020200	49022200	Gpnmb	6	7	16	30	1.16666666666667	1.875	14.75	2.8389454196561	2.87316175675225e-38
chr7	31087000	31089000	Hpn	7	7	26	19	0	-1.36842105263158	14.75	0.881121408457901	0.242466028738081
chr7	75386600	75388600	Akap13	11	22	20	6	2	-3.33333333333333	14.75	0.104721190208378	0.183953267858798
chr8	72307300	72309300	Klf2	17	13	16	13	-1.30769230769231	-1.23076923076923	14.75	1.58041166353984	9.96495051037497e-107
chr8	83622800	83626700	Dnajb1	20	11	8	20	-1.81818181818182	2.5	14.75	0.442359159866979	8.55710856011399e-31
chr8	85394400	85398300	Mylk3	17	7	13	22	-2.42857142857143	1.69230769230769	14.75	1.76958014874931	3.11386366216374e-17
chr8	125337000	125339000	Sipa1l2	12	11	23	13	-1.09090909090909	-1.76923076923077	14.75	0.0950854542503884	0.283006676102018
chr9	54815800	54817800	Ireb2	9	8	17	25	-1.125	1.47058823529412	14.75	0.18182405958201	1.25896640833093e-06
chr9	122083600	122086800	Snrk	12	14	15	18	1.16666666666667	1.2	14.75	-0.261011849520985	0.0360894505219828
chr10	125781300	125783300	Lrig3	11	12	16	20	1.09090909090909	1.25	14.75	-1.26869808397792	2.84693231371608e-92
chr11	62812700	62814700	Trim16	22	10	14	13	-2.2	-1.07692307692308	14.75	1.02220576627861	3.81776133350228e-78
chr11	117103200	117105200	Sec14l1	12	12	19	16	0	-1.1875	14.75	0.220198569590226	1.22184873424791e-07
chr12	32130100	32133700	Pik3cg	22	14	12	11	-1.57142857142857	-1.09090909090909	14.75	NA	NA
chr13	41657800	41661700	Tmem170b	21	5	18	15	-4.2	-1.2	14.75	0.164377208147385	0.137197292464055
chr13	51021600	51024000	Spin1	13	6	19	21	-2.16666666666667	1.10526315789474	14.75	-0.275651174861848	2.04933466244781e-17
chr14	33686700	33688700	Ptpn20	13	13	13	20	0	1.53846153846154	14.75	0.173651495958266	0.770163989811085
chr15	77873300	77875300	Myh9	11	17	11	20	1.54545454545455	1.81818181818182	14.75	-0.388037313823028	1.20247708408553e-56
chr17	26366200	26369000	Neurl1b	5	11	26	17	2.2	-1.52941176470588	14.75	-1.53343544881657	1.38740354255073e-22
chr18	61675400	61678200	Il17b	9	12	14	24	1.33333333333333	1.71428571428571	14.75	NA	NA
chr18	84893800	84896000	Cyb5a	16	10	16	17	-1.6	1.0625	14.75	-0.842727195645752	2.63241207481188e-48
chr19	42237500	42239500	Golga7b	8	8	26	17	0	-1.52941176470588	14.75	6.78700385752007	5.77446501000053e-10
chr1	38729400	38731400	Aff3	14	7	22	15	-2	-1.46666666666667	14.5	-1.49526650240162	7.31694348082055e-48
chr1	157442600	157445200	Cryzl2	23	10	10	15	-2.3	1.5	14.5	0.841231734425223	0.0459080876470798
chr2	27640200	27642200	Rxra	8	11	21	18	1.375	-1.16666666666667	14.5	-0.327517877002571	1.92392221752377e-31
chr2	32636500	32638500	Ak1	13	23	13	9	1.76923076923077	-1.44444444444444	14.5	0.357988712337743	8.48686300700844e-37
chr2	154576300	154578300	E2f1	14	16	9	19	1.14285714285714	2.11111111111111	14.5	-1.22007357949088	1.99647756952244e-121
chr2	157480200	157483400	Src	11	8	23	16	-1.375	-1.4375	14.5	0.399532821815877	9.0431343422013e-14
chr4	11854100	11856100	Cdh17	15	8	19	16	-1.875	-1.1875	14.5	-2.59007934973915	2.14766296893293e-19
chr4	83210700	83212700	Ttc39b	13	18	13	14	1.38461538461538	1.07692307692308	14.5	0.14667248186368	0.0473840041534408
chr4	118314400	118316400	Ptprf	9	8	21	20	-1.125	-1.05	14.5	-0.315823882940892	8.61267969086552e-08
chr5	138953100	138955100	Pdgfa	8	7	19	24	-1.14285714285714	1.26315789473684	14.5	1.5666769263644	0
chr5	150935800	150937800	Kl	14	5	13	26	-2.8	2	14.5	-1.26576522111545	0.602143888214198
chr6	24590900	24592900	Lmod2	17	5	19	17	-3.4	-1.11764705882353	14.5	-0.331477887569044	NA
chr6	37645000	37647000	Akr1d1	14	18	14	12	1.28571428571429	-1.16666666666667	14.5	1.35018710063275	0.646008596668913
chr6	86126700	86131800	Add2	13	19	12	14	1.46153846153846	1.16666666666667	14.5	1.11118852849108	0.747528614104968
chr7	105474600	105476600	Cavin3	17	8	15	18	-2.125	1.2	14.5	-0.377368673344051	3.78689716442799e-14
chr8	15036000	15038000	BB014433	11	6	16	25	-1.83333333333333	1.5625	14.5	0.38982909723421	NA
chr8	87966800	87968800	Zfp423	13	12	15	18	-1.08333333333333	1.2	14.5	-0.0127901401424673	0.894882436967299
chr9	59182000	59184000	Adpgk	9	6	23	20	-1.5	-1.15	14.5	-0.0669667088622544	0.204746370999237
chr9	62663100	62665100	Itga11	12	15	22	9	1.25	-2.44444444444444	14.5	0.436488143085456	9.01168258844888e-20
chr9	66303700	66307300	Dapk2	13	17	15	13	1.30769230769231	-1.15384615384615	14.5	2.42495155282174	5.07158525859009e-09
chr9	71810400	71812400	Cgnl1	15	20	6	17	1.33333333333333	2.83333333333333	14.5	-0.240299190237796	6.30492506892553e-08
chr9	107323400	107326200	Hemk1	15	11	22	10	-1.36363636363636	-2.2	14.5	-0.219456086822537	0.67310404122981
chr10	125743100	125746100	Lrig3	13	15	16	14	1.15384615384615	-1.14285714285714	14.5	-1.26869808397792	2.84693231371608e-92
chr10	125809000	125811800	Lrig3	21	13	14	10	-1.61538461538462	-1.4	14.5	-1.26869808397792	2.84693231371608e-92
chr11	95213400	95215400	Tac4	17	11	15	15	-1.54545454545455	0	14.5	1.96125042705246	0.0885665037790235
chr11	95499900	95501900	Nxph3	12	12	5	29	0	5.8	14.5	0.469087250694157	0.656059181515182
chr11	101857900	101859900	Meox1	10	6	23	19	-1.66666666666667	-1.21052631578947	14.5	-1.25404712294608	0.069422355744831
chr11	102563900	102567100	Gpatch8	14	14	16	14	0	-1.14285714285714	14.5	-0.370351021214174	7.19186097815087e-08
chr11	118253300	118255300	Cyth1	14	14	14	16	0	1.14285714285714	14.5	-0.142227665483155	0.0147809143050165
chr12	86795100	86797100	Lrrc74a	19	13	14	12	-1.46153846153846	-1.16666666666667	14.5	NA	NA
chr15	83070100	83072100	Serhl	15	7	25	11	-2.14285714285714	-2.27272727272727	14.5	-0.316875948571119	0.00148571996968799
chr16	10776800	10778800	Socs1	13	17	16	12	1.30769230769231	-1.33333333333333	14.5	0.326883019516856	0.000541566678748343
chr19	55998000	56000000	Tcf7l2	13	15	8	22	1.15384615384615	2.75	14.5	-0.8371594703805	2.16338825815755e-39
chr1	92211500	92213500	Hdac4	13	13	18	13	0	-1.38461538461538	14.25	-0.57150673298616	7.01347524192006e-15
chr1	133843200	133845400	Atp2b4	11	9	15	22	-1.22222222222222	1.46666666666667	14.25	1.9281091610112	0
chr1	157439100	157441100	Cryzl2	10	6	21	20	-1.66666666666667	-1.05	14.25	0.841231734425223	0.0459080876470798
chr2	103900600	103905200	Lmo2	21	14	9	13	-1.5	1.44444444444444	14.25	1.78533007895013	0.376776067365358
chr2	143032000	143034000	Snrpb2	15	7	16	19	-2.14285714285714	1.1875	14.25	-0.369870770144506	5.78286256698822e-09
chr2	148337900	148339900	Sstr4	19	15	10	13	-1.26666666666667	1.3	14.25	1.11119377051386	0.714724306070684
chr3	130835600	130837600	Rpl34	10	18	11	18	1.8	1.63636363636364	14.25	0.35630531638289	3.38298589711456e-20
chr3	136609100	136611100	Ppp3ca	8	12	17	20	1.5	1.17647058823529	14.25	0.369305547457487	1.42773115595028e-40
chr4	149888800	149892000	Spsb1	11	17	16	13	1.54545454545455	-1.23076923076923	14.25	-0.597692566949771	9.57153076238552e-12
chr6	112401200	112403200	Ssu2	13	11	12	21	-1.18181818181818	1.75	14.25	4.02298037921367	0.000649915204563909
chr7	67481800	67483800	Lrrc28	25	12	10	10	-2.08333333333333	0	14.25	0.530080105969495	4.4842915578454e-11
chr8	68923000	68925000	Lpl	12	18	9	18	1.5	2	14.25	0.0163076503501002	0.959543199661784
chr8	92322400	92324400	Crnde	12	18	11	16	1.5	1.45454545454545	14.25	-0.123787858315611	0.3626537505391
chr9	20990000	20993600	Mrpl4	14	12	14	17	-1.16666666666667	1.21428571428571	14.25	-0.0623313218728446	0.316508137900493
chr9	32567100	32569100	Fli1	10	13	16	18	1.3	1.125	14.25	0.614323135573078	3.50780644131138e-09
chr9	51167500	51169500	Pou2af1	12	13	22	10	1.08333333333333	-2.2	14.25	2.39906035899419	0.125878867478077
chr9	55447300	55450700	Etfa	20	6	23	8	-3.33333333333333	-2.875	14.25	0.117123057699095	0.00536998821183779
chr9	114947800	114949800	Gpd1l	13	12	17	15	-1.08333333333333	-1.13333333333333	14.25	0.188275100315654	0.00364193269623801
chr11	49657600	49659800	Scgb3a1	12	8	19	18	-1.5	-1.05555555555556	14.25	0.38982909723421	NA
chr12	31245700	31249700	Lamb1	20	7	17	13	-2.85714285714286	-1.30769230769231	14.25	-2.07443083457203	3.38744399897649e-296
chr13	42548400	42550400	Phactr1	19	6	13	19	-3.16666666666667	1.46153846153846	14.25	-3.21110948724975	0.0581427919194898
chr15	67035800	67037800	Ndrg1	16	11	15	15	-1.45454545454545	0	14.25	0.0318525270280235	0.64513485377674
chr15	76157300	76159300	Plec	9	10	30	8	1.11111111111111	-3.75	14.25	-0.0228826809858454	0.632756242831537
chr15	77313500	77315500	Rbfox2	12	13	18	14	1.08333333333333	-1.28571428571429	14.25	-0.0827776344847717	0.083093680712319
chr16	30080800	30084000	Hes1	9	11	17	20	1.22222222222222	1.17647058823529	14.25	0.978830823232212	1.96175937458353e-16
chr16	44715600	44717600	Nepro	11	8	15	23	-1.375	1.53333333333333	14.25	0.0229295980903362	0.784912366972824
chr17	26396400	26398400	Neurl1b	19	16	4	18	-1.1875	4.5	14.25	-1.53343544881657	1.38740354255073e-22
chr17	27745800	27747800	Spdef	15	11	14	17	-1.36363636363636	1.21428571428571	14.25	1.97923230656903	0.22280802342924
chr17	29787900	29791500	Mdga1	19	12	10	16	-1.58333333333333	1.6	14.25	0.837239247108751	9.65709101104846e-24
chr17	73086200	73088200	Lclat1	13	19	13	12	1.46153846153846	-1.08333333333333	14.25	0.871556018472922	1.19864623217133e-98
chr18	60514800	60518300	Dctn4	13	7	19	18	-1.85714285714286	-1.05555555555556	14.25	-0.153849252444663	0.000192397360021946
chr19	3743900	3745900	Kmt5b	14	8	14	21	-1.75	1.5	14.25	0.375942459778588	1.08225934770235e-11
chr19	27122400	27124800	Vldlr	5	19	16	17	3.8	1.0625	14.25	1.48157211690517	1.86991323062085e-248
chr1	135182500	135184500	Gpr37l1	9	10	20	17	1.11111111111111	-1.17647058823529	14	0.38982909723421	NA
chr2	12022500	12026000	Itga8	15	9	22	10	-1.66666666666667	-2.2	14	-1.58364854684719	2.30828494651448e-105
chr2	48537600	48540700	Acvr2a	11	12	17	16	1.09090909090909	-1.0625	14	-0.265386016439709	0.000484503554727398
chr2	73000000	73002000	Sp3os	23	12	8	13	-1.91666666666667	1.625	14	-0.626090320407586	1.30478421487497e-06
chr4	53796200	53798200	Tal2	9	18	11	18	2	1.63636363636364	14	0.859430126433289	0.322460282291871
chr4	134978500	134982000	Syf2	10	8	19	19	-1.25	0	14	0.601224462508943	9.83310016580526e-27
chr5	103392900	103394900	Ptpn13	11	13	15	17	1.18181818181818	1.13333333333333	14	0.482777410390168	7.15817523262916e-40
chr5	110094500	110096500	Plcxd1	23	13	9	11	-1.76923076923077	1.22222222222222	14	0.0883137480072445	0.798080432166702
chr6	30595500	30597500	Cpa5	14	11	17	14	-1.27272727272727	-1.21428571428571	14	-2.53522192626109	0.222899291805795
chr7	51783000	51785000	Gas2	17	15	8	16	-1.13333333333333	2	14	-1.65145730669064	1.54928025612779e-73
chr7	142644400	142647200	Igf2	17	11	15	13	-1.54545454545455	-1.15384615384615	14	1.84986290148516	1.36876102511143e-100
chr8	107577200	107579200	Psmd7	17	17	10	12	0	1.2	14	-0.165079481587986	2.58530858754975e-05
chr9	59133500	59135500	Neo1	17	16	7	16	-1.0625	2.28571428571429	14	-0.334073848803274	6.68154125426092e-14
chr10	80195800	80197800	Efna2	13	6	14	23	-2.16666666666667	1.64285714285714	14	0.599692756327786	3.09214145092368e-09
chr10	121128400	121130400	Wif1	11	8	20	17	-1.375	-1.17647058823529	14	3.5528084892858	5.02168061085798e-302
chr11	53249900	53253600	Hspa4	19	9	11	17	-2.11111111111111	1.54545454545455	14	-0.304875445986201	5.27873390202191e-08
chr11	86839400	86841600	Dhx40	8	12	19	17	1.5	-1.11764705882353	14	0.440773305908894	4.94882257160807e-27
chr11	101680000	101682000	Arl4d	13	14	17	12	1.07692307692308	-1.41666666666667	14	0.832253973456724	4.17076793650605e-25
chr13	32923000	32925600	Serpinb1c	14	14	11	17	0	1.54545454545455	14	-0.331477887569045	NA
chr15	8715800	8717800	Slc1a3	18	11	14	13	-1.63636363636364	-1.07692307692308	14	-0.404481746692082	2.90767296825769e-11
chr15	85599100	85601100	Wnt7b	10	12	9	25	1.2	2.77777777777778	14	4.92150891061106	1.06089485050741e-27
chr15	97741300	97743300	Rapgef3	12	7	17	20	-1.71428571428571	1.17647058823529	14	-1.27329806088843	1.20494117636884e-13
chr16	30660700	30662700	Fam43a	10	8	19	19	-1.25	0	14	1.40485339703816	4.35215424661722e-109
chr18	3664800	3672100	Bambi	14	9	10	23	-1.55555555555556	2.3	14	2.18180463269001	1.80709499026492e-104
chr18	53237600	53239600	Snx24	21	5	19	11	-4.2	-1.72727272727273	14	0.0683840029827922	0.392520945553195
chr1	156769000	156771200	Ralgps2	10	16	14	15	1.6	1.07142857142857	13.75	-1.28596289073726	1.32525825736428e-25
chr1	172431600	172433800	Slamf9	10	4	22	19	-2.5	-1.15789473684211	13.75	NA	NA
chr2	32120000	32124000	Plpp7	11	13	20	11	1.18181818181818	-1.81818181818182	13.75	1.11748903355823	0.000126607963665716
chr2	36009800	36013100	Ttll11	12	13	18	12	1.08333333333333	-1.5	13.75	-0.478035671864825	0.0790130925558671
chr2	38460000	38462000	Nek6	11	10	16	18	-1.1	1.125	13.75	-0.843425529453028	7.43650519033452e-30
chr3	115737400	115739400	S1pr1	11	10	22	12	-1.1	-1.83333333333333	13.75	0.218778253947319	1.65788667467866e-09
chr4	41081000	41084300	Aqp3	7	10	16	22	1.42857142857143	1.375	13.75	1.11115634973152	NA
chr4	129416000	129418000	Zbtb8b	8	8	17	22	0	1.29411764705882	13.75	-2.55701654102337	0.0183780909169569
chr4	132807600	132809600	Themis2	9	13	11	22	1.44444444444444	2	13.75	1.11116986148538	NA
chr6	115697000	115699000	Raf1	9	9	18	19	0	1.05555555555556	13.75	0.27980375078129	8.50478131666513e-18
chr7	25831000	25833000	Cyp2s1	14	14	10	17	0	1.7	13.75	-0.598621147255266	0.229185131818994
chr8	35350400	35352400	Ppp1r3b	10	16	11	18	1.6	1.63636363636364	13.75	0.457393506262168	1.67972032699982e-07
chr8	128213200	128215200	Mir21c	12	9	18	16	-1.33333333333333	-1.125	13.75	NA	NA
chr10	69118500	69120500	Rhobtb1	9	8	14	24	-1.125	1.71428571428571	13.75	1.28557911365974	6.12873007465509e-49
chr11	32800000	32802700	Smim23	9	11	19	16	1.22222222222222	-1.1875	13.75	NA	NA
chr11	69264900	69267800	Gucy2e	16	16	12	11	0	-1.09090909090909	13.75	2.79018288647199	4.17512670811536e-05
chr16	44675500	44677500	Nepro	13	14	20	8	1.07692307692308	-2.5	13.75	0.0229295980903362	0.784912366972824
chr16	58531800	58535000	St3gal6	11	2	25	17	-5.5	-1.47058823529412	13.75	-0.750560207893286	0.00842689326605583
chr18	32523800	32525800	Gypc	16	5	17	17	-3.2	0	13.75	-0.556241416745521	7.77303937535231e-30
chr18	52717200	52719200	Gykl1	10	17	13	15	1.7	1.15384615384615	13.75	4.2800513882634	0.00782798737585461
chr18	52752700	52754700	Sncaip	6	19	12	18	3.16666666666667	1.5	13.75	6.15560618274803	1.21280842806988e-42
chr1	74961000	74964100	Ihh	15	16	10	13	1.06666666666667	1.3	13.5	1.93326184931447	0.00279845404948749
chr1	92719700	92721700	Otos	12	11	15	16	-1.09090909090909	1.06666666666667	13.5	2.96053238537423	3.60173470874306e-06
chr1	133815200	133817200	Atp2b4	6	6	16	26	0	1.625	13.5	1.9281091610112	0
chr2	34664300	34667100	Gapvd1	9	12	11	22	1.33333333333333	2	13.5	-0.15859144532313	8.02205598839831e-05
chr2	59528700	59530700	Dapl1	17	7	18	12	-2.42857142857143	-1.5	13.5	1.86913271788403	NA
chr2	137853100	137855100	Btbd3	11	17	13	13	1.54545454545455	0	13.5	0.390476825192822	5.63694103328801e-13
chr2	155595987	155597987	Gss	12	14	13	15	1.16666666666667	1.15384615384615	13.5	0.418977619673919	7.24425467594209e-12
chr2	168044400	168046800	Ripor3	11	12	13	18	1.09090909090909	1.38461538461538	13.5	2.11052331396778	1.3830412632182e-57
chr3	54646000	54648000	Supt20	8	13	13	20	1.625	1.53846153846154	13.5	-0.208735230200458	0.000169593923133116
chr3	154570700	154572700	Tyw3	8	13	12	21	1.625	1.75	13.5	-0.52576896595342	0.0584266849195927
chr4	134717300	134720800	Man1c1	17	6	12	19	-2.83333333333333	1.58333333333333	13.5	-0.55399836178835	5.07693537872216e-32
chr5	64839000	64841200	Klf3	12	7	10	25	-1.71428571428571	2.5	13.5	0.662343381567193	4.00844777306077e-31
chr6	117885200	117888500	Hnrnpf	11	21	13	9	1.90909090909091	-1.44444444444444	13.5	-0.0400821342540557	0.276923411207623
chr7	138919400	138921400	Bnip3	16	18	9	11	1.125	1.22222222222222	13.5	0.781103797624746	6.69794377715499e-13
chr8	13215700	13217700	Grtp1	8	7	20	19	-1.14285714285714	-1.05263157894737	13.5	0.4788469519306	0.0796537052623908
chr8	46216600	46218600	Slc25a4	10	10	18	16	0	-1.125	13.5	-0.220731334369712	9.81408075596982e-17
chr9	63099600	63101600	Skor1	13	9	9	23	-1.44444444444444	2.55555555555556	13.5	0.562684906953668	0.540304257454327
chr9	77824800	77826800	Gclc	10	9	21	14	-1.11111111111111	-1.5	13.5	-0.889368894522564	1.23262532042127e-30
chr9	105553000	105557700	Atp2c1	13	8	16	17	-1.625	1.0625	13.5	0.0122151794430253	0.864406392792929
chr10	68794600	68796600	Tmem26	10	11	19	14	1.1	-1.35714285714286	13.5	0.38982909723421	NA
chr10	70291100	70293100	Slc16a9	13	9	13	19	-1.44444444444444	1.46153846153846	13.5	-1.60349708784741	4.51142597984555e-43
chr10	95032200	95034200	Plxnc1	8	9	9	28	1.125	3.11111111111111	13.5	-0.732192247169987	1.19869936991779e-07
chr11	32963200	32965200	Smim23	14	12	12	16	-1.16666666666667	1.33333333333333	13.5	NA	NA
chr11	101820100	101822100	Etv4	14	8	9	23	-1.75	2.55555555555556	13.5	0.522731549443252	0.000292683112844757
chr11	116423800	116425800	Ubald2	12	14	16	12	1.16666666666667	-1.33333333333333	13.5	0.015296990322864	0.891033924195511
chr13	32912000	32914000	Serpinb1c	11	12	19	12	1.09090909090909	-1.58333333333333	13.5	-0.331477887569045	NA
chr13	34153400	34155400	Psmg4	22	13	8	11	-1.69230769230769	1.375	13.5	-0.468255260402116	1.7663611605466e-05
chr13	43502100	43505200	Ranbp9	11	18	7	18	1.63636363636364	2.57142857142857	13.5	0.610490391727578	4.55877404494699e-41
chr14	76597200	76601500	Serp2	11	18	11	14	1.63636363636364	1.27272727272727	13.5	0.456000872129577	0.0783042954062782
chr15	96972400	96974400	Slc38a4	14	15	13	12	1.07142857142857	-1.08333333333333	13.5	-0.0984775787261647	0.696612009895734
chr18	5931400	5933400	Arhgap12	10	17	13	14	1.7	1.07692307692308	13.5	0.857448385621841	1.75418170336836e-39
chr19	17288700	17290700	Gcnt1	10	12	22	10	1.2	-2.2	13.5	0.435667366606323	3.1923495004266e-15
chr1	90470100	90472100	Cops8	12	8	18	15	-1.5	-1.2	13.25	-0.0120734731121197	0.917146487563814
chr1	180283800	180287000	Psen2	8	12	15	18	1.5	1.2	13.25	0.134690077907329	0.246977445759081
chr2	94288700	94290700	Mir670	7	6	17	23	-1.16666666666667	1.35294117647059	13.25	NA	NA
chr2	118498700	118500700	Srp14	8	17	9	19	2.125	2.11111111111111	13.25	0.253657086779396	1.28604049886443e-09
chr3	94610300	94612300	Tuft1	11	14	5	23	1.27272727272727	4.6	13.25	0.249441288929852	0.853776218469167
chr3	130819400	130821400	Rpl34	8	13	13	19	1.625	1.46153846153846	13.25	0.35630531638289	3.38298589711456e-20
chr3	147973200	147976600	Adgrl2	16	12	14	11	-1.33333333333333	-1.27272727272727	13.25	-0.837327651478618	2.8034470291173e-115
chr4	133906700	133908700	Rps6ka1	13	16	9	15	1.23076923076923	1.66666666666667	13.25	-0.697095282451397	6.38250044225842e-16
chr5	104127900	104129900	Sparcl1	7	13	23	10	1.85714285714286	-2.3	13.25	-0.989339459379097	6.89414531134631e-71
chr5	107079000	107081600	Tgfbr3	9	10	13	21	1.11111111111111	1.61538461538462	13.25	-0.941836407905198	9.0211276975913e-49
chr5	114465600	114469100	Mvk	15	10	13	15	-1.5	1.15384615384615	13.25	-0.215445950703012	0.000683826184556397
chr5	138965400	138967600	Pdgfa	9	13	11	20	1.44444444444444	1.81818181818182	13.25	1.5666769263644	0
chr6	39433400	39436600	Mkrn1	18	10	7	18	-1.8	2.57142857142857	13.25	0.381203297621434	4.78047270677466e-12
chr6	51593200	51596000	Snx10	13	17	8	15	1.30769230769231	1.875	13.25	-0.35860276310959	6.60708910743968e-09
chr6	54731800	54733800	Mturn	9	7	20	17	-1.28571428571429	-1.17647058823529	13.25	-0.22727156123524	2.24684636840037e-05
chr7	128368200	128370200	Rgs10	11	15	20	7	1.36363636363636	-2.85714285714286	13.25	-0.257019354076539	1.10378717345497e-05
chr8	35126000	35128000	Tnks	12	6	22	13	-2	-1.69230769230769	13.25	-0.339415328093705	4.64304461932347e-15
chr9	58517500	58519500	Cd276	17	9	13	14	-1.88888888888889	1.07692307692308	13.25	0.653906252173511	1.77355965613977e-87
chr9	63030400	63032400	Pias1	19	13	7	14	-1.46153846153846	2	13.25	-0.438249525431094	1.36290407646885e-20
chr9	63057900	63060800	Pias1	16	9	13	15	-1.77777777777778	1.15384615384615	13.25	-0.438249525431094	1.36290407646885e-20
chr9	67000700	67002700	Lactb	19	15	10	9	-1.26666666666667	-1.11111111111111	13.25	0.217435708372053	0.0308296551116534
chr10	27987400	27989400	Ptprk	13	14	13	13	1.07692307692308	0	13.25	0.199905901146978	0.0327967634841893
chr10	62795300	62797300	Ccar1	12	16	10	15	1.33333333333333	1.5	13.25	0.300695377892586	6.71858530181646e-08
chr10	108088200	108090200	Ppp1r12a	10	10	12	21	0	1.75	13.25	-0.114733190949009	0.00836899210529182
chr11	69717200	69720300	Polr2a	13	10	15	15	-1.3	0	13.25	-0.680818217051625	5.6385052508586e-89
chr12	8824400	8826400	Sdc1	11	14	10	18	1.27272727272727	1.8	13.25	-0.217637233279122	6.72983381487671e-11
chr13	51327700	51329700	S1pr3	7	12	19	15	1.71428571428571	-1.26666666666667	13.25	3.56747860232361	0.00551930395365005
chr14	55335600	55340300	Dhrs2	4	20	12	17	5	1.41666666666667	13.25	NA	NA
chr15	51773600	51776400	Eif3h	10	8	25	10	-1.25	-2.5	13.25	0.0898615113380432	0.0716260673161841
chr16	38391700	38393700	Popdc2	10	15	14	14	1.5	0	13.25	-2.39473702883506	0.0241891070157472
chr17	79917600	79921100	Atl2	10	12	14	17	1.2	1.21428571428571	13.25	0.184429610108496	0.000218073504925676
chr17	85969900	85972500	Srbd1	17	10	14	12	-1.7	-1.16666666666667	13.25	-0.113172932355112	0.0307864987483701
chr17	86904500	86906500	Tmem247	14	7	20	12	-2	-1.66666666666667	13.25	NA	NA
chr18	46675400	46677400	Cdo1	11	10	15	17	-1.1	1.13333333333333	13.25	1.8112224693268	9.81623317210813e-43
chr18	80040800	80043200	Pard6g	4	8	15	26	2	1.73333333333333	13.25	0.889816937302452	9.16407350803032e-63
chr19	27379500	27381500	Pum3	11	17	11	14	1.54545454545455	1.27272727272727	13.25	-0.253580019142761	1.44037805119407e-10
chr1	59367700	59369700	Cdk15	3	13	14	22	4.33333333333333	1.57142857142857	13	-0.625791464704545	0.000534371245637998
chr1	125525300	125527300	Slc35f5	11	7	21	13	-1.57142857142857	-1.61538461538462	13	0.34966410165845	3.38566537183542e-19
chr2	26040600	26042600	Ubac1	18	10	11	13	-1.8	1.18181818181818	13	-0.373360612018807	1.06894888721421e-16
chr2	93338700	93340700	Tspan18	11	5	20	16	-2.2	-1.25	13	-1.68929017249783	2.4136571743999e-94
chr2	168837000	168841500	Sall4	14	13	15	10	-1.07692307692308	-1.5	13	NA	NA
chr2	174875500	174879900	Edn3	14	10	15	13	-1.4	-1.15384615384615	13	NA	NA
chr3	132032400	132034400	Dkk2	13	14	11	14	1.07692307692308	1.27272727272727	13	-0.972574021624903	5.56853864393117e-05
chr3	147966200	147968600	Adgrl2	16	15	6	15	-1.06666666666667	2.5	13	-0.837327651478618	2.8034470291173e-115
chr4	150228600	150231600	Eno1	10	9	17	16	-1.11111111111111	-1.0625	13	-0.0661535939441818	0.350543816244013
chr6	52085500	52087500	Halr1	10	14	20	8	1.4	-2.5	13	0.734940650087101	0.627745845758079
chr6	94771700	94775600	Lrig1	12	5	14	21	-2.4	1.5	13	-0.190551583689381	0.00584552763945368
chr6	117245100	117247100	Cxcl12	12	12	12	16	0	1.33333333333333	13	-1.20151763292382	2.41558293569907e-154
chr6	149233400	149235400	Amn1	6	7	16	23	1.16666666666667	1.4375	13	0.549465951107934	2.15186745624011e-10
chr7	112212600	112214600	Mical2	14	7	19	12	-2	-1.58333333333333	13	0.662451413855204	8.42925122283863e-42
chr7	126754300	126756300	Mapk3	22	12	7	11	-1.83333333333333	1.57142857142857	13	-0.221432398078825	1.12944835288496e-11
chr8	85317300	85320400	Orc6	12	12	15	13	0	-1.15384615384615	13	-0.701828739439666	1.27544955940525e-29
chr8	107886100	107888100	Zfhx3	9	11	20	12	1.22222222222222	-1.66666666666667	13	-0.568331479033066	1.31276179716601e-14
chr8	115527200	115529200	Maf	18	9	10	15	-2	1.5	13	-0.133771647111139	0.00835097808824254
chr8	127719800	127722400	Pard3	4	10	17	21	2.5	1.23529411764706	13	-0.371557221918267	3.86316908969017e-20
chr9	30895800	30897800	Adamts15	17	9	13	13	-1.88888888888889	0	13	4.60713547901504	9.08138943620456e-07
chr9	67616500	67618500	Tln2	17	7	12	16	-2.42857142857143	1.33333333333333	13	-1.23564654083848	3.60386327479082e-61
chr9	75435100	75437100	Leo1	16	6	14	16	-2.66666666666667	1.14285714285714	13	-0.119580672998422	0.0335153195630968
chr9	87556400	87558400	Tbx18	13	9	12	18	-1.44444444444444	1.5	13	0.00458229719875478	0.939190744443222
chr9	88069000	88071000	Nt5e	21	13	7	11	-1.61538461538462	1.57142857142857	13	1.76383277396217	0
chr10	3509300	3511300	Iyd	14	8	14	16	-1.75	1.14285714285714	13	1.11163962481317	NA
chr10	80921800	80923800	Lmnb2	12	13	11	16	1.08333333333333	1.45454545454545	13	-0.612674175843825	7.51243177112455e-26
chr10	82961200	82963200	Chst11	9	9	18	16	0	-1.125	13	3.87321850748161	0
chr11	3561200	3563200	Smtn	15	14	10	13	-1.07142857142857	1.3	13	0.834096211476711	1.37109047412331e-123
chr11	63774800	63776800	Hs3st3b1	12	9	16	15	-1.33333333333333	-1.06666666666667	13	0.389822341357282	NA
chr11	78815400	78818800	Lyrm9	10	13	15	14	1.3	-1.07142857142857	13	-0.240490169839768	0.692600945881352
chr12	69377500	69379500	Arf6	15	12	18	7	-1.25	-2.57142857142857	13	0.091876503198183	0.0419823854076265
chr12	84913700	84915700	Arel1	7	4	17	24	-1.75	1.41176470588235	13	0.0880498266697683	0.425896111009184
chr12	85574100	85576700	Jdp2	9	10	10	23	1.11111111111111	2.3	13	-0.230377113454724	0.0172515692255376
chr13	32517900	32519900	Gmds	9	13	12	18	1.44444444444444	1.5	13	-0.433114017169383	1.43915839234623e-12
chr13	63943600	63945600	Ercc6l2	10	8	12	22	-1.25	1.83333333333333	13	0.367105145082027	4.57559500904421e-06
chr15	93655600	93657600	Prickle1	10	12	11	19	1.2	1.72727272727273	13	0.847430998826894	9.88500264957558e-55
chr17	14230200	14233600	Dact2	7	9	24	12	1.28571428571429	-2	13	-2.33795616114374	1.65778631348229e-07
chr17	26369600	26371600	Neurl1b	7	9	17	19	1.28571428571429	1.11764705882353	13	-1.53343544881657	1.38740354255073e-22
chr18	5339900	5341900	Zfp438	9	15	17	11	1.66666666666667	-1.54545454545455	13	-0.0824089740430542	0.607222253488992
chr18	8895900	8897900	Fzd8	16	11	12	13	-1.45454545454545	1.08333333333333	13	1.13839991187118	6.3769656973663e-96
chr19	56760400	56762400	Ccdc186	6	11	16	19	1.83333333333333	1.1875	13	0.77998813123309	1.67129257789839e-73
chr1	88798500	88801800	Platr5	10	15	10	16	1.5	1.6	12.75	1.66136585648454	NA
chr1	169847500	169849500	Ccdc190	7	15	18	11	2.14285714285714	-1.63636363636364	12.75	-1.03425711904434	0.683017390956314
chr1	171170400	171172400	Mpz	10	10	16	15	0	-1.06666666666667	12.75	0.153875220276303	0.749535152147075
chr1	192860800	192862800	Sertad4	8	8	23	12	0	-1.91666666666667	12.75	0.572910759432746	2.47559403280245e-50
chr2	71190000	71193700	Dync1i2	13	13	11	14	0	1.27272727272727	12.75	-0.172509820924262	2.16326517360886e-09
chr2	79541500	79546100	Cerkl	4	10	18	19	2.5	1.05555555555556	12.75	0.389849708499836	0.920097392667293
chr2	119303900	119305900	Vps18	16	12	14	9	-1.33333333333333	-1.55555555555556	12.75	-0.030941759237794	0.657785939058586
chr2	142980000	142982000	Kif16bos	13	16	12	10	1.23076923076923	-1.2	12.75	0.413114354914779	0.891157158903524
chr3	147885700	147887700	Adgrl2	13	7	11	20	-1.85714285714286	1.81818181818182	12.75	-0.837327651478618	2.8034470291173e-115
chr5	32159700	32161700	Fosl2	13	16	7	15	1.23076923076923	2.14285714285714	12.75	0.587839733559199	7.57116296898315e-58
chr5	73853800	73855800	Usp46	14	9	17	11	-1.55555555555556	-1.54545454545455	12.75	-0.214013740215285	1.51434205802161e-05
chr5	77128700	77132500	Hopx	14	11	16	10	-1.27272727272727	-1.6	12.75	0.277975148641016	0.0561021532351139
chr6	127528800	127530800	Cracr2a	10	5	21	15	-2	-1.4	12.75	0.778352537058931	6.49775044448137e-32
chr7	105728100	105730100	Rrp8	19	6	19	7	-3.16666666666667	-2.71428571428571	12.75	0.108307672232246	0.215843057439304
chr8	128266400	128269000	Mir21c	13	11	11	16	-1.18181818181818	1.45454545454545	12.75	NA	NA
chr9	61360100	61362100	Tle3	10	11	15	15	1.1	0	12.75	0.395863919096745	2.49038658844737e-25
chr9	87617300	87619300	Tbx18	17	10	15	9	-1.7	-1.66666666666667	12.75	0.00458229719875478	0.939190744443222
chr10	12986200	12988200	Sf3b5	7	9	17	18	1.28571428571429	1.05882352941176	12.75	0.172245419360113	0.0234395934558932
chr11	77625600	77627800	Taok1	11	9	18	13	-1.22222222222222	-1.38461538461538	12.75	0.192025808287932	2.59906364766525e-05
chr11	85874600	85877900	Tbx4	15	9	4	23	-1.66666666666667	5.75	12.75	-0.922141874445448	0.650536526313868
chr11	87004300	87006300	Ypel2	18	10	11	12	-1.8	1.09090909090909	12.75	0.309554830959532	3.96518630975269e-07
chr12	9237200	9239200	Ttc32	10	9	18	14	-1.11111111111111	-1.28571428571429	12.75	-0.322383182202102	0.0805860824156302
chr12	30167500	30169500	Sntg2	10	13	14	14	1.3	0	12.75	NA	NA
chr13	32610600	32612600	Mylk4	7	10	8	26	1.42857142857143	3.25	12.75	0.392664364420881	0.686352374360947
chr13	34155700	34157700	Psmg4	14	8	11	18	-1.75	1.63636363636364	12.75	-0.468255260402116	1.7663611605466e-05
chr13	99780200	99782200	Cartpt	11	15	4	21	1.36363636363636	5.25	12.75	-0.0639314283475696	0.970730794031638
chr14	25685400	25688600	Ppif	10	9	18	14	-1.11111111111111	-1.28571428571429	12.75	-0.644924777135729	4.46633313269291e-17
chr14	32949900	32951900	Lrrc18	6	16	11	18	2.66666666666667	1.63636363636364	12.75	NA	NA
chr15	99661700	99664500	Asic1	10	16	11	14	1.6	1.27272727272727	12.75	-0.537822667731283	1.84484672350066e-08
chr15	103370900	103372900	Itga5	12	8	17	14	-1.5	-1.21428571428571	12.75	0.0398862232685267	0.29271251665637
chr16	20090200	20092200	Klhl24	8	11	14	18	1.375	1.28571428571429	12.75	1.5952352930835	2.41576635472062e-144
chr16	21388700	21390700	Vps8	9	7	16	19	-1.28571428571429	1.1875	12.75	0.136837427507223	0.446144109610292
chr19	26548000	26551700	Smarca2	12	9	19	11	-1.33333333333333	-1.72727272727273	12.75	-0.601284534659384	1.28751607245769e-54
chr1	14504600	14506600	Eya1	12	11	14	13	-1.09090909090909	-1.07692307692308	12.5	-0.941092826822915	2.94124271659598e-34
chr1	74179000	74181000	Cxcr1	12	16	11	11	1.33333333333333	0	12.5	NA	NA
chr1	132851400	132854800	Lrrn2	16	16	8	10	0	1.25	12.5	1.67442400095584	0.545801091302288
chr2	17838400	17842400	Nebl	9	10	14	17	1.11111111111111	1.21428571428571	12.5	0.386316701969989	0.833946642839399
chr2	29271200	29273200	Ntng2	9	9	22	10	0	-2.2	12.5	0.440204639391596	8.54418112820614e-07
chr2	32639800	32641800	Eng	13	15	5	17	1.15384615384615	3.4	12.5	-0.240605248002022	0.16661678536708
chr2	103324500	103326500	Ehf	10	13	14	13	1.3	-1.07692307692308	12.5	2.18679992775124	2.93560678370288e-22
chr2	150777500	150779500	Pygb	9	15	11	15	1.66666666666667	1.36363636363636	12.5	-0.112394362991792	0.00524985889529373
chr2	153606600	153608600	Commd7	7	10	11	22	1.42857142857143	2	12.5	-0.0959757746984832	0.127655852547559
chr2	168610100	168612100	Nfatc2	11	6	13	20	-1.83333333333333	1.53846153846154	12.5	-0.629673329043685	0.00712179622848767
chr2	170168500	170170500	Zfp217	11	10	17	12	-1.1	-1.41666666666667	12.5	-0.376011106139295	2.44984232261525e-05
chr4	63185400	63188000	Kif12	6	16	15	13	2.66666666666667	-1.15384615384615	12.5	-2.10277881230972	0.444263816034465
chr4	124034000	124039300	Rragc	22	8	11	9	-2.75	-1.22222222222222	12.5	0.524831734280967	2.90094212524669e-39
chr4	152164500	152166500	Hes2	10	22	8	10	2.2	1.25	12.5	1.8330320894632	NA
chr5	73692900	73695900	Spata18	8	7	21	14	-1.14285714285714	-1.5	12.5	1.11116986148538	NA
chr5	139571400	139573400	Uncx	5	9	24	12	1.8	-2	12.5	NA	NA
chr6	29245200	29247200	Hilpda	7	11	16	16	1.57142857142857	0	12.5	0.821280489199898	9.00202049844418e-35
chr6	149134100	149136100	Etfbkmt	8	16	14	12	2	-1.16666666666667	12.5	0.183989222303272	0.30709723976825
chr7	67379600	67381600	Mef2a	14	11	8	17	-1.27272727272727	2.125	12.5	0.810555827109887	6.49919429615051e-89
chr8	23453400	23455400	Sfrp1	15	7	16	12	-2.14285714285714	-1.33333333333333	12.5	0.966245850827986	0.742519533641734
chr8	57399600	57402800	Scrg1	7	11	7	25	1.57142857142857	3.57142857142857	12.5	NA	NA
chr8	115805600	115807600	Maf	14	9	19	8	-1.55555555555556	-2.375	12.5	-0.133771647111139	0.00835097808824254
chr9	32409400	32411400	Kcnj1	13	13	11	13	0	1.18181818181818	12.5	NA	NA
chr10	20904200	20909400	Ahi1	13	10	9	18	-1.3	2	12.5	0.38209103031575	4.8474809956236e-16
chr10	62099200	62103000	Fam241b	15	5	13	17	-3	1.30769230769231	12.5	NA	NA
chr10	75872800	75874800	Mif	13	8	15	14	-1.625	-1.07142857142857	12.5	0.151984903574161	0.0484929516158997
chr10	128258500	128260500	Apon	9	7	21	13	-1.28571428571429	-1.61538461538462	12.5	-0.605634392092752	0.471653370129312
chr11	49754400	49756400	Gfpt2	13	7	14	16	-1.85714285714286	1.14285714285714	12.5	0.681941838074934	1.96994081690746e-06
chr11	95181100	95183100	Dlx4	15	13	10	12	-1.15384615384615	1.2	12.5	1.32743231634957	6.04984486252903e-09
chr11	121014700	121016700	Cd7	14	9	14	13	-1.55555555555556	-1.07692307692308	12.5	NA	NA
chr12	33978400	33980400	Twist1	7	12	14	17	1.71428571428571	1.21428571428571	12.5	-0.250255030016684	6.31006507015216e-05
chr13	32928500	32930500	Serpinb1c	11	12	16	11	1.09090909090909	-1.45454545454545	12.5	-0.331477887569045	NA
chr15	6952900	6955500	Osmr	3	10	19	18	3.33333333333333	-1.05555555555556	12.5	-0.984571802979582	7.70894378314953e-18
chr15	36899200	36902200	Zfp706	6	7	20	17	1.16666666666667	-1.17647058823529	12.5	-0.489034283854612	2.83973529382434e-08
chr15	96801600	96803600	Slc38a2	18	5	13	14	-3.6	1.07692307692308	12.5	0.485254417304118	3.38898124384836e-46
chr16	4011800	4014500	Slx4	12	14	15	9	1.16666666666667	-1.66666666666667	12.5	-0.256052210196477	0.00340506558051958
chr16	30098900	30100900	Hes1	6	8	13	23	1.33333333333333	1.76923076923077	12.5	0.978830823232212	1.96175937458353e-16
chr16	91969200	91971200	Atp5o	8	5	13	24	-1.6	1.84615384615385	12.5	-0.298660334683766	6.3858479268789e-16
chr16	91994500	91996500	Mrps6	11	14	9	16	1.27272727272727	1.77777777777778	12.5	-0.285547344181455	2.36446391910773e-07
chr17	47850366	47852366	Mdfi	4	7	21	18	1.75	-1.16666666666667	12.5	-0.388437962607337	0.860095791704813
chr19	26507400	26511000	Smarca2	12	7	17	14	-1.71428571428571	-1.21428571428571	12.5	-0.601284534659384	1.28751607245769e-54
chr1	38769400	38771400	Lonrf2	12	5	17	15	-2.4	-1.13333333333333	12.25	2.83269469575906	NA
chr1	60935200	60937200	Ctla4	8	9	10	22	1.125	2.2	12.25	NA	NA
chr1	90423500	90425500	Cops8	8	5	16	20	-1.6	1.25	12.25	-0.0120734731121197	0.917146487563814
chr1	161462600	161465400	Tnfsf18	10	12	13	14	1.2	1.07692307692308	12.25	-0.353253190426434	NA
chr1	182985700	182987700	Tlr5	8	12	18	11	1.5	-1.63636363636364	12.25	0.32729286480972	0.00347240524677104
chr1	193385300	193387300	Camk1g	9	3	29	8	-3	-3.625	12.25	-1.16371175666056	0.512725456394929
chr2	19145000	19147000	Armc3	13	7	17	12	-1.85714285714286	-1.41666666666667	12.25	-3.101405718272	0.278559208145103
chr2	75957800	75961600	Ttc30a2	9	11	18	11	1.22222222222222	-1.63636363636364	12.25	2.37783345143956	NA
chr2	91027700	91029700	Rapsn	13	9	12	15	-1.44444444444444	1.25	12.25	0.61583131749604	0.15950625807497
chr2	103893800	103898800	Lmo2	15	12	11	11	-1.25	0	12.25	1.78533007895013	0.376776067365358
chr2	168047300	168049300	Pard6b	9	11	17	12	1.22222222222222	-1.41666666666667	12.25	-3.03977448238194	0.0637215134589125
chr3	104539800	104543300	Lrig2	17	6	17	9	-2.83333333333333	-1.88888888888889	12.25	0.0324849007619679	0.795846423469912
chr3	104564700	104566700	Lrig2	10	9	21	9	-1.11111111111111	-2.33333333333333	12.25	0.0324849007619679	0.795846423469912
chr4	120143600	120145600	Edn2	7	12	16	14	1.71428571428571	-1.14285714285714	12.25	0.38982909723421	NA
chr4	120247000	120250600	Foxo6	4	9	10	26	2.25	2.6	12.25	-1.04396964669488	0.645686763572289
chr4	135079200	135081200	Runx3	12	9	16	12	-1.33333333333333	-1.33333333333333	12.25	0.70879509212861	2.69896403444868e-33
chr4	141259700	141261700	Arhgef19	18	8	15	8	-2.25	-1.875	12.25	0.990620317149841	9.39823937208269e-81
chr6	42390900	42392900	Tas2r143	18	8	14	9	-2.25	-1.55555555555556	12.25	0.357328021878794	NA
chr6	142549800	142553000	Kcnj8	12	8	18	11	-1.5	-1.63636363636364	12.25	NA	NA
chr7	51693200	51695200	Slc17a6	18	12	10	9	-1.5	-1.11111111111111	12.25	0.438935131614231	0.688614158100311
chr7	51741700	51743700	Slc17a6	12	9	10	18	-1.33333333333333	1.8	12.25	0.438935131614231	0.688614158100311
chr8	61396400	61398400	Sh3rf1	15	11	7	16	-1.36363636363636	2.28571428571429	12.25	0.866029655598424	4.54254044837934e-49
chr9	70670600	70673000	Adam10	7	14	14	14	2	0	12.25	0.018502762071854	0.670920714919131
chr9	87773300	87775300	Tbx18	11	12	19	7	1.09090909090909	-2.71428571428571	12.25	0.00458229719875478	0.939190744443222
chr10	61825400	61828000	Col13a1	12	9	13	15	-1.33333333333333	1.15384615384615	12.25	7.46053146304081	3.00862834333199e-12
chr11	77900600	77902600	Pipox	7	7	15	20	0	1.33333333333333	12.25	0.163209348218515	0.89088994130234
chr11	98295800	98299200	Neurod2	10	11	10	18	1.1	1.8	12.25	0.38982909723421	NA
chr12	15602900	15604900	Mir6387	11	6	22	10	-1.83333333333333	-2.2	12.25	1.83492847526347	NA
chr13	3723100	3725100	Calml3	18	11	8	12	-1.63636363636364	1.5	12.25	4.59716092245112	2.98566035503547e-05
chr14	60408800	60411800	Amer2	7	9	13	20	1.28571428571429	1.53846153846154	12.25	NA	NA
chr15	36884400	36886400	Ywhaz	14	8	10	17	-1.75	1.7	12.25	-0.129981715111151	4.00500747665512e-06
chr15	36973100	36975100	Zfp706	6	13	11	19	2.16666666666667	1.72727272727273	12.25	-0.489034283854612	2.83973529382434e-08
chr15	38175600	38177600	Odf1	10	8	11	20	-1.25	1.81818181818182	12.25	0.389815904760636	NA
chr15	59173000	59175600	Mtss1	13	11	11	14	-1.18181818181818	1.27272727272727	12.25	-0.393575043142213	1.36825325603273e-08
chr16	44600400	44603200	Boc	7	6	15	21	-1.16666666666667	1.4	12.25	0.849526817235809	1.39295024372809e-60
chr16	58655700	58660200	Cpox	14	12	10	13	-1.16666666666667	1.3	12.25	0.876896383655871	5.15944437268692e-79
chr17	25679300	25681300	Gng13	12	8	14	15	-1.5	1.07142857142857	12.25	1.11117688693878	NA
chr17	44151200	44153200	Clic5	8	17	8	16	2.125	2	12.25	2.17090544483512	6.43953525604857e-16
chr17	46885400	46887400	Tbcc	15	16	11	7	1.06666666666667	-1.57142857142857	12.25	-0.0989943757640281	0.205545444216482
chr17	47862800	47864800	Foxp4	21	7	13	8	-3	-1.625	12.25	-0.312796677577702	7.87410375828529e-08
chr18	4871700	4873700	Svil	9	4	17	19	-2.25	1.11764705882353	12.25	-0.309210735377921	2.21098186362489e-10
chr19	6022500	6024500	Capn1	7	13	15	14	1.85714285714286	-1.07142857142857	12.25	0.108487537555099	0.0127249965177102
chr19	55142400	55145400	Gpam	10	6	15	18	-1.66666666666667	1.2	12.25	-0.372391892402992	2.47383822129393e-08
chr1	23334000	23337900	Mir30c-2	16	12	13	7	-1.33333333333333	-1.85714285714286	12	NA	NA
chr1	72936000	72938000	Igfbp5	18	8	8	14	-2.25	1.75	12	-1.81278608773048	8.9951731659332e-68
chr1	134340800	134342800	Tmem183a	8	15	13	12	1.875	-1.08333333333333	12	0.452909085591982	1.31812062399675e-18
chr2	51844200	51846200	Rbm43	9	10	19	10	1.11111111111111	-1.9	12	-0.536517806241642	3.93099407110083e-15
chr2	132989200	132991200	Fermt1	9	12	7	20	1.33333333333333	2.85714285714286	12	NA	NA
chr4	54027400	54031000	Tmem38b	12	7	21	8	-1.71428571428571	-2.625	12	0.25401914173132	0.000812773989354868
chr4	120675000	120682800	Cited4	16	11	9	12	-1.45454545454545	1.33333333333333	12	NA	NA
chr4	134306500	134308500	Trim63	10	7	13	18	-1.42857142857143	1.38461538461538	12	2.791228770821	0.00299803859362951
chr5	37966400	37970100	Stx18	10	8	18	12	-1.25	-1.5	12	0.704030167305693	1.25080167872293e-20
chr5	52712100	52714100	Pi4k2b	13	4	17	14	-3.25	-1.21428571428571	12	0.885354577116062	2.0345454600545e-89
chr5	74183200	74185200	Rasl11b	15	10	16	7	-1.5	-2.28571428571429	12	-0.674019844776619	1.15462289938231e-05
chr5	107014200	107016400	Cdc7	9	14	10	15	1.55555555555556	1.5	12	-0.990449397781848	6.27055062094329e-18
chr6	30604000	30606000	Cpa5	13	17	8	10	1.30769230769231	1.25	12	-2.53522192626109	0.222899291805795
chr6	112981400	112983400	Srgap3	21	10	9	8	-2.1	-1.125	12	0.316959165488881	7.81472460726689e-19
chr7	35166400	35168400	Slc7a10	14	11	12	11	-1.27272727272727	-1.09090909090909	12	NA	NA
chr7	51735600	51737600	Slc17a6	11	5	18	14	-2.2	-1.28571428571429	12	0.438935131614231	0.688614158100311
chr7	127095600	127097600	AI467606	7	7	18	16	0	-1.125	12	2.84400630228078	3.07086763832404e-19
chr8	11591500	11593500	Ankrd10	4	14	9	21	3.5	2.33333333333333	12	0.339500225492856	8.61269938856112e-07
chr8	72267800	72269800	Ap1m1	16	11	12	9	-1.45454545454545	-1.33333333333333	12	0.405547111408483	4.27930829763772e-25
chr9	35529000	35531000	Ddx25	12	7	16	13	-1.71428571428571	-1.23076923076923	12	2.28590579819661	0.0831059485273985
chr9	64060600	64062600	Scarletltr	11	17	11	9	1.54545454545455	-1.22222222222222	12	0.829574158189694	0.652205608411285
chr10	61067600	61070500	Pcbd1	8	10	15	15	1.25	0	12	0.389823182576969	NA
chr10	70860200	70862200	Bicc1	9	10	22	7	1.11111111111111	-3.14285714285714	12	-0.164029278704097	1.06732235546558e-06
chr11	101145600	101147600	Tubg2	10	13	11	14	1.3	1.27272727272727	12	-0.204879893847845	0.325314041283804
chr12	109950600	109953500	Mirg	13	13	12	10	0	-1.2	12	0.782216034824834	0.560117040999046
chr13	41661800	41663800	Tmem170b	13	7	10	18	-1.85714285714286	1.8	12	0.164377208147385	0.137197292464055
chr13	51017000	51019000	Spin1	7	13	12	16	1.85714285714286	1.33333333333333	12	-0.275651174861848	2.04933466244781e-17
chr14	79306400	79309200	Rgcc	15	10	11	12	-1.5	1.09090909090909	12	1.3633138028533	7.2874923511923e-18
chr14	102925000	102927000	Mir5130	13	8	14	13	-1.625	-1.07692307692308	12	NA	NA
chr15	7441300	7444100	Egflam	11	9	12	16	-1.22222222222222	1.33333333333333	12	1.70035979637939	0.368052190501211
chr15	26953100	26955100	Fbxl7	10	6	16	16	-1.66666666666667	0	12	-0.721983339213339	3.84207536725014e-13
chr16	17742300	17744300	Med15	10	6	10	22	-1.66666666666667	2.2	12	0.233525334217947	3.0212320846317e-06
chr17	12630800	12632800	Slc22a1	4	9	20	15	2.25	-1.33333333333333	12	1.84452976606568	0.60490221128053
chr17	42790000	42792000	Cd2ap	17	11	5	15	-1.54545454545455	3	12	1.3965328374501	3.0903821679479e-259
chr17	66276200	66278800	Mtcl1	16	6	13	13	-2.66666666666667	0	12	-0.600158603936429	6.61289134318564e-05
chr17	86957300	86959300	Rhoq	11	15	11	11	1.36363636363636	0	12	0.623071641205396	1.39908211725954e-113
chr18	5855800	5857800	Zeb1	14	12	9	13	-1.16666666666667	1.44444444444444	12	-0.50888431738639	0.00287604016377372
chr18	6144300	6146300	Arhgap12	9	10	15	14	1.11111111111111	-1.07142857142857	12	0.857448385621841	1.75418170336836e-39
chr18	13138700	13141500	Hrh4	7	12	17	12	1.71428571428571	-1.41666666666667	12	NA	NA
chr18	38153000	38155000	Pcdh1	10	8	14	16	-1.25	1.14285714285714	12	-3.20374164794206	0.0893868055823173
chr18	52749300	52751300	Sncaip	6	9	12	21	1.5	1.75	12	6.15560618274803	1.21280842806988e-42
chr18	62159300	62164200	Adrb2	9	12	17	10	1.33333333333333	-1.7	12	0.182828643048322	0.75672186212548
chr19	23489100	23491100	Mamdc2	11	5	23	9	-2.2	-2.55555555555556	12	3.88847313305276	1.0564180532702e-11
chr1	43425300	43428100	Nck2	9	6	10	22	-1.5	2.2	11.75	-1.39064868959055	2.07657393348753e-61
chr1	73540600	73542600	Pinc	15	8	13	11	-1.875	-1.18181818181818	11.75	0.38982909723421	NA
chr1	74270700	74272700	Gpbar1	11	12	12	12	1.09090909090909	0	11.75	1.00559884521008	0.627710577895956
chr1	153200600	153202600	Lamc2	11	11	11	14	0	1.27272727272727	11.75	2.76133880643007	2.31299811507574e-23
chr1	184724300	184726300	Hlx	12	16	9	10	1.33333333333333	1.11111111111111	11.75	-0.12806404623032	0.117614512699903
chr2	19670100	19672100	Otud1	13	10	9	15	-1.3	1.66666666666667	11.75	0.579790599623395	9.95352171835151e-16
chr2	148116400	148118400	Foxa2	13	8	11	15	-1.625	1.36363636363636	11.75	NA	NA
chr3	27724900	27726900	Fndc3b	3	6	18	20	2	1.11111111111111	11.75	0.606091387825558	6.19720782203548e-63
chr3	57444900	57446900	Tm4sf4	12	16	4	15	1.33333333333333	3.75	11.75	-1.59210186592602	0.580830186395984
chr3	84429600	84431600	Fhdc1	8	9	18	12	1.125	-1.5	11.75	-1.03493405956257	0.00281657698978196
chr3	98245000	98248300	Reg4	3	14	12	18	4.66666666666667	1.5	11.75	NA	NA
chr3	137752400	137754400	Mir6380	14	14	10	9	0	-1.11111111111111	11.75	NA	NA
chr5	35188400	35190400	Lrpap1	10	9	7	21	-1.11111111111111	3	11.75	-0.0355510797401883	0.57640359305516
chr5	64852200	64854200	Klf3	17	8	13	9	-2.125	-1.44444444444444	11.75	0.662343381567193	4.00844777306077e-31
chr5	134643900	134645900	Eif4h	11	11	9	16	0	1.77777777777778	11.75	-0.0471123207239489	0.123807560894376
chr5	144977800	144979800	Smurf1	12	9	13	13	-1.33333333333333	0	11.75	-0.612170321749446	1.74955972714961e-50
chr6	120828600	120831000	Bcl2l13	5	16	13	13	3.2	0	11.75	0.633273499044676	2.13824032487873e-27
chr7	16052800	16054800	Bicra	10	20	7	10	2	1.42857142857143	11.75	-0.367358280402343	4.15656182024551e-06
chr8	128543500	128545500	Itgb1	10	13	10	14	1.3	1.4	11.75	0.136735501724337	4.83727767043452e-09
chr9	32759800	32761800	Ets1	11	14	9	13	1.27272727272727	1.44444444444444	11.75	-0.246547123389143	0.000100986100463435
chr9	66707700	66709700	Car12	11	3	16	17	-3.66666666666667	1.0625	11.75	-2.28143398358556	0.441310717792054
chr10	80199300	80201300	Efna2	12	9	16	10	-1.33333333333333	-1.6	11.75	0.599692756327786	3.09214145092368e-09
chr10	111098700	111100700	Osbpl8	8	13	15	11	1.625	-1.36363636363636	11.75	0.997080393908421	8.85260943528356e-113
chr11	4973200	4975200	Ap1b1	9	6	17	15	-1.5	-1.13333333333333	11.75	-0.171482154427704	0.00310322368419863
chr11	8789000	8791600	Tns3	10	6	15	16	-1.66666666666667	1.06666666666667	11.75	-0.807456019276827	1.364157152241e-83
chr11	31733400	31735400	Bod1	15	7	8	17	-2.14285714285714	2.125	11.75	0.00944998483549955	0.880297647107269
chr13	98391800	98394000	Foxd1	8	3	15	21	-2.66666666666667	1.4	11.75	1.28894439671792	0.0224341945458383
chr13	107930500	107932500	Zswim6	7	15	13	12	2.14285714285714	-1.08333333333333	11.75	0.606730072811698	6.43095453744598e-27
chr14	60413200	60415400	Amer2	7	14	21	5	2	-4.2	11.75	NA	NA
chr15	83733700	83737400	Scube1	15	17	7	8	1.13333333333333	1.14285714285714	11.75	4.22833959559907	3.46829888846674e-12
chr16	21390900	21392900	Vps8	11	14	13	9	1.27272727272727	-1.44444444444444	11.75	0.136837427507223	0.446144109610292
chr16	90517000	90519000	Hunk	12	5	14	16	-2.4	1.14285714285714	11.75	-1.61294536052295	6.24095021605075e-137
chr17	43556700	43558700	Pla2g7	9	8	22	8	-1.125	-2.75	11.75	-1.17771439760049	0.00214350270177655
chr17	75000200	75002200	Ltbp1	12	11	10	14	-1.09090909090909	1.4	11.75	-0.599945609778717	1.00050423981996e-35
chr19	38363200	38365200	Slc35g1	6	5	22	14	-1.2	-1.57142857142857	11.75	0.454646112717462	0.0613306222947861
chr19	38372400	38374400	Slc35g1	11	8	13	15	-1.375	1.15384615384615	11.75	0.454646112717462	0.0613306222947861
chr19	56735300	56737300	Adrb1	11	8	6	22	-1.375	3.66666666666667	11.75	NA	NA
chr1	72805000	72807000	Igfbp2	14	4	13	15	-3.5	1.15384615384615	11.5	0.270948748438851	9.93542099608991e-05
chr1	135216900	135218900	Elf3	5	7	16	18	1.4	1.125	11.5	-0.331497412254832	NA
chr1	163423200	163425200	Gorab	9	13	12	12	1.44444444444444	0	11.5	0.279826741564846	2.58284105872313e-09
chr2	59537100	59539100	Dapl1	18	8	10	10	-2.25	0	11.5	1.86913271788403	NA
chr2	63452200	63455700	Kcnh7	7	10	14	15	1.42857142857143	1.07142857142857	11.5	-0.631069570164147	0.483275960829429
chr2	115816900	115818900	Meis2	9	14	6	17	1.55555555555556	2.83333333333333	11.5	-1.02674391001666	1.54950294548762e-50
chr2	160921000	160923000	Emilin3	11	2	12	21	-5.5	1.75	11.5	-0.0838178114629535	0.959626050734403
chr2	165566200	165568200	Eya2	11	6	19	10	-1.83333333333333	-1.9	11.5	3.55127978134408	0.000122400890583386
chr3	60412700	60414700	Mbnl1	10	10	18	8	0	-2.25	11.5	0.272409571389914	1.01983616320225e-08
chr3	81242200	81244200	Pdgfc	12	6	12	16	-2	1.33333333333333	11.5	-0.329122427038385	3.41554690743448e-14
chr3	101320600	101322600	Cd2	17	5	6	18	-3.4	3	11.5	NA	NA
chr3	102060900	102065800	Casq2	6	15	14	11	2.5	-1.27272727272727	11.5	1.79704078737602	0.387515737978233
chr3	103400800	103403600	Trim33	16	12	5	13	-1.33333333333333	2.6	11.5	0.00483417219204629	0.931996758887751
chr4	13297200	13299200	Triqk	10	10	8	18	0	2.25	11.5	1.16121154830857	1.4297752882424e-47
chr4	41283900	41285900	Ubap2	9	6	21	10	-1.5	-2.1	11.5	-0.61775925436926	3.77848248778399e-42
chr4	141569900	141571900	Fblim1	8	7	15	16	-1.14285714285714	1.06666666666667	11.5	1.05774889915193	5.36472511168832e-05
chr5	74167600	74169600	Rasl11b	14	8	13	11	-1.75	-1.18181818181818	11.5	-0.674019844776619	1.15462289938231e-05
chr6	90449900	90451900	Klf15	11	12	12	11	1.09090909090909	-1.09090909090909	11.5	1.22244110488033	0.276013123052769
chr7	64271300	64273300	Mtmr10	11	15	11	9	1.36363636363636	-1.22222222222222	11.5	1.33223174305559	2.36504148939805e-82
chr7	98800500	98802500	Wnt11	7	9	12	18	1.28571428571429	1.5	11.5	5.25117972821988	1.09152359683656e-51
chr7	115465700	115467700	Sox6	9	8	14	15	-1.125	1.07142857142857	11.5	0.163444399729243	0.100450113993667
chr8	33592900	33594900	Ppp2cb	12	8	15	11	-1.5	-1.36363636363636	11.5	-0.0766704802464977	0.108005793396295
chr11	57604500	57606500	Galnt10	8	5	18	15	-1.6	-1.2	11.5	-0.0323701241700776	0.427403043889886
chr11	59386500	59388500	Prss38	8	9	18	11	1.125	-1.63636363636364	11.5	-0.171515072487649	0.932679807655423
chr11	61016400	61018400	Kcnj12	8	7	14	17	-1.14285714285714	1.21428571428571	11.5	1.59773062085784	0.294164783833224
chr11	61434500	61436500	Rnf112	8	7	17	14	-1.14285714285714	-1.21428571428571	11.5	-0.331492141191464	0.928738232125505
chr11	61643700	61645700	Grap	8	7	14	17	-1.14285714285714	1.21428571428571	11.5	1.35682090736252	0.486783693420286
chr11	72944800	72947400	Atp2a3	7	10	11	18	1.42857142857143	1.63636363636364	11.5	2.88249888889456	7.14161055842883e-80
chr11	79005000	79007000	Ksr1	18	6	12	10	-3	-1.2	11.5	-0.999090996102911	2.08539392605847e-09
chr11	82138200	82140200	Ccl8	9	13	9	15	1.44444444444444	1.66666666666667	11.5	NA	NA
chr11	95646600	95648600	Phb	7	2	14	23	-3.5	1.64285714285714	11.5	0.0355263590911713	0.67538365620749
chr12	38928300	38930300	Etv1	14	10	11	11	-1.4	0	11.5	-1.07934985665484	2.83828264806433e-08
chr12	104622900	104625600	Dicer1	5	11	13	17	2.2	1.30769230769231	11.5	0.147815964292718	0.0232364084498789
chr13	3876300	3878300	Net1	14	9	10	13	-1.55555555555556	1.3	11.5	-0.166984137084901	0.0199829967966931
chr13	64024300	64026300	Hsd17b3	17	9	9	11	-1.88888888888889	1.22222222222222	11.5	NA	NA
chr14	78382400	78384400	Tnfsf11	12	5	13	16	-2.4	1.23076923076923	11.5	0.389822491013982	NA
chr15	35277600	35279600	Osr2	9	11	10	16	1.22222222222222	1.6	11.5	-1.44296386335044	0.000900265543907637
chr15	58879000	58882400	Trmt12	12	15	7	12	1.25	1.71428571428571	11.5	-0.404327082952127	5.41649148195889e-05
chr15	86049300	86053200	Gramd4	8	18	13	7	2.25	-1.85714285714286	11.5	-0.156242511692374	0.051619835266223
chr15	100024500	100026500	Dip2b	6	10	17	13	1.66666666666667	-1.30769230769231	11.5	-0.284357970112875	7.01827713988705e-07
chr17	29422400	29424400	Fgd2	11	4	20	11	-2.75	-1.81818181818182	11.5	0.418029097428845	0.744333960218903
chr17	74888400	74890400	Ttc27	8	9	16	13	1.125	-1.23076923076923	11.5	-0.159669807526156	0.00971917563975725
chr17	85940200	85942200	Srbd1	6	6	19	15	0	-1.26666666666667	11.5	-0.113172932355112	0.0307864987483701
chr18	70549700	70554600	Mbd2	14	5	10	17	-2.8	1.7	11.5	0.563812804051184	6.27461403109437e-34
chr1	90433600	90435600	Cops8	10	6	16	13	-1.66666666666667	-1.23076923076923	11.25	-0.0120734731121197	0.917146487563814
chr1	191801800	191803800	Nek2	11	9	17	8	-1.22222222222222	-2.125	11.25	-1.45557001875164	6.2006604858594e-63
chr2	32494000	32496000	Fam102a	11	11	7	16	0	2.28571428571429	11.25	3.72369521753516	0
chr2	51846900	51848900	Rbm43	12	10	10	13	-1.2	1.3	11.25	-0.536517806241642	3.93099407110083e-15
chr2	92966400	92968800	Prdm11	14	7	9	15	-2	1.66666666666667	11.25	-0.00694903189870528	0.972865549535083
chr2	144085400	144087400	Banf2	6	7	14	18	1.16666666666667	1.28571428571429	11.25	NA	NA
chr2	153579400	153582800	Nol4l	7	8	11	19	1.14285714285714	1.72727272727273	11.25	-1.1598679704636	3.21934580070628e-45
chr2	180568200	180570200	Mrgbp	8	8	13	16	0	1.23076923076923	11.25	-0.0241630401149672	0.794457484101627
chr3	36446000	36448000	Anxa5	14	9	11	11	-1.55555555555556	0	11.25	0.835916367630533	1.25277874029745e-128
chr4	54611300	54614300	Zfp462	15	9	13	8	-1.66666666666667	-1.625	11.25	-0.65918377486419	1.69044855990349e-08
chr4	63158300	63160300	Ambp	14	11	8	12	-1.27272727272727	1.5	11.25	-0.331477887569045	NA
chr4	120628800	120634000	Cited4	14	10	10	11	-1.4	1.1	11.25	NA	NA
chr4	135178400	135180400	Runx3	8	13	7	17	1.625	2.42857142857143	11.25	0.70879509212861	2.69896403444868e-33
chr5	77164700	77166700	Spink2	13	14	11	7	1.07692307692308	-1.57142857142857	11.25	NA	NA
chr6	51842800	51845000	Skap2	13	8	11	13	-1.625	1.18181818181818	11.25	0.270124407565895	4.22502236182468e-05
chr6	91141900	91143900	Hdac11	13	6	7	19	-2.16666666666667	2.71428571428571	11.25	-0.200597318522359	0.057340163754351
chr6	146701700	146703700	Stk38l	11	11	9	14	0	1.55555555555556	11.25	0.118073389840046	0.0941013234966147
chr7	3274900	3276900	Myadm	13	11	12	9	-1.18181818181818	-1.33333333333333	11.25	-0.0942035120854624	0.00394896005498333
chr7	34591600	34593600	Kctd15	13	8	10	14	-1.625	1.4	11.25	0.431440829344058	5.76244734643741e-18
chr8	77962400	77964400	Ednra	8	6	16	15	-1.33333333333333	-1.06666666666667	11.25	-1.53149249899064	7.75728846088426e-143
chr8	102499100	102501100	Cdh11	12	9	13	11	-1.33333333333333	-1.18181818181818	11.25	-0.521962823819054	2.22794021894142e-93
chr9	78515200	78517400	Eef1a1	6	10	9	20	1.66666666666667	2.22222222222222	11.25	0.20087751158551	6.58011913901606e-07
chr9	78844100	78849200	Cd109	14	10	5	16	-1.4	3.2	11.25	0.168170607699028	1.84368319311285e-05
chr10	42141300	42143300	Foxo3	12	6	16	11	-2	-1.45454545454545	11.25	0.218386359656175	5.89021030019091e-08
chr11	4930000	4932000	AA413626	11	5	12	17	-2.2	1.41666666666667	11.25	0.570303631864392	0.440829307356954
chr11	5188600	5190600	Emid1	4	12	14	15	3	1.07142857142857	11.25	-0.286209625729158	0.432365051616203
chr11	74643400	74645400	Cluh	14	18	6	7	1.28571428571429	1.16666666666667	11.25	-0.026372513372718	0.67975385631516
chr11	98287881	98291400	Mir5119	13	11	9	12	-1.18181818181818	1.33333333333333	11.25	NA	NA
chr11	101866900	101868900	Meox1	8	12	11	14	1.5	1.27272727272727	11.25	-1.25404712294608	0.069422355744831
chr12	8371700	8373700	Hs1bp3	12	15	12	6	1.25	-2	11.25	0.166162358901838	0.0131349212230948
chr12	80277800	80279800	Actn1	12	6	5	22	-2	4.4	11.25	-0.537975999761959	1.04172494102924e-59
chr13	37536900	37538900	Ly86	17	15	8	5	-1.13333333333333	-1.6	11.25	0.38982909723421	NA
chr13	56320500	56322500	Cxcl14	4	10	15	16	2.5	1.06666666666667	11.25	NA	NA
chr14	25782000	25784000	Zcchc24	10	10	14	11	0	-1.27272727272727	11.25	-0.137121466545351	5.14255689830418e-05
chr14	60406500	60408500	Amer2	6	3	20	16	-2	-1.25	11.25	NA	NA
chr15	56337200	56339200	Has2os	22	6	7	10	-3.66666666666667	1.42857142857143	11.25	0.801118956741543	3.25419815883095e-05
chr15	79332700	79334700	Pla2g6	6	10	14	15	1.66666666666667	1.07142857142857	11.25	0.373454657969648	1.96339482853204e-05
chr17	23694600	23696600	Cldn9	8	5	15	17	-1.6	1.13333333333333	11.25	1.11116986148538	NA
chr17	28106400	28108400	Tcp11	10	9	15	11	-1.11111111111111	-1.36363636363636	11.25	3.04553662762156	0.000626592995949806
chr17	81779200	81782800	Slc8a1	8	11	15	11	1.375	-1.36363636363636	11.25	-2.60224484241543	6.70432471558995e-39
chr18	6897000	6899000	Mkx	8	13	5	19	1.625	3.8	11.25	-0.050655389958452	0.654216282619646
chr18	35666400	35668400	Spata24	5	4	16	20	-1.25	1.25	11.25	-0.706827311359961	0.00110442271258123
chr19	32522000	32525200	Minpp1	13	8	13	11	-1.625	-1.18181818181818	11.25	-0.392548349210167	5.34248982617875e-32
chr19	40525700	40527700	Sorbs1	8	11	12	14	1.375	1.16666666666667	11.25	-0.0356633316572089	0.593315565524972
chr19	47467700	47469700	Sh3pxd2a	3	18	9	15	6	1.66666666666667	11.25	0.751272305202636	7.01229521318737e-62
chr1	59398600	59400600	Fzd7	13	6	11	14	-2.16666666666667	1.27272727272727	11	-0.390829953667384	1.09750452246589e-27
chr1	60651700	60653700	Cd28	10	10	10	14	0	1.4	11	1.78519651311865	0.0139500100748119
chr1	90875700	90877700	Col6a3	14	5	8	17	-2.8	2.125	11	0.00121671320178847	0.987389992156296
chr1	163536800	163538800	Gorab	16	10	7	11	-1.6	1.57142857142857	11	0.279826741564846	2.58284105872313e-09
chr1	186249500	186251500	Lyplal1	14	10	10	10	-1.4	0	11	0.604362674791424	3.57175594973973e-05
chr2	75654200	75656200	Hnrnpa3	18	9	7	10	-2	1.42857142857143	11	-0.241095178436153	2.55506045431681e-13
chr2	157539600	157542969	Blcap	10	7	19	8	-1.42857142857143	-2.375	11	-0.195347019665968	5.79396742532086e-05
chr3	119946000	119951200	Ptbp2	9	5	21	9	-1.8	-2.33333333333333	11	0.150484781738314	0.194146206770769
chr4	13398300	13400300	Runx1t1	8	12	16	8	1.5	-2	11	-1.573953524005	3.34135270650964e-47
chr4	148742900	148748800	Casz1	5	8	13	18	1.6	1.38461538461538	11	-1.43332655039461	0.24019763089137
chr6	22793400	22796800	Ptprz1	20	6	9	9	-3.33333333333333	0	11	0.389828383733787	0.929941180541139
chr6	87540600	87542600	Arhgap25	7	4	12	21	-1.75	1.75	11	0.389823082996772	NA
chr6	122344500	122346500	Phc1	6	11	11	16	1.83333333333333	1.45454545454545	11	-0.357178305278626	4.85799351489895e-11
chr7	47012200	47014200	Spty2d1	10	11	10	13	1.1	1.3	11	0.409275474501038	4.15914293083587e-18
chr7	75429800	75432000	Akap13	6	7	20	11	1.16666666666667	-1.81818181818182	11	0.104721190208378	0.183953267858798
chr7	101041100	101043100	P2ry2	7	6	21	10	-1.16666666666667	-2.1	11	-0.144839758310884	0.423998743229485
chr7	127182600	127184800	Cd2bp2	10	11	13	10	1.1	-1.3	11	0.0456301006273817	0.399797323914948
chr7	128431700	128433700	Tial1	11	8	13	12	-1.375	-1.08333333333333	11	0.366862118069854	8.44326823652615e-07
chr7	144781000	144785200	Ano1	10	8	16	10	-1.25	-1.6	11	4.6790657880305	2.37503519546445e-08
chr8	47742000	47744000	Cdkn2aip	15	9	8	12	-1.66666666666667	1.5	11	0.106757412480553	0.179160119732124
chr8	115649200	115651200	Maf	11	4	12	17	-2.75	1.41666666666667	11	-0.133771647111139	0.00835097808824254
chr9	87607400	87609400	Tbx18	8	4	18	14	-2	-1.28571428571429	11	0.00458229719875478	0.939190744443222
chr10	42722500	42724500	Sec63	9	10	7	18	1.11111111111111	2.57142857142857	11	0.51891757833277	1.73421487601289e-30
chr10	116406800	116408800	Kcnmb4os1	8	7	16	13	-1.14285714285714	-1.23076923076923	11	NA	NA
chr11	65666900	65668900	Map2k4	10	9	14	11	-1.11111111111111	-1.27272727272727	11	-0.147080611362561	0.000521485294421865
chr11	95639900	95641900	Phb	6	15	12	11	2.5	-1.09090909090909	11	0.0355263590911713	0.67538365620749
chr12	85544300	85547100	Jdp2	8	8	15	13	0	-1.15384615384615	11	-0.230377113454724	0.0172515692255376
chr12	104881500	104883500	Clmn	12	10	7	15	-1.2	2.14285714285714	11	0.086255580335924	0.753314528625854
chr13	56755300	56759200	Smad5	13	14	9	8	1.07692307692308	-1.125	11	0.441395055512552	7.50392295021428e-34
chr14	31856300	31859100	Ankrd28	4	11	11	18	2.75	1.63636363636364	11	0.357899799026862	6.88603640282961e-15
chr14	55002000	55006200	Myh7	12	7	14	11	-1.71428571428571	-1.27272727272727	11	NA	NA
chr15	56333800	56335800	Has2os	19	4	7	14	-4.75	2	11	0.801118956741543	3.25419815883095e-05
chr15	94217900	94221700	Adamts20	9	9	15	11	0	-1.36363636363636	11	-2.62502515664329	0.38991385294709
chr15	99467200	99469200	Bcdin3d	7	13	10	14	1.85714285714286	1.4	11	-0.457582903002915	2.30882668201591e-05
chr17	49421700	49423700	Mocs1	9	16	8	11	1.77777777777778	1.375	11	-0.257129099246021	0.00370929000551483
chr17	72994000	72996000	Lbh	14	10	8	12	-1.4	1.5	11	1.39146718798267	4.41997796190421e-223
chr17	74875900	74877900	Ttc27	15	12	6	11	-1.25	1.83333333333333	11	-0.159669807526156	0.00971917563975725
chr18	13682900	13684900	Zfp521	18	11	5	10	-1.63636363636364	2	11	-1.22163891969928	6.46165938312872e-263
chr19	34655400	34658200	Ifit1	8	9	14	13	1.125	-1.07692307692308	11	-1.08356902824414	0.00325869169463305
chr1	75608000	75611900	Slc4a3	0	10	15	18	Inf	1.2	10.75	-0.0874686438051045	0.577598872897727
chr1	91226900	91228900	Ube2f	9	12	8	14	1.33333333333333	1.75	10.75	0.767397592664193	6.09735526760111e-53
chr1	180775200	180777200	H3f3a	18	8	4	13	-2.25	3.25	10.75	0.0694165179873555	0.193547138264476
chr1	191624400	191626400	Ints7	11	6	6	20	-1.83333333333333	3.33333333333333	10.75	-0.743293711617895	4.17878920358795e-43
chr2	157517100	157519100	Blcap	8	11	16	8	1.375	-2	10.75	-0.195347019665968	5.79396742532086e-05
chr3	9643000	9645000	Zfp704	12	6	5	20	-2	4	10.75	-0.0643654354471332	0.329199074414463
chr3	104335600	104338900	Magi3	11	9	10	13	-1.22222222222222	1.3	10.75	-0.489172500417426	3.83615457413897e-11
chr4	9132800	9134800	Clvs1	13	6	10	14	-2.16666666666667	1.4	10.75	-1.29453311940088	9.80082253982246e-05
chr4	13334900	13336900	Runx1t1	10	10	4	19	0	4.75	10.75	-1.573953524005	3.34135270650964e-47
chr4	45578100	45580100	Shb	12	9	8	14	-1.33333333333333	1.75	10.75	1.35824407159923	1.34601148946388e-49
chr4	86688800	86691900	Plin2	9	6	17	11	-1.5	-1.54545454545455	10.75	0.279641799633105	0.000407235969250677
chr4	120843100	120846800	Rims3	14	10	8	11	-1.4	1.375	10.75	4.02493255664735	0.00667211707772371
chr4	134775900	134777900	Ldlrap1	9	8	10	16	-1.125	1.6	10.75	1.41874854190308	2.00877405987609e-117
chr5	38880800	38882800	Clnk	14	3	16	10	-4.66666666666667	-1.6	10.75	NA	NA
chr5	51591000	51594000	Ppargc1a	7	9	12	15	1.28571428571429	1.25	10.75	-1.13593796109543	NA
chr5	91206200	91208200	Areg	6	4	21	12	-1.5	-1.75	10.75	0.389851041946985	NA
chr5	111495800	111497800	Mn1	7	7	19	10	0	-1.9	10.75	-1.87400083843313	1.55614379898266e-95
chr5	115220600	115222600	Pop5	5	10	13	15	2	1.15384615384615	10.75	0.548982183654993	2.70999930579117e-08
chr5	122070500	122072500	Cux2	16	7	5	15	-2.28571428571429	3	10.75	-1.61339896631942	0.010725998174352
chr5	146701600	146704121	Usp12	11	9	14	9	-1.22222222222222	-1.55555555555556	10.75	0.168998591871193	0.00050933904953855
chr6	29512700	29514700	Kcp	10	16	13	4	1.6	-3.25	10.75	-3.11347214972453	0.364605368366419
chr6	55433800	55436600	Adcyap1r1	15	11	9	8	-1.36363636363636	-1.125	10.75	NA	NA
chr6	91129900	91131900	Nup210	14	11	10	8	-1.27272727272727	-1.25	10.75	-0.331477887569045	NA
chr7	67420800	67422800	Mef2a	5	17	6	15	3.4	2.5	10.75	0.810555827109887	6.49919429615051e-89
chr7	99500400	99502600	Rps3	9	12	9	13	1.33333333333333	1.44444444444444	10.75	0.398841485887354	9.30553206993049e-11
chr8	22847600	22849600	Kat6a	12	11	6	14	-1.09090909090909	2.33333333333333	10.75	-0.0590129485983592	0.492878658961484
chr8	35142800	35144800	Tnks	15	7	7	14	-2.14285714285714	2	10.75	-0.339415328093705	4.64304461932347e-15
chr8	36290500	36292500	Lonrf1	11	3	18	11	-3.66666666666667	-1.63636363636364	10.75	-0.730314763165574	2.82382000020107e-12
chr8	56923700	56925700	Fbxo8	6	14	10	13	2.33333333333333	1.3	10.75	0.454441387272266	2.16867549632333e-06
chr9	56179400	56181400	Tspan3	11	10	11	11	-1.1	0	10.75	0.0664392761053977	0.0313452994207357
chr9	67620200	67622200	Tln2	7	8	9	19	1.14285714285714	2.11111111111111	10.75	-1.23564654083848	3.60386327479082e-61
chr9	107367400	107374000	Cacna2d2	11	11	12	9	0	-1.33333333333333	10.75	4.50709462306765	0.000735422402992534
chr10	62057700	62061600	Fam241b	7	9	12	15	1.28571428571429	1.25	10.75	NA	NA
chr10	125844700	125847500	Lrig3	7	9	11	16	1.28571428571429	1.45454545454545	10.75	-1.26869808397792	2.84693231371608e-92
chr11	102338200	102340200	Ubtf	9	5	12	17	-1.8	1.41666666666667	10.75	-0.23600485050845	1.85748588103295e-15
chr12	86866700	86868700	Irf2bpl	6	6	22	9	0	-2.44444444444444	10.75	-0.313831264871997	8.24799706973644e-06
chr13	6250100	6252100	Pitrm1	5	12	11	15	2.4	1.36363636363636	10.75	-0.320907453854611	2.28211609933938e-17
chr13	56657600	56659600	Tgfbi	8	14	11	10	1.75	-1.1	10.75	1.01847845679609	3.80707675245791e-55
chr15	85011600	85013600	Upk3a	14	4	11	14	-3.5	1.27272727272727	10.75	NA	NA
chr15	96769220	96771220	Slc38a2	5	14	10	14	2.8	1.4	10.75	0.485254417304118	3.38898124384836e-46
chr17	66477800	66479800	Rab12	14	10	16	3	-1.4	-5.33333333333333	10.75	-0.319342878033912	1.82702237740332e-13
chr17	83644900	83646900	Kcng3	17	3	11	12	-5.66666666666667	1.09090909090909	10.75	1.8467477006783	NA
chr18	38016500	38018500	Arap3	3	12	18	10	4	-1.8	10.75	-0.281785852592566	0.843357487625649
chr18	38575400	38579600	Spry4	5	8	9	21	1.6	2.33333333333333	10.75	0.128144966007922	0.71099353452256
chr18	46947800	46949800	Commd10	4	6	14	19	1.5	1.35714285714286	10.75	-0.0789252534411145	0.320382556592419
chr18	69196000	69198000	Tcf4	9	10	13	11	1.11111111111111	-1.18181818181818	10.75	-0.374942462226403	1.62716425721856e-13
chr1	36996000	36998000	Vwa3b	3	11	11	17	3.66666666666667	1.54545454545455	10.5	1.67527118043049	0.528499637399805
chr1	82973400	82975400	Slc19a3	22	4	12	4	-5.5	-3	10.5	0.437409075640315	NA
chr1	125541700	125543700	Slc35f5	6	8	10	18	1.33333333333333	1.8	10.5	0.34966410165845	3.38566537183542e-19
chr1	152790100	152792100	Ncf2	10	9	13	10	-1.11111111111111	-1.3	10.5	0.51349775892199	0.496352462456192
chr1	156789000	156791000	Ralgps2	10	12	6	14	1.2	2.33333333333333	10.5	-1.28596289073726	1.32525825736428e-25
chr1	171424200	171426200	Tstd1	7	5	14	16	-1.4	1.14285714285714	10.5	0.393848164613944	0.497847196959078
chr1	186260400	186262400	Lyplal1	6	7	8	21	1.16666666666667	2.625	10.5	0.604362674791424	3.57175594973973e-05
chr2	12003500	12005500	Itga8	8	8	14	12	0	-1.16666666666667	10.5	-1.58364854684719	2.30828494651448e-105
chr2	33973600	33975600	Mvb12b	8	14	6	14	1.75	2.33333333333333	10.5	-2.41204158140773	2.40905970371384e-200
chr2	114440000	114442000	Dph6	7	6	18	11	-1.16666666666667	-1.63636363636364	10.5	-0.0433541356467565	0.455274493022764
chr2	157519300	157521300	Blcap	4	8	17	13	2	-1.30769230769231	10.5	-0.195347019665968	5.79396742532086e-05
chr2	165263000	165265000	Slc35c2	9	5	11	17	-1.8	1.54545454545455	10.5	1.01006623014143	2.6387087613813e-58
chr3	9884600	9888400	Pag1	14	8	7	13	-1.75	1.85714285714286	10.5	-0.259334207180845	0.0301578904531809
chr3	36439100	36441100	Anxa5	4	9	18	11	2.25	-1.63636363636364	10.5	0.835916367630533	1.25277874029745e-128
chr3	101803400	101808200	Mab21l3	12	13	7	10	1.08333333333333	1.42857142857143	10.5	-0.10312459915298	0.732768152391204
chr4	32161000	32163000	Bach2	10	8	8	16	-1.25	2	10.5	-0.522904828330086	0.0207858285144536
chr4	139097500	139099500	Nbl1	13	10	7	12	-1.3	1.71428571428571	10.5	0.160471526460692	0.0174349010214871
chr4	149503900	149505900	Ctnnbip1	15	10	4	13	-1.5	3.25	10.5	-0.427336127676201	9.70149988671575e-11
chr4	150793800	150795800	Errfi1	11	14	8	9	1.27272727272727	1.125	10.5	-0.108298392506767	0.15211063910493
chr5	122626200	122628200	Ift81	17	11	4	10	-1.54545454545455	2.5	10.5	-0.405910344490612	3.6660752726581e-08
chr6	91324000	91326000	Fbln2	13	9	14	6	-1.44444444444444	-2.33333333333333	10.5	-1.15941066048692	1.73436418297598e-166
chr6	100891700	100893700	Ppp4r2	11	8	9	14	-1.375	1.55555555555556	10.5	0.088703052601659	0.000435972674283544
chr6	112984700	112986700	Srgap3	8	11	7	16	1.375	2.28571428571429	10.5	0.316959165488881	7.81472460726689e-19
chr6	117129700	117131700	Cxcl12	9	10	8	15	1.11111111111111	1.875	10.5	-1.20151763292382	2.41558293569907e-154
chr7	24428600	24430600	Irgc1	14	10	9	9	-1.4	0	10.5	1.23405981491264	0.400309050622507
chr7	25834300	25836300	Cyp2s1	10	6	17	9	-1.66666666666667	-1.88888888888889	10.5	-0.598621147255266	0.229185131818994
chr8	23313100	23315100	Golga7	13	7	12	10	-1.85714285714286	-1.2	10.5	-0.0174095097637636	0.674794166521092
chr8	46891700	46893700	Irf2	13	9	12	8	-1.44444444444444	-1.5	10.5	-0.129304702415767	0.106542779736687
chr8	107265174	107267174	Nfat5	9	14	11	8	1.55555555555556	-1.375	10.5	0.147621201986849	0.0968844099693827
chr8	115874200	115876200	Maf	12	6	13	11	-2	-1.18181818181818	10.5	-0.133771647111139	0.00835097808824254
chr10	24753900	24756900	Enpp3	12	13	9	8	1.08333333333333	-1.125	10.5	-1.10036038297275	0.0076332461557094
chr11	80784200	80786600	Myo1d	10	6	10	16	-1.66666666666667	1.6	10.5	1.59483348773157	0
chr11	89021400	89023400	Trim25	7	11	15	9	1.57142857142857	-1.66666666666667	10.5	-0.377076385445313	2.98325055106114e-17
chr11	101873100	101875100	Meox1	12	8	11	11	-1.5	0	10.5	-1.25404712294608	0.069422355744831
chr11	102793300	102795300	Gjc1	4	10	10	18	2.5	1.8	10.5	-1.28767443451836	2.11759814126461e-76
chr11	117637800	117639800	Tnrc6c	10	9	9	14	-1.11111111111111	1.55555555555556	10.5	0.147311600135724	0.00157786975922118
chr12	24723000	24725000	Rrm2	9	11	9	13	1.22222222222222	1.44444444444444	10.5	-1.73797290628404	2.83199398961276e-274
chr12	70428500	70432900	Tmx1	13	11	8	10	-1.18181818181818	1.25	10.5	0.356776819005803	6.71877876363248e-12
chr12	80775400	80777600	Susd6	10	11	10	11	1.1	1.1	10.5	0.238587808668586	3.0276531121929e-11
chr13	110648400	110651300	Plk2	7	5	17	13	-1.4	-1.30769230769231	10.5	-1.14392376883696	1.99649100891584e-78
chr14	54527300	54529300	Prmt5	8	7	16	11	-1.14285714285714	-1.45454545454545	10.5	-0.320658167477658	1.6779599126355e-12
chr15	59170400	59172400	Mtss1	7	8	17	10	1.14285714285714	-1.7	10.5	-0.393575043142213	1.36825325603273e-08
chr15	91054200	91057800	Kif21a	11	6	14	11	-1.83333333333333	-1.27272727272727	10.5	0.78760899477113	6.67543200867993e-16
chr15	97667000	97669000	Rpap3	4	9	17	12	2.25	-1.41666666666667	10.5	-0.337209019225702	6.41222926702969e-09
chr15	102012800	102014800	Krt8	2	12	13	15	6	1.15384615384615	10.5	1.1111566906836	NA
chr16	44671200	44674000	Nepro	9	8	11	14	-1.125	1.27272727272727	10.5	0.0229295980903362	0.784912366972824
chr16	75835800	75841200	Samsn1	18	8	10	6	-2.25	-1.66666666666667	10.5	0.389817345202798	NA
chr17	14243700	14245700	Smoc2	12	4	10	16	-3	1.6	10.5	4.91798521464724	2.39006096018042e-26
chr17	81010400	81012400	Thumpd2	12	7	7	16	-1.71428571428571	2.28571428571429	10.5	-0.0168034653106486	0.90084867763434
chr18	14062900	14064900	Zfp521	5	8	15	14	1.6	-1.07142857142857	10.5	-1.22163891969928	6.46165938312872e-263
chr18	35941400	35943400	Psd2	20	7	7	8	-2.85714285714286	1.14285714285714	10.5	-0.0916636984301974	0.874906795780909
chr18	57974400	57976400	Fbn2	14	9	12	7	-1.55555555555556	-1.71428571428571	10.5	-1.69526344806435	4.10068969015065e-104
chr19	57440300	57442300	Trub1	14	6	14	8	-2.33333333333333	-1.75	10.5	-0.388825635850663	2.64051736532054e-13
chr19	60014600	60017700	Rab11fip2	10	13	9	10	1.3	1.11111111111111	10.5	-0.0240031363791228	0.704393083038961
chr1	119509900	119511900	Ralb	7	10	18	6	1.42857142857143	-3	10.25	0.359441757580029	4.76337528904294e-19
chr1	136360800	136363600	Camsap2	10	9	8	14	-1.11111111111111	1.75	10.25	0.259370930814624	2.74783525045461e-13
chr1	182388000	182390000	Trp53bp2	6	7	9	19	1.16666666666667	2.11111111111111	10.25	0.119638557548473	0.0697753732862084
chr2	18004400	18006400	H2al2a	9	10	12	10	1.11111111111111	-1.2	10.25	NA	NA
chr2	24524300	24526300	Pax8	10	11	12	8	1.1	-1.5	10.25	0.481950222168491	0.717160581293789
chr2	33989000	33991000	Mvb12b	11	9	8	13	-1.22222222222222	1.625	10.25	-2.41204158140773	2.40905970371384e-200
chr2	72546000	72548000	Cdca7	6	10	13	12	1.66666666666667	-1.08333333333333	10.25	-1.85178979966728	3.88414612560426e-142
chr2	137228900	137230900	Jag1	3	18	10	10	6	0	10.25	-0.987633320368455	1.40400749634633e-24
chr2	168313800	168315800	Kcng1	7	5	7	22	-1.4	3.14285714285714	10.25	-0.331477887569044	NA
chr3	95952100	95954100	Anp32e	6	21	8	6	3.5	-1.33333333333333	10.25	-0.701419991431713	2.67214245268553e-33
chr3	101348600	101351400	Igsf3	11	7	9	14	-1.57142857142857	1.55555555555556	10.25	-0.726669701797098	2.84588289493647e-59
chr3	115757000	115760100	S1pr1	12	11	7	11	-1.09090909090909	1.57142857142857	10.25	0.218778253947319	1.65788667467866e-09
chr4	8684800	8687200	Chd7	8	10	15	8	1.25	-1.875	10.25	0.717587049537961	2.5377340253613e-15
chr4	9136000	9138000	Clvs1	8	10	9	14	1.25	1.55555555555556	10.25	-1.29453311940088	9.80082253982246e-05
chr4	54601100	54603100	Zfp462	12	14	6	9	1.16666666666667	1.5	10.25	-0.65918377486419	1.69044855990349e-08
chr4	87460700	87462700	Slc24a2	16	7	5	13	-2.28571428571429	2.6	10.25	NA	NA
chr4	137305600	137308000	Wnt4	16	7	8	10	-2.28571428571429	1.25	10.25	-0.234154826300709	0.0865547213440068
chr5	30555100	30557700	Cib4	10	6	9	16	-1.66666666666667	1.77777777777778	10.25	NA	NA
chr5	73881300	73883300	Usp46	4	6	10	21	1.5	2.1	10.25	-0.214013740215285	1.51434205802161e-05
chr6	90446100	90448100	Klf15	7	9	15	10	1.28571428571429	-1.5	10.25	1.22244110488033	0.276013123052769
chr6	116997700	116999700	Cxcl12	10	12	12	7	1.2	-1.71428571428571	10.25	-1.20151763292382	2.41558293569907e-154
chr6	145832200	145834200	Rassf8	12	17	4	8	1.41666666666667	2	10.25	-0.27724448590892	1.78679869058769e-06
chr7	75404600	75406600	Akap13	8	9	10	14	1.125	1.4	10.25	0.104721190208378	0.183953267858798
chr8	44816900	44818900	Fat1	11	10	17	3	-1.1	-5.66666666666667	10.25	0.402050238446326	1.12834397778229e-12
chr8	107824000	107826000	Zfhx3	11	11	7	12	0	1.71428571428571	10.25	-0.568331479033066	1.31276179716601e-14
chr9	32591400	32593400	Ets1	9	7	9	16	-1.28571428571429	1.77777777777778	10.25	-0.246547123389143	0.000100986100463435
chr9	49872500	49874500	Ncam1	11	8	7	15	-1.375	2.14285714285714	10.25	0.67901668070434	3.42261336773524e-28
chr10	120251700	120253700	Llph	12	11	11	7	-1.09090909090909	-1.57142857142857	10.25	-0.209327199904722	0.0018153473575074
chr10	120914100	120916100	Msrb3	13	4	14	10	-3.25	-1.4	10.25	0.138931190674954	0.000106632276912849
chr11	83077600	83079800	Slfn2	14	6	12	9	-2.33333333333333	-1.33333333333333	10.25	-1.56386492873237	NA
chr11	96371700	96373700	Hoxb1	1	11	14	15	11	1.07142857142857	10.25	NA	NA
chr11	98316600	98318600	Neurod2	4	7	16	14	1.75	-1.14285714285714	10.25	0.38982909723421	NA
chr11	114651700	114653700	Rpl38	13	6	13	9	-2.16666666666667	-1.44444444444444	10.25	0.266543602374562	1.25340027555663e-06
chr12	9750900	9752900	Osr1	14	10	9	8	-1.4	-1.125	10.25	-1.53988928118939	1.37526015809797e-149
chr13	53296600	53298600	Ror2	7	5	11	18	-1.4	1.63636363636364	10.25	0.359802443369912	1.25530862283538e-13
chr14	28531900	28533900	Wnt5a	8	12	15	6	1.5	-2.5	10.25	0.212410884938229	0.176514933321023
chr14	45455200	45458000	Fermt2	9	9	8	15	0	1.875	10.25	-0.155091461912486	1.08157191539449e-07
chr14	66492800	66496600	Adra1a	9	3	8	21	-3	2.625	10.25	1.11116986148538	NA
chr14	69812000	69814000	Rhobtb2	12	1	11	17	-12	1.54545454545455	10.25	-0.359417623676624	0.000183252460382047
chr15	51070200	51072200	Trps1	14	3	16	8	-4.66666666666667	-2	10.25	0.23208382387886	4.29338260540022e-10
chr15	75581000	75583000	Gpihbp1	10	7	14	10	-1.42857142857143	-1.4	10.25	NA	NA
chr15	94188000	94191100	Adamts20	3	9	11	18	3	1.63636363636364	10.25	-2.62502515664329	0.38991385294709
chr17	14424900	14428300	Smoc2	13	5	11	12	-2.6	1.09090909090909	10.25	4.91798521464724	2.39006096018042e-26
chr17	25802000	25804200	Metrn	5	8	20	8	1.6	-2.5	10.25	-0.916788393001209	1.01131028795668e-35
chr17	26796600	26798600	Bnip1	5	11	15	10	2.2	-1.5	10.25	0.223807818200082	0.00112908737939953
chr17	29500700	29502700	Pim1	11	7	9	14	-1.57142857142857	1.55555555555556	10.25	1.26762012006318	4.2893336481703e-78
chr17	47975900	47977900	Foxp4	13	4	12	12	-3.25	0	10.25	-0.312796677577702	7.87410375828529e-08
chr17	74902800	74904800	Ttc27	17	6	12	6	-2.83333333333333	-2	10.25	-0.159669807526156	0.00971917563975725
chr18	70535600	70537600	Poli	12	5	8	16	-2.4	2	10.25	-0.183512166468004	0.0399800462104297
chr19	10356200	10358200	Syt7	11	8	8	14	-1.375	1.75	10.25	0.389853845291027	NA
chr19	11994800	11996800	Osbp	9	10	10	12	1.11111111111111	1.2	10.25	0.319461642031924	1.15822194667161e-21
chr19	24253000	24255000	Fxn	10	9	15	7	-1.11111111111111	-2.14285714285714	10.25	-0.37533555396411	1.73561335727695e-05
chr1	35848800	35851500	Hs6st1	11	5	13	11	-2.2	-1.18181818181818	10	-1.12488015720716	2.54318038912225e-116
chr1	40889500	40891500	Tmem182	7	12	8	13	1.71428571428571	1.625	10	3.72560923039045	1.77194910075229e-05
chr1	170620200	170624200	Olfml2b	7	6	9	18	-1.16666666666667	2	10	-1.6458774785176	9.81096819581998e-89
chr2	49599400	49601400	Kif5c	9	5	19	7	-1.8	-2.71428571428571	10	-0.907181514991292	4.8474809956236e-16
chr2	75823000	75825000	Agps	11	9	9	11	-1.22222222222222	1.22222222222222	10	-0.033223221505228	0.735538993719964
chr2	75963200	75965200	Ttc30a2	16	7	4	13	-2.28571428571429	3.25	10	2.37783345143956	NA
chr2	92477100	92479100	Slc35c1	7	7	15	11	0	-1.36363636363636	10	0.331876981247197	1.28910527768923e-09
chr2	131214600	131216600	Ap5s1	10	15	2	13	1.5	6.5	10	0.426075374170408	1.98850052679645e-06
chr2	139820400	139822400	Ism1	8	3	14	15	-2.66666666666667	1.07142857142857	10	-1.95815232783488	NA
chr2	160931600	160933600	Emilin3	11	3	4	22	-3.66666666666667	5.5	10	-0.0838178114629535	0.959626050734403
chr2	166202900	166204900	Sulf2	6	8	10	16	1.33333333333333	1.6	10	-1.34835937686278	1.29446463312084e-78
chr2	180306300	180308300	Rbbp8nl	3	8	14	15	2.66666666666667	1.07142857142857	10	NA	NA
chr3	33987900	33991700	Fxr1	10	2	11	17	-5	1.54545454545455	10	0.162621255630672	5.9012198480295e-08
chr3	81909300	81912100	Ctso	4	8	22	6	2	-3.66666666666667	10	-0.989518311611382	5.89799458698632e-40
chr4	13692900	13694900	Runx1t1	15	4	10	11	-3.75	1.1	10	-1.573953524005	3.34135270650964e-47
chr4	54353100	54355100	Tmem38b	10	14	4	12	1.4	3	10	0.25401914173132	0.000812773989354868
chr4	150684800	150687000	Slc45a1	11	5	8	16	-2.2	2	10	-0.917589366985628	NA
chr5	24076000	24078000	Klhl7	9	5	12	14	-1.8	1.16666666666667	10	0.279774941249546	4.09681471110271e-08
chr5	37724600	37727500	Stk32b	8	8	11	13	0	1.18181818181818	10	3.39622988956394	0.0696617661599211
chr5	103419900	103421900	Ptpn13	13	8	10	9	-1.625	-1.11111111111111	10	0.482777410390168	7.15817523262916e-40
chr6	82797300	82799300	Hk2	13	7	12	8	-1.85714285714286	-1.5	10	-0.4274506895189	0.000258772932886798
chr6	91283500	91285500	Fbln2	10	3	17	10	-3.33333333333333	-1.7	10	-1.15941066048692	1.73436418297598e-166
chr6	114996600	114998600	Tamm41	14	5	7	14	-2.8	2	10	-0.488960085192005	3.05001687121776e-11
chr6	126484100	126486100	Kcna5	7	5	15	13	-1.4	-1.15384615384615	10	NA	NA
chr7	63985800	63987800	Klf13	8	14	11	7	1.75	-1.57142857142857	10	0.387699690665462	4.82335914950226e-17
chr7	81335000	81337000	Rps17	9	6	16	9	-1.5	-1.77777777777778	10	0.152574390033882	0.00219731181669875
chr7	110647900	110649900	Adm	9	10	10	11	1.11111111111111	1.1	10	4.48233675319332	0.00019921122622631
chr7	118462400	118464400	Syt17	8	9	12	11	1.125	-1.09090909090909	10	-2.01823043428189	0.0105632143732014
chr8	91714600	91716600	Irx3	9	8	9	14	-1.125	1.55555555555556	10	-0.377364999668108	3.88531280852058e-12
chr8	94953800	94956600	Adgrg1	8	6	19	7	-1.33333333333333	-2.71428571428571	10	-0.801360525021922	0.0791940813976342
chr8	125661600	125664300	Map10	9	6	9	16	-1.5	1.77777777777778	10	NA	NA
chr9	50439800	50441800	Plet1	8	6	21	5	-1.33333333333333	-4.2	10	0.389856120805198	NA
chr9	61602000	61605200	Tle3	8	5	10	17	-1.6	1.7	10	0.395863919096745	2.49038658844737e-25
chr9	105834800	105836800	Col6a6	10	8	12	10	-1.25	-1.2	10	1.22655122013667	0.249229858799962
chr10	29692200	29695100	Rspo3	15	8	9	8	-1.875	-1.125	10	-2.14169396493348	7.59629510503929e-14
chr10	77426900	77428900	Adarb1	6	3	15	16	-2	1.06666666666667	10	0.380707310162513	1.51095498168101e-06
chr10	80193500	80195500	Efna2	13	9	12	6	-1.44444444444444	-2	10	0.599692756327786	3.09214145092368e-09
chr10	125725100	125727800	Lrig3	11	8	14	7	-1.375	-2	10	-1.26869808397792	2.84693231371608e-92
chr11	99059800	99061800	Tns4	9	13	10	8	1.44444444444444	-1.25	10	0.639625278081354	0.545239403177001
chr11	101672500	101674500	Arl4d	8	10	12	10	1.25	-1.2	10	0.832253973456724	4.17076793650605e-25
chr11	121100200	121102200	Tex19.2	13	5	10	12	-2.6	1.2	10	NA	NA
chr12	31236000	31238000	Lamb1	11	4	16	9	-2.75	-1.77777777777778	10	-2.07443083457203	3.38744399897649e-296
chr12	32126400	32129300	Prkar2b	12	11	6	11	-1.09090909090909	1.83333333333333	10	-1.46062153473799	1.82282329048264e-136
chr12	104903400	104905400	Clmn	6	9	13	12	1.5	-1.08333333333333	10	0.086255580335924	0.753314528625854
chr12	112713100	112715100	Cep170b	6	10	13	11	1.66666666666667	-1.18181818181818	10	0.318838198101729	1.19249253848026e-10
chr13	3860800	3864700	Calm5	6	15	9	10	2.5	1.11111111111111	10	0.38984486153061	NA
chr13	38070300	38072300	Riok1	4	10	17	9	2.5	-1.88888888888889	10	0.100298196166539	0.236677774520241
chr13	38125700	38129200	Dsp	11	11	7	11	0	1.57142857142857	10	1.84673300216551	NA
chr13	41703200	41706600	Adtrp	11	3	14	12	-3.66666666666667	-1.16666666666667	10	NA	NA
chr13	52500800	52502800	Diras2	6	14	12	8	2.33333333333333	-1.5	10	-2.19530529545766	1.52797586623942e-280
chr13	56647300	56649300	Tgfbi	17	3	13	7	-5.66666666666667	-1.85714285714286	10	1.01847845679609	3.80707675245791e-55
chr13	98653100	98655100	Tmem174	6	7	15	12	1.16666666666667	-1.25	10	NA	NA
chr13	103805300	103807300	Srek1	9	11	10	10	1.22222222222222	0	10	0.125634395761464	0.1658784247979
chr13	104626800	104629000	Srek1ip1	16	10	8	6	-1.6	-1.33333333333333	10	-0.245559944297669	0.0059316928905723
chr14	32747700	32749700	Tmem273	15	9	6	10	-1.66666666666667	1.66666666666667	10	1.32121622103135	0.441063935384698
chr14	69829800	69832000	Pebp4	8	5	15	12	-1.6	-1.25	10	0.389843925471921	NA
chr14	70451300	70453300	Phyhip	13	8	9	10	-1.625	1.11111111111111	10	-0.738171525832942	0.504297688627161
chr15	55525800	55527800	Mrpl13	12	10	11	7	-1.2	-1.57142857142857	10	-0.240912121050559	9.02083413639331e-08
chr16	15384600	15386600	Ube2v2	7	17	12	4	2.42857142857143	-3	10	0.193189769909938	0.00840465856608729
chr16	21190700	21192700	Ephb3	8	8	17	7	0	-2.42857142857143	10	-0.440535948038051	6.45072792827387e-36
chr17	26376000	26378000	Neurl1b	2	5	18	15	2.5	-1.2	10	-1.53343544881657	1.38740354255073e-22
chr17	64341200	64343200	Pja2	6	8	10	16	1.33333333333333	1.6	10	-0.0698304998433978	0.0143365749012548
chr17	79968600	79970600	Hnrnpll	8	6	7	19	-1.33333333333333	2.71428571428571	10	-0.386305239058364	2.64807091412456e-25
chr18	4868900	4870900	Svil	8	9	11	12	1.125	1.09090909090909	10	-0.309210735377921	2.21098186362489e-10
chr18	24195600	24199800	Galnt1	12	6	9	13	-2	1.44444444444444	10	-0.243856032841338	1.8958148097616e-10
chr18	67744900	67746900	Ptpn2	5	5	19	11	0	-1.72727272727273	10	-0.0411654792435857	0.680785604257004
chr19	38244400	38247000	Lgi1	8	8	7	17	0	2.42857142857143	10	0.671984337989901	0.265462865266158
chr1	192775000	192777000	Hhat	14	9	5	11	-1.55555555555556	2.2	9.75	0.519691916167711	1.02492426544626e-11
chr2	71621600	71623600	Dlx2	11	5	15	8	-2.2	-1.875	9.75	-0.320120262444125	2.77037811853485e-05
chr2	75932900	75934900	Ttc30b	10	9	11	9	-1.11111111111111	-1.22222222222222	9.75	-0.246703531656905	0.0026695620322759
chr2	153575400	153578000	Nol4l	17	7	6	9	-2.42857142857143	1.5	9.75	-1.1598679704636	3.21934580070628e-45
chr2	180345600	180347600	Gata5	13	9	6	11	-1.44444444444444	1.83333333333333	9.75	NA	NA
chr3	108104400	108107200	Gnat2	15	13	4	7	-1.15384615384615	1.75	9.75	0.076779571900729	0.85738047440016
chr3	147882200	147884200	Ttll7	8	7	15	9	-1.14285714285714	-1.66666666666667	9.75	0.843270895264476	1.569319434868e-10
chr4	83107700	83109700	Frem1	6	10	10	13	1.66666666666667	1.3	9.75	-1.75282944124647	3.44815906581831e-10
chr4	135061100	135063100	Runx3	7	6	14	12	-1.16666666666667	-1.16666666666667	9.75	0.70879509212861	2.69896403444868e-33
chr4	149316800	149320400	Kif1b	8	13	10	8	1.625	-1.25	9.75	0.105189020983826	0.0431603668480309
chr5	74121200	74123200	Snora26	7	7	8	17	0	2.125	9.75	NA	NA
chr5	139558400	139560400	Uncx	6	7	7	19	1.16666666666667	2.71428571428571	9.75	NA	NA
chr5	146697900	146701300	Usp12	15	2	7	15	-7.5	2.14285714285714	9.75	0.168998591871193	0.00050933904953855
chr6	8935100	8937100	Nxph1	8	12	8	11	1.5	1.375	9.75	-0.917106515980084	0.766546073919211
chr6	54776800	54778800	Znrf2	5	10	14	10	2	-1.4	9.75	0.236749933206603	0.00212807612226179
chr6	127676000	127678000	Cracr2a	7	8	7	17	1.14285714285714	2.42857142857143	9.75	0.778352537058931	6.49775044448137e-32
chr7	51739500	51741500	Slc17a6	9	10	10	10	1.11111111111111	0	9.75	0.438935131614231	0.688614158100311
chr7	80848400	80850400	Zscan2	10	9	7	13	-1.11111111111111	1.85714285714286	9.75	0.13970236814803	0.43399746653397
chr7	84446800	84450400	Arnt2	9	6	18	6	-1.5	-3	9.75	-2.63572215743986	0.000242869747220053
chr7	141549200	141551200	Chid1	9	9	6	15	0	2.5	9.75	0.293904610075727	8.32080994684961e-05
chr8	109584100	109586900	Hp	11	9	5	14	-1.22222222222222	2.8	9.75	-0.599209522372683	0.61048906157267
chr9	70043300	70046800	Gcnt3	9	12	7	11	1.33333333333333	1.57142857142857	9.75	NA	NA
chr9	122109100	122111100	Snrk	12	6	15	6	-2	-2.5	9.75	-0.261011849520985	0.0360894505219828
chr10	40151000	40154700	Slc16a10	7	14	6	12	2	2	9.75	-0.37799129880466	0.607222253488992
chr10	62739100	62741100	Stox1	8	11	11	9	1.375	-1.22222222222222	9.75	-1.12532856386429	0.80941485820083
chr11	6086200	6088200	Camk2b	14	7	4	14	-2	3.5	9.75	6.74555811104102	2.43751601000306e-244
chr11	8780600	8783600	Tns3	11	4	15	9	-2.75	-1.66666666666667	9.75	-0.807456019276827	1.364157152241e-83
chr11	64962100	64964100	Elac2	4	13	15	7	3.25	-2.14285714285714	9.75	-0.139059908809593	0.00308835014726411
chr11	99453900	99455900	Krt20	13	5	10	11	-2.6	1.1	9.75	0.341023991879635	NA
chr11	101814800	101816800	Etv4	11	8	4	16	-1.375	4	9.75	0.522731549443252	0.000292683112844757
chr12	80323700	80325700	Dcaf5	11	11	9	8	0	-1.125	9.75	-0.249071502225957	0.0152851147265914
chr13	51161100	51163100	Nxnl2	9	9	10	11	0	1.1	9.75	1.12665632748467	0.314792033592774
chr13	51354600	51356600	S1pr3	12	4	9	14	-3	1.55555555555556	9.75	3.56747860232361	0.00551930395365005
chr13	56572900	56574900	Lect2	2	3	25	9	1.5	-2.77777777777778	9.75	1.11021575562113	NA
chr14	34631700	34634600	Opn4	10	8	13	8	-1.25	-1.625	9.75	0.38982909723421	NA
chr14	68020000	68022000	Nefl	7	10	12	10	1.42857142857143	-1.2	9.75	NA	NA
chr15	84774600	84776800	Arhgap8	8	11	14	6	1.375	-2.33333333333333	9.75	-2.959193609519	NA
chr15	97066400	97068400	Slc38a4	12	11	10	6	-1.09090909090909	-1.66666666666667	9.75	-0.0984775787261647	0.696612009895734
chr16	30416200	30418200	Atp13a3	12	2	14	11	-6	-1.27272727272727	9.75	-0.318502437321558	1.26526917859085e-05
chr17	88429700	88431700	Foxn2	7	9	6	17	1.28571428571429	2.83333333333333	9.75	0.24255566664615	6.76174425306235e-09
chr18	52719500	52721500	Gykl1	5	7	8	19	1.4	2.375	9.75	4.2800513882634	0.00782798737585461
chr18	58492000	58494000	Slc27a6	9	6	9	15	-1.5	1.66666666666667	9.75	-0.417667457314448	0.543539127566035
chr19	36265900	36267900	Pcgf5	9	12	6	12	1.33333333333333	2	9.75	-0.683075550300838	1.71773708401029e-17
chr1	66984200	66986200	Lancl1	7	10	12	9	1.42857142857143	-1.33333333333333	9.5	-0.34039839721581	2.60006153346279e-08
chr1	191662200	191664200	Lpgat1	11	8	6	13	-1.375	2.16666666666667	9.5	-0.312559279833987	1.11341965957106e-08
chr2	28384400	28388600	Ppp1r26	12	8	10	8	-1.5	-1.25	9.5	0.38982909723421	NA
chr2	131888500	131890500	Prnp	13	11	5	9	-1.18181818181818	1.8	9.5	-0.458604369244824	9.46848315661685e-24
chr2	148650300	148652300	Nxt1	13	9	8	8	-1.44444444444444	0	9.5	-0.32628859969344	8.9104533397673e-07
chr2	153592000	153594000	Commd7	14	5	6	13	-2.8	2.16666666666667	9.5	-0.0959757746984832	0.127655852547559
chr2	181056700	181058700	Chrna4	10	3	15	10	-3.33333333333333	-1.5	9.5	-2.73689860373224	NA
chr3	95956600	95959200	Anp32e	16	9	10	3	-1.77777777777778	-3.33333333333333	9.5	-0.701419991431713	2.67214245268553e-33
chr3	123063800	123065800	Myoz2	10	12	7	9	1.2	1.28571428571429	9.5	-0.879070569355401	0.725463211948743
chr4	41084400	41087500	Aqp3	15	5	10	8	-3	-1.25	9.5	1.11115634973152	NA
chr4	141741200	141743200	Agmat	12	9	13	4	-1.33333333333333	-3.25	9.5	0.389814646554984	NA
chr5	32182100	32184100	Fosl2	6	6	20	6	0	-3.33333333333333	9.5	0.587839733559199	7.57116296898315e-58
chr5	36734300	36736300	Bloc1s4	6	11	11	10	1.83333333333333	-1.1	9.5	0.0168250279229249	0.887111870835148
chr5	122061000	122064200	Cux2	4	9	12	13	2.25	1.08333333333333	9.5	-1.61339896631942	0.010725998174352
chr5	147849600	147851600	Pomp	7	14	10	7	2	-1.42857142857143	9.5	-0.0626155771799157	0.398563293572004
chr6	41708700	41712400	Kel	9	13	8	8	1.44444444444444	0	9.5	NA	NA
chr6	54718800	54720800	Mturn	12	3	15	8	-4	-1.875	9.5	-0.22727156123524	2.24684636840037e-05
chr7	111023600	111025600	Ctr9	14	6	9	9	-2.33333333333333	0	9.5	-0.113300318218129	0.00487402784025722
chr7	114199000	114201200	Copb1	12	4	15	7	-3	-2.14285714285714	9.5	0.875906629023623	1.25118164825945e-254
chr8	85404900	85406900	Mylk3	16	6	8	8	-2.66666666666667	0	9.5	1.76958014874931	3.11386366216374e-17
chr8	92136500	92138500	Crnde	7	9	11	11	1.28571428571429	0	9.5	-0.123787858315611	0.3626537505391
chr9	48647300	48651300	Nnmt	14	6	12	6	-2.33333333333333	-2	9.5	-0.414167637186699	1.97706772573317e-10
chr9	86898300	86900300	Snap91	6	9	16	7	1.5	-2.28571428571429	9.5	6.78841988022027	1.98267556337336e-09
chr10	75850700	75852700	Mif	11	5	11	11	-2.2	0	9.5	0.151984903574161	0.0484929516158997
chr10	111110200	111112200	Osbpl8	7	12	10	9	1.71428571428571	-1.11111111111111	9.5	0.997080393908421	8.85260943528356e-113
chr11	8816400	8818400	Tns3	4	12	12	10	3	-1.2	9.5	-0.807456019276827	1.364157152241e-83
chr11	77902700	77904700	Pipox	9	6	5	18	-1.5	3.6	9.5	0.163209348218515	0.89088994130234
chr11	77908900	77910900	Pipox	4	6	14	14	1.5	0	9.5	0.163209348218515	0.89088994130234
chr11	98292900	98294900	Mir5119	7	7	7	17	0	2.42857142857143	9.5	NA	NA
chr12	36007500	36009500	Agr2	7	4	12	15	-1.75	1.25	9.5	NA	NA
chr12	69366600	69368600	Arf6	9	13	1	15	1.44444444444444	15	9.5	0.091876503198183	0.0419823854076265
chr13	56677700	56679700	Smad5	12	9	10	7	-1.33333333333333	-1.42857142857143	9.5	0.441395055512552	7.50392295021428e-34
chr13	99850600	99852600	Cartpt	7	3	11	17	-2.33333333333333	1.54545454545455	9.5	-0.0639314283475696	0.970730794031638
chr15	94213500	94215500	Adamts20	7	8	11	12	1.14285714285714	1.09090909090909	9.5	-2.62502515664329	0.38991385294709
chr15	97605100	97609100	Rpap3	7	16	11	4	2.28571428571429	-2.75	9.5	-0.337209019225702	6.41222926702969e-09
chr16	30101800	30103800	Hes1	11	2	15	10	-5.5	-1.5	9.5	0.978830823232212	1.96175937458353e-16
chr16	95752200	95754200	Ets2	10	6	10	12	-1.66666666666667	1.2	9.5	-0.183797338462417	0.000262621886194201
chr17	7520100	7522100	Unc93a2	7	9	8	14	1.28571428571429	1.75	9.5	NA	NA
chr17	48442900	48444900	Tspo2	8	4	15	11	-2	-1.36363636363636	9.5	-0.331477887569045	NA
chr19	34662000	34664000	Ifit1	11	5	13	9	-2.2	-1.44444444444444	9.5	-1.08356902824414	0.00325869169463305
chr19	40277600	40279600	Pdlim1	4	7	6	21	1.75	3.5	9.5	-0.0130928830508915	0.852018692959951
chr1	66828600	66830600	Kansl1l	8	4	8	17	-2	2.125	9.25	0.279074358652211	0.00274514407211235
chr1	134275200	134278300	Myog	4	11	11	11	2.75	0	9.25	-0.331494772848691	NA
chr2	51565400	51567400	Tas2r134	16	7	5	9	-2.28571428571429	1.8	9.25	NA	NA
chr2	157510700	157512700	Blcap	10	10	8	9	0	1.125	9.25	-0.195347019665968	5.79396742532086e-05
chr2	168859900	168861900	Zfp64	10	8	7	12	-1.25	1.71428571428571	9.25	-0.0610824181375076	0.46739111808297
chr2	168870900	168872900	Zfp64	6	7	11	13	1.16666666666667	1.18181818181818	9.25	-0.0610824181375076	0.46739111808297
chr3	37665800	37668000	Spry1	6	7	14	10	1.16666666666667	-1.4	9.25	0.434686233440009	4.30686272940087e-11
chr3	104937300	104939300	Wnt2b	5	15	11	6	3	-1.83333333333333	9.25	0.125636989955783	0.780788445500094
chr3	123243400	123245400	Synpo2	7	5	16	9	-1.4	-1.77777777777778	9.25	-1.48903745186566	2.37953357411601e-08
chr3	134301200	134305100	Mir1895	11	12	8	6	1.09090909090909	-1.33333333333333	9.25	NA	NA
chr3	135401900	135403900	Slc9b1	11	8	8	10	-1.375	1.25	9.25	0.179011715062335	0.935193391348432
chr4	34308400	34310400	Akirin2	3	4	19	11	1.33333333333333	-1.72727272727273	9.25	0.0483952773941001	0.272828746607175
chr4	53624000	53626000	Fsd1l	12	13	4	8	1.08333333333333	2	9.25	0.0684212932001574	0.573049483105738
chr4	108344000	108346400	Coa7	11	5	5	16	-2.2	3.2	9.25	0.180094184224495	0.349229369981904
chr5	102460300	102462300	Arhgap24	9	10	5	13	1.11111111111111	2.6	9.25	1.59664887735566	1.77413565685252e-165
chr5	107000900	107002900	Cdc7	10	8	6	13	-1.25	2.16666666666667	9.25	-0.990449397781848	6.27055062094329e-18
chr5	134864200	134866200	Tmem270	9	7	6	15	-1.28571428571429	2.5	9.25	NA	NA
chr5	139584100	139586900	Uncx	10	7	12	8	-1.42857142857143	-1.5	9.25	NA	NA
chr6	89613000	89615600	Chchd6	7	5	15	10	-1.4	-1.5	9.25	-0.256577633421493	0.00181340748760308
chr6	138707000	138710300	Igbp1b	11	10	5	11	-1.1	2.2	9.25	NA	NA
chr7	36934200	36936200	Tshz3	8	9	6	14	1.125	2.33333333333333	9.25	-0.0212886765562017	0.835625980215793
chr7	80832200	80834200	Iqgap1	7	5	13	12	-1.4	-1.08333333333333	9.25	0.355801442802907	3.58971813586507e-42
chr7	89414100	89416100	Fzd4	7	5	13	12	-1.4	-1.08333333333333	9.25	-0.892286759698824	2.49678697328023e-18
chr7	101084800	101086800	Fchsd2	4	9	9	15	2.25	1.66666666666667	9.25	0.751068357473672	4.35357706939677e-46
chr8	94804100	94806100	Ccl17	8	9	12	8	1.125	-1.5	9.25	-0.993143366572609	0.5949284865656
chr8	125313800	125315800	Sipa1l2	8	11	13	5	1.375	-2.6	9.25	0.0950854542503884	0.283006676102018
chr9	37177200	37180000	Tmem218	9	5	9	14	-1.8	1.55555555555556	9.25	0.113201181891294	0.302977340385567
chr9	59061400	59063400	Neo1	8	2	11	16	-4	1.45454545454545	9.25	-0.334073848803274	6.68154125426092e-14
chr9	70048100	70050100	Gcnt3	5	9	13	10	1.8	-1.3	9.25	NA	NA
chr9	99163400	99165400	Pik3cb	9	1	19	8	-9	-2.375	9.25	-0.540582825970741	1.5823525329722e-05
chr9	103240100	103243000	Trf	7	13	11	6	1.85714285714286	-1.83333333333333	9.25	0.0807256660439379	0.938875452663342
chr10	75844600	75846800	Gstt2	13	6	11	7	-2.16666666666667	-1.57142857142857	9.25	0.0477455030886715	0.938904611177363
chr11	55368100	55370100	Sparc	9	7	9	12	-1.28571428571429	1.33333333333333	9.25	1.74473145987141	6.06887772571402e-213
chr11	63879600	63881600	Hs3st3b1	5	7	17	8	1.4	-2.125	9.25	0.389822341357282	NA
chr11	77905900	77907900	Pipox	7	6	13	11	-1.16666666666667	-1.18181818181818	9.25	0.163209348218515	0.89088994130234
chr11	102782400	102785000	Adam11	7	11	11	8	1.57142857142857	-1.375	9.25	-0.25012665690838	0.517977733404914
chr11	103665500	103667500	Rprml	5	4	15	13	-1.25	-1.15384615384615	9.25	2.00183683159926	0.00124273865820826
chr11	108989300	108991300	Axin2	5	6	8	18	1.2	2.25	9.25	0.220307427410199	0.0145086591481422
chr11	116712800	116714800	St6galnac2	9	9	8	11	0	1.375	9.25	1.41891912591165	0.138788595279705
chr12	36716100	36719200	Mir5099	9	8	9	11	-1.125	1.22222222222222	9.25	NA	NA
chr13	3729600	3731600	Calml3	9	6	7	15	-1.5	2.14285714285714	9.25	4.59716092245112	2.98566035503547e-05
chr13	38295700	38297700	Bmp6	12	10	6	9	-1.2	1.5	9.25	1.95613319822633	0.355472387054376
chr14	16313200	16315200	Ngly1	7	12	9	9	1.71428571428571	0	9.25	0.02318998819652	0.729501080310393
chr14	16896800	16898800	Rarb	4	9	12	12	2.25	0	9.25	-0.0126358194576997	0.995634844849534
chr14	77004300	77006300	Lacc1	8	8	8	13	0	1.625	9.25	0.0729624988061514	0.180107468518388
chr15	11573200	11575200	Tars	9	5	12	11	-1.8	-1.09090909090909	9.25	0.434205923596035	1.12131906726802e-27
chr15	96750700	96752700	Slc38a2	5	12	10	10	2.4	0	9.25	0.485254417304118	3.38898124384836e-46
chr16	85765500	85767500	Adamts1	4	5	17	11	1.25	-1.54545454545455	9.25	-1.24819679355336	5.49005366425101e-136
chr17	56501500	56503500	Znrf4	10	10	7	10	0	1.42857142857143	9.25	NA	NA
chr18	4135200	4138800	Lyzl1	9	8	12	8	-1.125	-1.5	9.25	NA	NA
chr18	38170600	38173400	Pcdh1	8	9	7	13	1.125	1.85714285714286	9.25	-3.20374164794206	0.0893868055823173
chr18	61944300	61947800	Sh3tc2	12	9	9	7	-1.33333333333333	-1.28571428571429	9.25	0.361819042447986	NA
chr19	17312100	17314100	Gcnt1	7	8	15	7	1.14285714285714	-2.14285714285714	9.25	0.435667366606323	3.1923495004266e-15
chr19	36909900	36911900	Fgfbp3	6	6	15	10	0	-1.5	9.25	-0.204189658686783	0.181328060627189
chr19	55062800	55064800	Gpam	9	8	9	11	-1.125	1.22222222222222	9.25	-0.372391892402992	2.47383822129393e-08
chr19	56688300	56690300	Adrb1	9	14	7	7	1.55555555555556	0	9.25	NA	NA
chr1	42773100	42776700	Dalir	11	8	8	9	-1.375	1.125	9	NA	NA
chr1	90411500	90413500	Cops8	6	8	13	9	1.33333333333333	-1.44444444444444	9	-0.0120734731121197	0.917146487563814
chr1	91871900	91873900	Hdac4	10	7	10	9	-1.42857142857143	-1.11111111111111	9	-0.57150673298616	7.01347524192006e-15
chr1	135203800	135205800	Gpr37l1	6	4	14	12	-1.5	-1.16666666666667	9	0.38982909723421	NA
chr1	156786700	156788700	Ralgps2	12	8	7	9	-1.5	1.28571428571429	9	-1.28596289073726	1.32525825736428e-25
chr1	172047800	172050600	Nhlh1	8	7	13	8	-1.14285714285714	-1.625	9	0.38982909723421	NA
chr2	5240700	5242700	Ccdc3	10	7	5	14	-1.42857142857143	2.8	9	NA	NA
chr2	31463400	31465400	Ass1	9	6	13	8	-1.5	-1.625	9	-0.708899844692609	1.34384900150486e-19
chr2	71866600	71868600	Pdk1	7	8	6	15	1.14285714285714	2.5	9	1.01958223411789	4.16167792270517e-19
chr2	84792900	84794900	Ube2l6	9	7	10	10	-1.28571428571429	0	9	-0.84432535511446	2.71136146636847e-25
chr2	115812500	115814500	Meis2	9	9	6	12	0	2	9	-1.02674391001666	1.54950294548762e-50
chr2	126885200	126887200	Trpm7	10	8	6	12	-1.25	2	9	0.209596576599404	1.55339734234252e-05
chr2	173976000	173979200	Stx16	6	9	13	8	1.5	-1.625	9	-0.441211435857095	2.70249825298912e-17
chr3	81017000	81019000	Pdgfc	8	7	11	10	-1.14285714285714	-1.1	9	-0.329122427038385	3.41554690743448e-14
chr3	142433600	142435600	Pdlim5	2	15	7	12	7.5	1.71428571428571	9	-0.108014803883903	0.00533069121670308
chr4	47418100	47420100	Tgfbr1	13	5	10	8	-2.6	-1.25	9	0.100403464504935	0.0393658421134318
chr4	47697800	47699800	Sec61b	7	10	7	12	1.42857142857143	1.71428571428571	9	0.967701974406763	4.25289917511173e-134
chr4	54533200	54535200	Zfp462	6	7	12	11	1.16666666666667	-1.09090909090909	9	-0.65918377486419	1.69044855990349e-08
chr4	100047700	100049700	Ror1	5	9	15	7	1.8	-2.14285714285714	9	-1.09915277013438	2.62147370966297e-63
chr5	73729600	73733800	Spata18	13	4	13	6	-3.25	-2.16666666666667	9	1.11116986148538	NA
chr5	119821600	119825800	Tbx5	12	7	6	11	-1.71428571428571	1.83333333333333	9	NA	NA
chr6	4553200	4555200	Col1a2	7	8	10	11	1.14285714285714	1.1	9	1.24791174823891	2.07733454043099e-87
chr6	87400600	87402600	Gkn3	8	11	5	12	1.375	2.4	9	NA	NA
chr6	91307300	91309300	Fbln2	15	9	7	5	-1.66666666666667	-1.4	9	-1.15941066048692	1.73436418297598e-166
chr6	137869100	137871900	Dera	8	7	17	4	-1.14285714285714	-4.25	9	-0.135546270017857	0.212652586435633
chr7	19668200	19670200	Clptm1	17	11	4	4	-1.54545454545455	0	9	0.010647891565906	0.88423173754886
chr7	100984100	100986100	P2ry6	4	11	9	12	2.75	1.33333333333333	9	-1.65912180565635	0.0375761469963445
chr7	125427600	125430600	Kdm8	11	7	8	10	-1.57142857142857	1.25	9	-0.384228454598592	0.0112885020334732
chr7	142316600	142318600	Krtap5-4	7	8	8	13	1.14285714285714	1.625	9	NA	NA
chr7	145014800	145016800	Ccnd1	8	11	7	10	1.375	1.42857142857143	9	0.394145879239174	2.67746702338897e-43
chr8	23320400	23322400	Golga7	10	4	9	13	-2.5	1.44444444444444	9	-0.0174095097637636	0.674794166521092
chr9	70667700	70670500	Adam10	6	6	8	16	0	2	9	0.018502762071854	0.670920714919131
chr9	101689100	101692400	Ephb1	10	11	6	9	1.1	1.5	9	1.8191107041496	NA
chr9	121923800	121925800	Cyp8b1	8	11	7	10	1.375	1.42857142857143	9	NA	NA
chr10	22607800	22610500	Slc2a12	7	7	10	12	0	1.2	9	0.430841759257354	0.871870371122364
chr11	65663700	65665700	Map2k4	10	7	10	9	-1.42857142857143	-1.11111111111111	9	-0.147080611362561	0.000521485294421865
chr11	95519500	95521500	Nxph3	6	5	12	13	-1.2	1.08333333333333	9	0.469087250694157	0.656059181515182
chr11	107866700	107868700	Cacng5	9	10	11	6	1.11111111111111	-1.83333333333333	9	NA	NA
chr11	119576200	119578200	Rptor	4	8	14	10	2	-1.4	9	-0.216688290576041	0.00127520308655455
chr12	36720300	36723900	Mir5099	12	7	12	5	-1.71428571428571	-2.4	9	NA	NA
chr12	104678000	104680000	Dicer1	12	4	6	14	-3	2.33333333333333	9	0.147815964292718	0.0232364084498789
chr13	13534100	13536100	Nid1	4	12	9	11	3	1.22222222222222	9	-1.81383034633262	7.33312402396911e-33
chr13	24480000	24482000	Ripor2	10	5	9	12	-2	1.33333333333333	9	0.0530906722221299	0.617281564128285
chr13	47115000	47117000	Rnf144b	14	12	3	7	-1.16666666666667	2.33333333333333	9	0.755964661582495	6.01845457094703e-49
chr13	48574142	48576142	Ptpdc1	8	5	10	13	-1.6	1.3	9	-0.474685487548513	1.07096035506116e-10
chr13	54265900	54267900	Cplx2	9	5	10	12	-1.8	1.2	9	0.010426586954003	0.897637441488536
chr13	54281600	54283600	Cplx2	1	11	5	19	11	3.8	9	0.010426586954003	0.897637441488536
chr13	98651000	98653000	Tmem174	8	4	12	12	-2	0	9	NA	NA
chr13	98683500	98685500	Tmem171	11	4	11	10	-2.75	-1.1	9	0.389816327119844	NA
chr13	98698800	98701400	Tmem171	8	10	7	11	1.25	1.57142857142857	9	0.389816327119844	NA
chr14	65899600	65902000	Scara3	5	8	4	19	1.6	4.75	9	0.396196465364623	4.12853059390718e-18
chr14	68073700	68075700	Nefl	5	7	13	11	1.4	-1.18181818181818	9	NA	NA
chr15	83052400	83054400	Nfam1	6	6	13	11	0	-1.18181818181818	9	0.751185280633723	0.501530952696562
chr15	102015800	102018200	Krt18	6	5	12	13	-1.2	1.08333333333333	9	0.389821240654531	NA
chr16	30803500	30805500	Fam43a	15	4	11	6	-3.75	-1.83333333333333	9	1.40485339703816	4.35215424661722e-109
chr18	20808500	20812500	Trappc8	10	11	11	4	1.1	-2.75	9	0.339656120962865	3.10127284971222e-14
chr18	61625800	61627800	Bvht	7	3	13	13	-2.33333333333333	0	9	-0.306905209201132	0.108597281595826
chr1	57496300	57498300	Tyw5	7	7	11	10	0	-1.1	8.75	0.193741654476838	0.0766573976489706
chr1	75292200	75294200	Resp18	6	6	15	8	0	-1.875	8.75	-2.03399067200815	NA
chr1	90590400	90592400	Cops8	5	5	14	11	0	-1.27272727272727	8.75	-0.0120734731121197	0.917146487563814
chr1	90885000	90887000	Mlph	6	6	12	11	0	-1.09090909090909	8.75	1.87507305151955	2.37174328718994e-09
chr1	125652400	125654400	Gpr39	8	4	6	17	-2	2.83333333333333	8.75	-1.63139063727524	NA
chr1	150537600	150539600	Hmcn1	5	4	10	16	-1.25	1.6	8.75	1.25699580063181	0.00139276391203342
chr1	177451500	177453500	Zbtb18	15	10	2	8	-1.5	4	8.75	-0.459834433748233	0.00158323201654374
chr1	191300900	191302900	Nenf	9	5	11	10	-1.8	-1.1	8.75	-0.131398067442985	0.0129092459508396
chr2	32408000	32410000	Slc25a25	8	7	11	9	-1.14285714285714	-1.22222222222222	8.75	0.797083416729649	3.04447498376997e-38
chr2	72268600	72270600	Map3k20	7	7	7	14	0	2	8.75	0.349142518325967	6.92475271196875e-09
chr2	74073200	74077300	Atp5g3	8	7	10	10	-1.14285714285714	0	8.75	-0.0700085444676099	0.126367752825999
chr2	83705500	83707500	Itgav	11	10	4	10	-1.1	2.5	8.75	-0.436362119495054	1.93556491250066e-41
chr2	163574400	163576400	Hnf4a	15	2	8	10	-7.5	1.25	8.75	1.11116986148538	NA
chr2	168036200	168038200	Ripor3	6	10	6	13	1.66666666666667	2.16666666666667	8.75	2.11052331396778	1.3830412632182e-57
chr2	168779400	168781400	Sall4	6	3	10	16	-2	1.6	8.75	NA	NA
chr3	65454800	65456800	Ssr3	7	9	8	11	1.28571428571429	1.375	8.75	0.727411137397102	6.07494481813628e-119
chr3	101958300	101960900	Slc22a15	4	10	8	13	2.5	1.625	8.75	0.00058064989544248	0.997034619096501
chr3	105695000	105697000	Ddx20	7	4	8	16	-1.75	2	8.75	-0.0888745742258475	0.268179789897648
chr3	132427300	132429300	Gimd1	9	7	11	8	-1.28571428571429	-1.375	8.75	NA	NA
chr3	142429700	142431700	Pdlim5	12	10	3	10	-1.2	3.33333333333333	8.75	-0.108014803883903	0.00533069121670308
chr3	154467000	154469000	Tyw3	10	5	5	15	-2	3	8.75	-0.52576896595342	0.0584266849195927
chr4	14205000	14207000	Slc26a7	8	6	10	11	-1.33333333333333	1.1	8.75	-0.700455486660557	5.92018871306369e-48
chr4	22017500	22019500	Faxc	5	10	10	10	2	0	8.75	-0.426269425054417	1.13691145337101e-15
chr4	45786500	45790400	Aldh1b1	11	6	10	8	-1.83333333333333	-1.25	8.75	NA	NA
chr4	46444400	46446400	Anp32b	8	11	8	8	1.375	0	8.75	-0.461732877135438	1.25753819755781e-24
chr4	62941600	62943600	Zfp618	10	7	6	12	-1.42857142857143	2	8.75	1.92623975100941	0.000199407927128843
chr4	123227300	123229300	Heyl	8	7	10	10	-1.14285714285714	0	8.75	0.315546222674772	0.726068408934372
chr4	135001600	135003600	Syf2	8	7	12	8	-1.14285714285714	-1.5	8.75	0.601224462508943	9.83310016580526e-27
chr4	144968100	144970100	Vps13d	11	7	10	7	-1.57142857142857	-1.42857142857143	8.75	-0.28192496311549	0.148812394629325
chr5	99215300	99217300	Rasgef1b	8	10	5	12	1.25	2.4	8.75	0.184319353991515	0.718156900016901
chr5	139592400	139595900	Uncx	8	8	8	11	0	1.375	8.75	NA	NA
chr7	89417300	89419300	AI314278	3	8	7	17	2.66666666666667	2.42857142857143	8.75	1.11028947406461	NA
chr8	89385800	89389400	Sall1	9	9	9	8	0	-1.125	8.75	NA	NA
chr8	94728800	94730800	Ccl22	7	8	12	8	1.14285714285714	-1.5	8.75	NA	NA
chr9	66599200	66601200	Usp3	5	6	13	11	1.2	-1.18181818181818	8.75	0.248526844513249	0.000437722725786862
chr9	71498000	71500000	Polr2m	10	6	11	8	-1.66666666666667	-1.375	8.75	-0.58554426425338	1.21712267997309e-67
chr10	61389100	61391100	Pald1	3	8	10	14	2.66666666666667	1.4	8.75	1.03208993317397	6.51996131853736e-127
chr11	21413800	21416000	Ugp2	7	12	9	7	1.71428571428571	-1.28571428571429	8.75	-0.204725957774233	5.79589772604314e-08
chr11	28954000	28956000	Efemp1	8	7	11	9	-1.14285714285714	-1.22222222222222	8.75	-1.05297251177051	NA
chr11	76892800	76894800	Tmigd1	6	6	11	12	0	1.09090909090909	8.75	1.11116986148538	NA
chr11	78819943	78821943	Lyrm9	7	9	10	9	1.28571428571429	-1.11111111111111	8.75	-0.240490169839768	0.692600945881352
chr12	87392400	87394400	Sptlc2	4	11	10	10	2.75	0	8.75	-0.12010072123239	0.0700844729316001
chr12	105525200	105528600	AU015791	4	2	15	14	-2	-1.07142857142857	8.75	NA	NA
chr13	56587900	56589900	Tgfbi	5	4	16	10	-1.25	-1.6	8.75	1.01847845679609	3.80707675245791e-55
chr14	54454100	54456100	Lrp10	11	2	16	6	-5.5	-2.66666666666667	8.75	0.298004600365135	2.33334860416896e-07
chr14	62001400	62004000	Rnaseh2b	12	7	4	12	-1.71428571428571	3	8.75	-0.467250836383722	1.46936838834435e-10
chr14	65902800	65904800	Scara3	5	5	16	9	0	-1.77777777777778	8.75	0.396196465364623	4.12853059390718e-18
chr14	73468500	73470500	Med4	9	6	11	9	-1.5	-1.22222222222222	8.75	-0.255492800088266	0.000274591046791598
chr14	76512700	76514700	Tsc22d1	7	3	10	15	-2.33333333333333	1.5	8.75	0.352201824100824	9.24546722139683e-23
chr15	99536300	99538300	Faim2	8	9	9	9	1.125	0	8.75	-0.963393182956118	0.215216875996577
chr15	103054500	103056500	Hoxc4	2	10	14	9	5	-1.55555555555556	8.75	-0.170783173989027	0.694154690507093
chr16	30456000	30458600	Atp13a3	17	3	10	5	-5.66666666666667	-2	8.75	-0.318502437321558	1.26526917859085e-05
chr16	91432800	91434800	Il10rb	5	11	7	12	2.2	1.71428571428571	8.75	0.12133264492641	0.13523975651135
chr17	15342400	15344400	Dll1	18	4	5	8	-4.5	1.6	8.75	-0.576827391441418	0.147023193538488
chr17	24760500	24762500	Hs3st6	6	7	9	13	1.16666666666667	1.44444444444444	8.75	0.389836512475164	NA
chr17	66240900	66242900	Ddx11	8	10	9	8	1.25	-1.125	8.75	-1.20253528848936	8.25090553311452e-21
chr18	67748900	67750900	Seh1l	8	5	9	13	-1.6	1.44444444444444	8.75	-0.0516303101276272	0.314347602776156
chr19	23506600	23508600	Mamdc2	13	7	9	6	-1.85714285714286	-1.5	8.75	3.88847313305276	1.0564180532702e-11
chr19	23520000	23522000	Mamdc2	7	9	6	13	1.28571428571429	2.16666666666667	8.75	3.88847313305276	1.0564180532702e-11
chr19	28094700	28096700	Rfx3	6	10	9	10	1.66666666666667	1.11111111111111	8.75	0.234020497831493	0.0504604177295238
chr19	58459600	58461600	Gfra1	8	5	18	4	-1.6	-4.5	8.75	4.50493109080883	0.000208557945924105
chr1	39745700	39747700	Rfx8	10	2	13	9	-5	-1.44444444444444	8.5	0.389813200598829	NA
chr1	42241600	42245500	Pantr1	11	3	12	8	-3.66666666666667	-1.5	8.5	NA	NA
chr1	90368000	90370000	Ackr3	5	3	17	9	-1.66666666666667	-1.88888888888889	8.5	0.775506907116748	2.38011694825048e-10
chr1	171469100	171471100	F11r	7	8	8	11	1.14285714285714	1.375	8.5	1.11115634973152	NA
chr2	92847300	92850100	Syt13	6	7	8	13	1.16666666666667	1.625	8.5	-2.65980144691003	1.6318218797281e-12
chr2	93598400	93600400	Alx4	12	8	9	5	-1.5	-1.8	8.5	-0.644807685112754	8.24337674623406e-74
chr2	102231000	102233000	Ldlrad3	11	4	6	13	-2.75	2.16666666666667	8.5	-0.315874826806436	8.64577540609859e-23
chr2	129584800	129586800	Sirpa	10	10	8	6	0	-1.33333333333333	8.5	-0.597467371019349	3.09877974112093e-12
chr2	136681630	136683630	Snap25	17	8	3	6	-2.125	2	8.5	1.11116986148538	NA
chr3	57950200	57952200	Pfn2	6	6	5	17	0	3.4	8.5	-0.314585174149516	7.35721955231694e-06
chr3	60817000	60819800	P2ry1	3	9	15	7	3	-2.14285714285714	8.5	-1.68542887869984	0.500713119482569
chr3	68718700	68720700	Il12a	10	9	12	3	-1.11111111111111	-4	8.5	0.555796776008289	0.00710486597075271
chr3	123070200	123072200	Myoz2	6	6	13	9	0	-1.44444444444444	8.5	-0.879070569355401	0.725463211948743
chr4	49040700	49042700	Plppr1	11	9	8	6	-1.22222222222222	-1.33333333333333	8.5	NA	NA
chr4	115095600	115098800	Pdzk1ip1	14	3	10	7	-4.66666666666667	-1.42857142857143	8.5	-2.41339599717755	NA
chr4	119005000	119009600	Lao1	10	7	9	8	-1.42857142857143	-1.125	8.5	NA	NA
chr4	122908100	122910900	Cap1	15	8	6	5	-1.875	-1.2	8.5	0.252180674413161	1.62253931344289e-24
chr4	123989200	123992500	Rragc	10	7	10	7	-1.42857142857143	-1.42857142857143	8.5	0.524831734280967	2.90094212524669e-39
chr4	124670800	124675400	Pou3f1	11	9	6	8	-1.22222222222222	1.33333333333333	8.5	1.11116310560845	NA
chr5	27872800	27874800	Htr5a	15	3	8	8	-5	0	8.5	NA	NA
chr5	77177200	77179200	Spink2	6	3	10	15	-2	1.5	8.5	NA	NA
chr5	122515700	122517700	Atp2a2	8	3	13	10	-2.66666666666667	-1.3	8.5	-0.260243117993273	5.95224201267956e-19
chr5	134973600	134977600	Cldn3	11	4	9	10	-2.75	1.11111111111111	8.5	NA	NA
chr6	36676500	36678500	Ptn	6	11	6	11	1.83333333333333	1.83333333333333	8.5	-1.84938816245552	4.38435162895849e-280
chr6	54033900	54035900	Chn2	7	7	7	13	0	1.85714285714286	8.5	9.09848409393564	6.6782399657667e-18
chr6	84568900	84570900	Cyp26b1	8	7	11	8	-1.14285714285714	-1.375	8.5	1.69706919049879	9.53255641869042e-205
chr7	24849900	24851900	Lypd4	4	8	9	13	2	1.44444444444444	8.5	-0.331477887569044	NA
chr7	112216100	112218100	Mical2	1	10	11	12	10	1.09090909090909	8.5	0.662451413855204	8.42925122283863e-42
chr7	139338400	139340400	Inpp5a	4	6	11	13	1.5	1.18181818181818	8.5	1.22700866652711	5.33771269687932e-178
chr8	26983700	26985700	Zfp703	4	10	10	10	2.5	0	8.5	0.367455800571241	7.89755170666495e-08
chr8	36554300	36556300	Dlc1	5	8	13	8	1.6	-1.625	8.5	0.454633808353201	3.04627524751873e-41
chr8	107826800	107828800	Zfhx3	9	6	8	11	-1.5	1.375	8.5	-0.568331479033066	1.31276179716601e-14
chr8	119884800	119886800	Klhl36	7	2	11	14	-3.5	1.27272727272727	8.5	0.29186683153687	0.0589196318301047
chr8	125329900	125331900	Sipa1l2	9	8	6	11	-1.125	1.83333333333333	8.5	0.0950854542503884	0.283006676102018
chr8	127855300	127857300	Pard3	7	8	9	10	1.14285714285714	1.11111111111111	8.5	-0.371557221918267	3.86316908969017e-20
chr8	128112300	128114300	Mir21c	5	8	11	10	1.6	-1.1	8.5	NA	NA
chr9	78505400	78507400	Eef1a1	8	13	4	9	1.625	2.25	8.5	0.20087751158551	6.58011913901606e-07
chr9	102928900	102930900	Ryk	9	10	8	7	1.11111111111111	-1.14285714285714	8.5	-0.16363036653298	1.66052614495247e-07
chr10	22877200	22879200	Tcf21	9	7	8	10	-1.28571428571429	1.25	8.5	NA	NA
chr11	8796600	8798600	Tns3	7	11	10	6	1.57142857142857	-1.66666666666667	8.5	-0.807456019276827	1.364157152241e-83
chr11	55681200	55686100	Glra1	12	5	7	10	-2.4	1.42857142857143	8.5	0.38982909723421	NA
chr11	84609600	84612700	Lhx1os	4	11	8	11	2.75	1.375	8.5	-0.331477887569045	NA
chr11	89208800	89210800	Nog	5	9	12	8	1.8	-1.5	8.5	-0.744305501541822	4.21990570978025e-05
chr11	100311200	100313200	Eif1	10	7	7	10	-1.42857142857143	1.42857142857143	8.5	0.244244831377062	0.000225646499161738
chr11	108960900	108962900	Axin2	6	5	4	19	-1.2	4.75	8.5	0.220307427410199	0.0145086591481422
chr11	114656300	114658300	Rpl38	7	9	13	5	1.28571428571429	-2.6	8.5	0.266543602374562	1.25340027555663e-06
chr11	117062200	117064200	Snhg20	1	7	7	19	7	2.71428571428571	8.5	-0.224520561096002	0.0227344943862563
chr12	8400900	8403700	Hs1bp3	12	9	5	8	-1.33333333333333	1.6	8.5	0.166162358901838	0.0131349212230948
chr12	111385800	111387800	Cdc42bpb	5	8	6	15	1.6	2.5	8.5	-0.103507471253378	0.127182415071474
chr13	51335800	51337800	S1pr3	9	8	7	10	-1.125	1.42857142857143	8.5	3.56747860232361	0.00551930395365005
chr13	53487000	53489000	Msx2	5	5	15	9	0	-1.66666666666667	8.5	-1.05574044188283	1.25774936129883e-10
chr13	97891600	97894000	Arhgef28	9	5	15	5	-1.8	-3	8.5	1.36356785968428	3.28499304169212e-116
chr13	99592800	99595000	Map1b	4	8	4	18	2	4.5	8.5	0.79161538522306	3.05500299256542e-102
chr13	99643736	99645736	Map1b	13	9	4	8	-1.44444444444444	2	8.5	0.79161538522306	3.05500299256542e-102
chr13	111554200	111557600	Gpbp1	7	11	6	10	1.57142857142857	1.66666666666667	8.5	0.173584035655338	0.00012903001587662
chr14	20228900	20230900	Kcnk16	6	8	11	9	1.33333333333333	-1.22222222222222	8.5	-0.211312203449614	NA
chr16	20129700	20131700	Yeats2	10	6	9	9	-1.66666666666667	0	8.5	-0.328797912940864	9.77173019594617e-15
chr16	91978100	91980100	Atp5o	7	7	12	8	0	-1.5	8.5	-0.298660334683766	6.3858479268789e-16
chr17	56408800	56410800	Ptprs	10	9	6	9	-1.11111111111111	1.5	8.5	0.707456166343279	3.52634733919051e-53
chr17	83690100	83692100	Mta3	7	7	11	9	0	-1.22222222222222	8.5	0.0724163926322266	0.278979334229563
chr18	52956200	52958200	Sncaip	5	7	5	17	1.4	3.4	8.5	6.15560618274803	1.21280842806988e-42
chr18	62173900	62175900	Adrb2	1	7	15	11	7	-1.36363636363636	8.5	0.182828643048322	0.75672186212548
chr18	67251200	67253200	Mppe1	7	7	4	16	0	4	8.5	0.949462337255802	1.75280539546588e-29
chr2	5112200	5114200	Ccdc3	7	6	14	6	-1.16666666666667	-2.33333333333333	8.25	NA	NA
chr2	12059600	12061600	Itga8	11	5	6	11	-2.2	1.83333333333333	8.25	-1.58364854684719	2.30828494651448e-105
chr2	26175900	26177900	Lhx3	3	8	5	17	2.66666666666667	3.4	8.25	-1.13595023977383	NA
chr2	33891500	33893500	Mvb12b	8	7	7	11	-1.14285714285714	1.57142857142857	8.25	-2.41204158140773	2.40905970371384e-200
chr2	51583300	51585300	Tas2r134	9	10	7	7	1.11111111111111	0	8.25	NA	NA
chr2	71672700	71674700	Platr26	7	10	11	5	1.42857142857143	-2.2	8.25	NA	NA
chr2	131979900	131981900	Prnd	7	10	11	5	1.42857142857143	-2.2	8.25	-1.18554503261493	0.654430502825918
chr2	166544800	166546800	Prex1	8	9	9	7	1.125	-1.28571428571429	8.25	9.67472741884106	1.02012031784276e-99
chr2	168438300	168440300	Nfatc2	8	2	5	18	-4	3.6	8.25	-0.629673329043685	0.00712179622848767
chr2	180310300	180312300	Rbbp8nl	7	5	13	8	-1.4	-1.625	8.25	NA	NA
chr2	180321800	180324200	Gata5os	9	8	12	4	-1.125	-3	8.25	NA	NA
chr3	86935300	86937300	Dclk2	5	2	12	14	-2.5	1.16666666666667	8.25	-0.258211201039441	0.0288704501316411
chr3	101506000	101508800	Atp1a1	11	5	8	9	-2.2	1.125	8.25	0.858568018793299	1.17237768312724e-150
chr4	54031300	54034200	Tmem38b	6	9	11	7	1.5	-1.57142857142857	8.25	0.25401914173132	0.000812773989354868
chr4	136840100	136842100	Ephb2	9	4	8	12	-2.25	1.5	8.25	0.464489391236902	7.78218127353574e-22
chr4	150659700	150663300	Slc45a1	7	5	11	10	-1.4	-1.1	8.25	-0.917589366985628	NA
chr5	73353400	73356400	Ociad2	7	7	7	12	0	1.71428571428571	8.25	0.0167172363543816	0.950117764417905
chr5	107092000	107094000	Tgfbr3	5	7	15	6	1.4	-2.5	8.25	-0.941836407905198	9.0211276975913e-49
chr5	134889500	134892600	Tmem270	4	4	13	12	0	-1.08333333333333	8.25	NA	NA
chr6	71660800	71662800	Kdm3a	6	7	11	9	1.16666666666667	-1.22222222222222	8.25	0.161860354345523	0.00724295173384782
chr7	37930900	37932900	Uri1	0	10	14	9	Inf	-1.55555555555556	8.25	-0.0455485259322259	0.527247159802586
chr7	81839900	81841900	Btbd1	7	8	9	9	1.14285714285714	0	8.25	0.0233169463250524	0.714695924390493
chr7	98189100	98191100	B3gnt6	4	12	14	3	3	-4.66666666666667	8.25	-2.0154782899424	0.346476553158485
chr7	98870200	98872200	Wnt11	8	3	6	16	-2.66666666666667	2.66666666666667	8.25	5.25117972821988	1.09152359683656e-51
chr7	142585900	142589600	H19	10	6	10	7	-1.66666666666667	-1.42857142857143	8.25	2.09332144086776	4.3387993624214e-17
chr8	34993600	34996200	Tnks	6	7	7	13	1.16666666666667	1.85714285714286	8.25	-0.339415328093705	4.64304461932347e-15
chr8	77786500	77788500	Ednra	4	13	7	9	3.25	1.28571428571429	8.25	-1.53149249899064	7.75728846088426e-143
chr9	32594200	32596200	Ets1	7	5	14	7	-1.4	-2	8.25	-0.246547123389143	0.000100986100463435
chr9	57659900	57661900	Csk	6	4	14	9	-1.5	-1.55555555555556	8.25	-0.0402739510847708	0.470117242609357
chr9	63774100	63776100	Smad3	10	2	8	13	-5	1.625	8.25	0.200636378355645	3.04837512088209e-08
chr9	85486200	85488200	Tent5a	5	6	10	12	1.2	1.2	8.25	2.19521440358499	0
chr10	14977400	14979400	Nmbr	5	4	12	12	-1.25	0	8.25	0.960012018231959	0.546410338353537
chr10	40176600	40178600	Slc16a10	4	5	7	17	1.25	2.42857142857143	8.25	-0.37799129880466	0.607222253488992
chr10	77254200	77256200	Pofut2	4	6	11	12	1.5	1.09090909090909	8.25	0.789739940404247	1.93115743519727e-88
chr11	63270300	63272300	Pmp22	8	5	11	9	-1.6	-1.22222222222222	8.25	-1.55712522034038	1.77228051043964e-228
chr11	63368500	63370500	Pmp22	14	4	5	10	-3.5	2	8.25	-1.55712522034038	1.77228051043964e-228
chr11	109319800	109321800	Rgs9	12	5	9	7	-2.4	-1.28571428571429	8.25	0.254412713033198	0.792192119030024
chr11	117635600	117637600	Tnrc6c	8	6	9	10	-1.33333333333333	1.11111111111111	8.25	0.147311600135724	0.00157786975922118
chr12	8491400	8493400	Rhob	3	11	11	8	3.66666666666667	-1.375	8.25	-0.142060206198916	0.00925935682860947
chr12	28685600	28687600	Mir6937	14	6	8	5	-2.33333333333333	-1.6	8.25	NA	NA
chr13	3725700	3727700	Calml3	8	9	5	11	1.125	2.2	8.25	4.59716092245112	2.98566035503547e-05
chr13	72133400	72135400	Irx1	7	8	12	6	1.14285714285714	-2	8.25	-0.798329781676948	4.52584169972041e-17
chr13	72183500	72185500	Irx1	12	4	5	12	-3	2.4	8.25	-0.798329781676948	4.52584169972041e-17
chr13	96970400	96972400	Gcnt4	12	9	4	8	-1.33333333333333	2	8.25	-0.16551371694522	0.275931842219509
chr13	100593800	100595800	Marveld2	8	12	4	9	1.5	2.25	8.25	1.7119129293403	0.0500377751768223
chr14	48989300	48993300	Exoc5	9	7	10	7	-1.28571428571429	-1.42857142857143	8.25	0.256083699737174	0.000107271670118251
chr14	66322300	66324300	Stmn4	8	4	14	7	-2	-2	8.25	1.74537690126864	0.0174350513509297
chr14	69815200	69817200	Rhobtb2	5	3	14	11	-1.66666666666667	-1.27272727272727	8.25	-0.359417623676624	0.000183252460382047
chr15	11741400	11743400	Npr3	5	2	11	15	-2.5	1.36363636363636	8.25	-2.70504822778538	1.57545014649451e-113
chr15	91062900	91064900	Kif21a	10	8	6	9	-1.25	1.5	8.25	0.78760899477113	6.67543200867993e-16
chr16	17219500	17221500	Rimbp3	10	7	9	7	-1.42857142857143	-1.28571428571429	8.25	-0.747836890358806	0.609990441717508
chr16	18704100	18706100	Cldn5	8	8	11	6	0	-1.83333333333333	8.25	NA	NA
chr16	35139300	35141300	Adcy5	12	2	9	10	-6	1.11111111111111	8.25	0.987226428324008	0.0146965346664889
chr16	91353400	91355800	Ifnar2	6	6	11	10	0	-1.1	8.25	0.122966750863343	0.0274619314947293
chr17	8456100	8458100	T	3	5	13	12	1.66666666666667	-1.08333333333333	8.25	-0.963501889350736	0.745163556734468
chr17	15980500	15982500	Rgmb	10	5	10	8	-2	-1.25	8.25	-0.265524794229943	0.00247760091882992
chr17	28101200	28103600	Tcp11	10	3	6	14	-3.33333333333333	2.33333333333333	8.25	3.04553662762156	0.000626592995949806
chr18	20774900	20776900	B4galt6	4	6	9	14	1.5	1.55555555555556	8.25	-0.614916177293074	3.72270848707926e-26
chr18	38542000	38544000	Spry4	6	8	5	14	1.33333333333333	2.8	8.25	0.128144966007922	0.71099353452256
chr1	35919100	35921100	Hs6st1	7	7	10	8	0	-1.25	8	-1.12488015720716	2.54318038912225e-116
chr1	39740100	39742100	Rfx8	11	8	6	7	-1.375	1.16666666666667	8	0.389813200598829	NA
chr1	62886800	62888800	Nrp2	10	5	7	10	-2	1.42857142857143	8	0.150752135004999	5.43101414353121e-07
chr1	133491100	133495000	Sox13	5	9	5	13	1.8	2.6	8	0.158641484365275	0.631967507934214
chr1	150535000	150537000	Hmcn1	7	5	9	11	-1.4	1.22222222222222	8	1.25699580063181	0.00139276391203342
chr2	65415000	65417000	Mir6337	7	7	7	11	0	1.57142857142857	8	NA	NA
chr2	79133400	79135400	Itga4	11	8	9	4	-1.375	-2.25	8	-0.055985500202802	0.895258703920061
chr3	10145900	10147900	Pmp2	6	9	5	12	1.5	2.4	8	-0.331484643445972	NA
chr3	122646700	122648700	Fnbp1l	11	1	7	13	-11	1.85714285714286	8	0.0427109754762661	0.545041377556532
chr4	23981800	23985100	Mms22l	12	4	9	7	-3	-1.28571428571429	8	-1.23849939713032	1.93352770681512e-46
chr4	33798500	33800500	Cnr1	11	6	8	7	-1.83333333333333	-1.14285714285714	8	NA	NA
chr4	133462200	133464200	Tent5b	5	5	13	9	0	-1.44444444444444	8	-1.23577880603919	9.5376159913327e-17
chr5	36960200	36962200	Wfs1	9	4	15	4	-2.25	-3.75	8	-0.199745664873733	0.00128186652661044
chr5	120397300	120399300	Lhx5	10	6	8	8	-1.66666666666667	0	8	1.11116310560845	NA
chr5	134009300	134011300	Castor2	1	12	12	7	12	-1.71428571428571	8	0.209056003214195	0.000102413859044765
chr5	146686300	146689300	Usp12	15	6	6	5	-2.5	-1.2	8	0.168998591871193	0.00050933904953855
chr6	87423000	87425000	Bmp10	10	7	8	7	-1.42857142857143	-1.14285714285714	8	NA	NA
chr6	91286900	91288900	Fbln2	9	8	6	9	-1.125	1.5	8	-1.15941066048692	1.73436418297598e-166
chr7	35149100	35151100	Cebpa	7	5	7	13	-1.4	1.85714285714286	8	0.244315554119095	0.00198206408577124
chr7	49741300	49743300	Htatip2	9	7	5	11	-1.28571428571429	2.2	8	0.380383611391954	4.76127016066082e-13
chr7	103857700	103860700	Hbb-y	12	3	6	11	-4	1.83333333333333	8	NA	NA
chr8	12322000	12324000	Sox1ot	2	6	13	11	3	-1.18181818181818	8	0.016506736069113	0.979621891605539
chr8	23451200	23453200	Sfrp1	11	6	6	9	-1.83333333333333	1.5	8	0.966245850827986	0.742519533641734
chr8	26357500	26359500	Thap1	7	6	9	10	-1.16666666666667	1.11111111111111	8	0.129935065984781	0.27847209783124
chr8	45468800	45470800	Sorbs2	8	8	11	5	0	-2.2	8	-1.04278546444203	8.21129129310059e-293
chr8	45844000	45846400	Sorbs2os	3	7	11	11	2.33333333333333	0	8	-0.0371573484029474	0.917974358928227
chr8	94944500	94947600	Adgrg5	11	6	6	9	-1.83333333333333	1.5	8	-0.331477887569045	NA
chr9	34333900	34335900	Kirrel3	11	8	7	6	-1.375	-1.16666666666667	8	-0.0181270801178983	0.976268219717864
chr9	37456600	37458600	Robo3	7	7	6	12	0	2	8	-1.84188783040545	0.366622607036851
chr9	40240000	40243600	Scn3b	11	6	8	7	-1.83333333333333	-1.14285714285714	8	NA	NA
chr9	78224500	78226500	Gsta1	12	2	9	9	-6	0	8	NA	NA
chr10	61830400	61832400	Col13a1	8	7	6	11	-1.14285714285714	1.83333333333333	8	7.46053146304081	3.00862834333199e-12
chr10	77284000	77286000	Pofut2	4	6	8	14	1.5	1.75	8	0.789739940404247	1.93115743519727e-88
chr10	84909400	84911600	Ric8b	8	4	11	9	-2	-1.22222222222222	8	0.262193262057499	9.02421487136148e-07
chr11	63267400	63269400	Pmp22	11	3	8	10	-3.66666666666667	1.25	8	-1.55712522034038	1.77228051043964e-228
chr11	87001300	87003300	Ypel2	9	10	4	9	1.11111111111111	2.25	8	0.309554830959532	3.96518630975269e-07
chr11	120339200	120341200	Actg1	12	3	8	9	-4	1.125	8	-0.512915509970005	2.41192415902441e-94
chr12	15586400	15588400	Mir6387	12	4	9	7	-3	-1.28571428571429	8	1.83492847526347	NA
chr12	31251600	31253600	Lamb1	7	8	8	9	1.14285714285714	1.125	8	-2.07443083457203	3.38744399897649e-296
chr12	74449400	74451400	Dbpht2	6	10	6	10	1.66666666666667	1.66666666666667	8	NA	NA
chr12	84674200	84676200	Syndig1l	10	5	7	10	-2	1.42857142857143	8	NA	NA
chr12	85451300	85453300	Fos	10	13	3	6	1.3	2	8	1.02057129711214	1.06929544348005e-20
chr12	105550700	105552700	Bdkrb2	7	4	13	8	-1.75	-1.625	8	1.22359219833926	0.12671544778528
chr13	23450400	23452400	Btn1a1	6	7	11	8	1.16666666666667	-1.375	8	NA	NA
chr13	34708400	34710400	Fam50b	7	4	9	12	-1.75	1.33333333333333	8	0.389795991987463	0.948589699028315
chr13	45017900	45019900	Dtnbp1	8	7	8	9	-1.14285714285714	1.125	8	0.357179309419993	2.40015419456285e-09
chr13	53292300	53294300	Ror2	8	5	7	12	-1.6	1.71428571428571	8	0.359802443369912	1.25530862283538e-13
chr13	99608400	99610400	Map1b	5	11	11	5	2.2	-2.2	8	0.79161538522306	3.05500299256542e-102
chr13	99723200	99725200	Cartpt	6	5	6	15	-1.2	2.5	8	-0.0639314283475696	0.970730794031638
chr13	107941600	107943600	Zswim6	4	7	11	10	1.75	-1.1	8	0.606730072811698	6.43095453744598e-27
chr13	110573400	110575600	Plk2	6	5	10	11	-1.2	1.1	8	-1.14392376883696	1.99649100891584e-78
chr14	65915400	65917400	Scara3	14	5	7	6	-2.8	-1.16666666666667	8	0.396196465364623	4.12853059390718e-18
chr15	37195700	37199700	Grhl2	5	6	13	8	1.2	-1.625	8	0.61881940668147	0.446628563556849
chr15	51755900	51757900	Eif3h	7	5	14	6	-1.4	-2.33333333333333	8	0.0898615113380432	0.0716260673161841
chr15	93617900	93619900	Prickle1	5	6	6	15	1.2	2.5	8	0.847430998826894	9.88500264957558e-55
chr16	58537900	58539900	St3gal6	4	5	12	11	1.25	-1.09090909090909	8	-0.750560207893286	0.00842689326605583
chr17	7143000	7145000	Rps6ka2	8	9	3	12	1.125	4	8	-0.135663967518603	0.055628391832437
chr17	87511100	87513100	Calm2	9	5	6	12	-1.8	2	8	0.394373672874589	1.31406207033667e-32
chr18	6880700	6882700	Mkx	7	3	12	10	-2.33333333333333	-1.2	8	-0.050655389958452	0.654216282619646
chr19	15726000	15728000	Psat1	8	11	10	3	1.375	-3.33333333333333	8	-0.179476016511667	0.013937319655596
chr1	20794000	20796000	Il17f	10	6	5	10	-1.66666666666667	2	7.75	-0.915172465982351	0.446755905162625
chr1	43310500	43312500	Fhl2	5	6	10	10	1.2	0	7.75	-1.21198100625112	1.09423269732001e-102
chr1	181270400	181273800	Wdr26	5	7	10	9	1.4	-1.11111111111111	7.75	0.374073637949262	6.9229010542476e-21
chr2	14164100	14166100	Tmem236	14	5	8	4	-2.8	-2	7.75	0.190915898217162	0.899769574276623
chr2	28334400	28337700	Ppp1r26	4	11	10	6	2.75	-1.66666666666667	7.75	0.38982909723421	NA
chr2	51850700	51852700	Rbm43	11	7	6	7	-1.57142857142857	1.16666666666667	7.75	-0.536517806241642	3.93099407110083e-15
chr2	172726300	172730300	Tfap2c	12	3	8	8	-4	0	7.75	-0.659589161793258	0.834342774372391
chr2	181248900	181250900	Gmeb2	5	7	10	9	1.4	-1.11111111111111	7.75	0.226180794888175	0.000266241919963161
chr3	8760600	8764000	Hey1	9	7	5	10	-1.28571428571429	2	7.75	0.422862324252235	0.664627906022612
chr3	87892800	87894800	Prcc	7	9	9	6	1.28571428571429	-1.5	7.75	0.134598018128246	0.0210002764335611
chr3	89687300	89690400	Adar	7	8	4	12	1.14285714285714	3	7.75	-0.599961180711284	1.08459944296154e-10
chr4	23843500	23845500	Mms22l	7	10	11	3	1.42857142857143	-3.66666666666667	7.75	-1.23849939713032	1.93352770681512e-46
chr4	23993300	23995300	Mms22l	6	7	11	7	1.16666666666667	-1.57142857142857	7.75	-1.23849939713032	1.93352770681512e-46
chr4	34336500	34338500	Akirin2	8	4	11	8	-2	-1.375	7.75	0.0483952773941001	0.272828746607175
chr4	47771700	47773700	Nr4a3	8	4	9	10	-2	1.11111111111111	7.75	2.37370309815842	1.90714226287755e-56
chr4	150757000	150760000	Errfi1	9	6	12	4	-1.5	-3	7.75	-0.108298392506767	0.15211063910493
chr5	17271400	17273400	Speer4f1	9	6	11	5	-1.5	-2.2	7.75	NA	NA
chr5	44150600	44152800	Tapt1	6	8	3	14	1.33333333333333	4.66666666666667	7.75	0.109373727783389	0.0639971127565155
chr5	73711000	73713700	Spata18	4	8	11	8	2	-1.375	7.75	1.11116986148538	NA
chr5	76175900	76177900	Tmem165	10	4	8	9	-2.5	1.125	7.75	-0.0474416681054977	0.377059257768755
chr6	4560000	4562000	Col1a2	7	8	6	10	1.14285714285714	1.66666666666667	7.75	1.24791174823891	2.07733454043099e-87
chr6	49221200	49223200	Igf2bp3	7	11	4	9	1.57142857142857	2.25	7.75	-0.783414444176114	3.31021751693534e-36
chr6	98106000	98108000	Mitf	5	8	4	14	1.6	3.5	7.75	0.826688531010612	3.0739576173747e-25
chr6	140336000	140338800	Plekha5	9	8	8	6	-1.125	-1.33333333333333	7.75	0.85647709408735	1.81441524442578e-110
chr7	36892300	36894300	Tshz3	10	9	8	4	-1.11111111111111	-2	7.75	-0.0212886765562017	0.835625980215793
chr7	80180000	80182000	Sema4b	4	4	10	13	0	1.3	7.75	0.976968882158861	1.65109836232794e-43
chr8	33720800	33722800	Gtf2e2	8	4	13	6	-2	-2.16666666666667	7.75	0.323611892151884	1.38163844027448e-09
chr8	36308900	36311500	Lonrf1	8	12	3	8	1.5	2.66666666666667	7.75	-0.730314763165574	2.82382000020107e-12
chr8	36527300	36529300	Trmt9b	7	11	7	6	1.57142857142857	-1.16666666666667	7.75	NA	NA
chr8	45871300	45873300	Pdlim3	6	5	17	3	-1.2	-5.66666666666667	7.75	0.38982909723421	NA
chr8	46235500	46237500	Slc25a4	8	3	11	9	-2.66666666666667	-1.22222222222222	7.75	-0.220731334369712	9.81408075596982e-17
chr9	21220700	21222700	Keap1	11	5	4	11	-2.2	2.75	7.75	0.213754033883319	1.58590840701421e-07
chr9	36880600	36883200	Fez1	5	6	9	11	1.2	1.22222222222222	7.75	2.82065062345213	NA
chr9	44586900	44588900	Ddx6	5	8	7	11	1.6	1.57142857142857	7.75	-0.173493402205744	5.76342279458813e-06
chr9	69907100	69909100	Bnip2	9	10	4	8	1.11111111111111	2	7.75	0.0583756840760438	0.104111987634116
chr9	71622000	71624000	Cgnl1	12	6	5	8	-2	1.6	7.75	-0.240299190237796	6.30492506892553e-08
chr10	9498600	9500600	Samd5	7	3	10	11	-2.33333333333333	1.1	7.75	-0.352058092439395	2.51468045713793e-06
chr11	19022100	19024100	Meis1	12	4	8	7	-3	-1.14285714285714	7.75	-0.136503071174049	0.189422352390037
chr11	31605000	31607000	Bod1	3	2	7	19	-1.5	2.71428571428571	7.75	0.00944998483549955	0.880297647107269
chr11	55636400	55638400	Glra1	12	1	12	6	-12	-2	7.75	0.38982909723421	NA
chr11	70474400	70476400	Zmynd15	8	6	11	6	-1.33333333333333	-1.83333333333333	7.75	0.414816356775257	0.81001011575839
chr11	105143052	105145052	Mettl2	8	10	4	9	1.25	2.25	7.75	-0.435598937816644	2.29198251294241e-10
chr11	121107300	121109300	Tex19.2	8	6	7	10	-1.33333333333333	1.42857142857143	7.75	NA	NA
chr12	85443700	85445700	Fos	5	7	8	11	1.4	1.375	7.75	1.02057129711214	1.06929544348005e-20
chr13	42564700	42566700	Phactr1	10	5	10	6	-2	-1.66666666666667	7.75	-3.21110948724975	0.0581427919194898
chr13	46433000	46435000	Rbm24	6	4	10	11	-1.5	1.1	7.75	NA	NA
chr14	66324700	66326700	Stmn4	5	5	11	10	0	-1.1	7.75	1.74537690126864	0.0174350513509297
chr15	51668400	51670400	Eif3h	9	9	5	8	0	1.6	7.75	0.0898615113380432	0.0716260673161841
chr15	58743100	58745100	Tmem65	4	7	14	6	1.75	-2.33333333333333	7.75	0.265965991331797	3.83346416516096e-17
chr15	97059100	97061100	Slc38a4	6	8	9	8	1.33333333333333	-1.125	7.75	-0.0984775787261647	0.696612009895734
chr16	44564400	44566400	Boc	11	4	8	8	-2.75	0	7.75	0.849526817235809	1.39295024372809e-60
chr17	15989500	15991500	Rgmb	9	5	9	8	-1.8	-1.125	7.75	-0.265524794229943	0.00247760091882992
chr17	25667500	25669500	Gng13	10	5	4	12	-2	3	7.75	1.11117688693878	NA
chr17	85931600	85933600	Srbd1	4	8	4	15	2	3.75	7.75	-0.113172932355112	0.0307864987483701
chr18	52761700	52763700	Sncaip	1	17	3	10	17	3.33333333333333	7.75	6.15560618274803	1.21280842806988e-42
chr19	60029800	60031800	Rab11fip2	3	6	11	11	2	0	7.75	-0.0240031363791228	0.704393083038961
chr1	60644900	60646900	Cd28	12	4	8	6	-3	-1.33333333333333	7.5	1.78519651311865	0.0139500100748119
chr1	135226300	135228300	Elf3	11	8	5	6	-1.375	1.2	7.5	-0.331497412254832	NA
chr1	135861100	135863100	Pkp1	6	8	11	5	1.33333333333333	-2.2	7.5	2.70505315481115	0.046061382712729
chr1	156756900	156758900	Fam20b	3	8	11	8	2.66666666666667	-1.375	7.5	0.0697207775583852	0.0248424638696695
chr2	17857500	17859500	Nebl	9	5	12	4	-1.8	-3	7.5	0.386316701969989	0.833946642839399
chr2	28327900	28329900	Ppp1r26	5	5	6	14	0	2.33333333333333	7.5	0.38982909723421	NA
chr2	63852700	63855400	Fign	10	10	5	5	0	0	7.5	0.566701477319913	0.00355343770430607
chr2	93125600	93127600	Trp53i11	5	3	7	15	-1.66666666666667	2.14285714285714	7.5	1.66298267553567	0.602143888214198
chr3	9646200	9649600	Zfp704	6	5	3	16	-1.2	5.33333333333333	7.5	-0.0643654354471332	0.329199074414463
chr3	95635100	95637100	Ensa	6	8	10	6	1.33333333333333	-1.66666666666667	7.5	0.0748970874244793	0.0252192279812238
chr3	103442050	103444050	Trim33	5	7	10	8	1.4	-1.25	7.5	0.00483417219204629	0.931996758887751
chr3	130722300	130724300	Rpl34	11	8	2	9	-1.375	4.5	7.5	0.35630531638289	3.38298589711456e-20
chr3	131104300	131106300	Lef1	5	7	6	12	1.4	2	7.5	0.556858105848135	1.36757003853688e-11
chr4	12791600	12793600	Triqk	8	7	7	8	-1.14285714285714	1.14285714285714	7.5	1.16121154830857	1.4297752882424e-47
chr4	62805100	62807100	Rgs3	7	12	4	7	1.71428571428571	1.75	7.5	0.653981589181297	2.27394185805867e-48
chr4	86738400	86740400	Dennd4c	7	7	12	4	0	-3	7.5	0.492720186984243	5.04043033559905e-28
chr4	100041100	100043100	Ror1	5	9	9	7	1.8	-1.28571428571429	7.5	-1.09915277013438	2.62147370966297e-63
chr4	115910700	115912700	Dmbx1	6	2	10	12	-3	1.2	7.5	NA	NA
chr4	120388600	120390600	Scmh1	4	3	13	10	-1.33333333333333	-1.3	7.5	-0.372934613035489	0.000321936367017063
chr5	30642800	30644800	Slc35f6	10	4	9	7	-2.5	-1.28571428571429	7.5	0.1385953278422	0.030555155500866
chr5	43296800	43299000	Cpeb2	5	11	4	10	2.2	2.5	7.5	0.286625564552669	0.0305359128123547
chr5	74135600	74137800	Snora26	8	4	8	10	-2	1.25	7.5	NA	NA
chr5	77147300	77149300	Hopx	4	6	11	9	1.5	-1.22222222222222	7.5	0.277975148641016	0.0561021532351139
chr5	122533200	122535200	Ift81	10	6	3	11	-1.66666666666667	3.66666666666667	7.5	-0.405910344490612	3.6660752726581e-08
chr5	139602500	139605500	Uncx	9	2	12	7	-4.5	-1.71428571428571	7.5	NA	NA
chr6	13747100	13749100	Bmt2	10	8	6	6	-1.25	0	7.5	0.0283502079434663	0.666352467012306
chr6	34216000	34218000	Slc35b4	5	8	9	8	1.6	-1.125	7.5	-0.0307986233044887	0.587663096101783
chr6	82132400	82134400	Eva1a	6	8	9	7	1.33333333333333	-1.28571428571429	7.5	0.38982909723421	NA
chr6	114256800	114259200	Slc6a1	6	9	6	9	1.5	1.5	7.5	0.285647051792318	0.923911867090113
chr7	83451100	83453100	Tmc3	1	10	8	11	10	1.375	7.5	-0.840644959835453	0.44535626689002
chr8	11182000	11184800	Col4a1	7	6	8	9	-1.16666666666667	1.125	7.5	-2.25525465383479	9.31696669018049e-291
chr8	86614700	86616700	Lonp2	8	3	11	8	-2.66666666666667	-1.375	7.5	-0.221933571133308	3.34186791442485e-05
chr8	95209100	95211100	Kifc3	3	7	10	10	2.33333333333333	0	7.5	0.329807305101156	1.94086088436786e-05
chr8	116110000	116112000	Dynlrb2	9	8	5	8	-1.125	1.6	7.5	-1.57501421242825	0.332224578503554
chr9	32555100	32557100	Fli1	7	7	11	5	0	-2.2	7.5	0.614323135573078	3.50780644131138e-09
chr9	107312400	107314400	Cish	7	5	8	10	-1.4	1.25	7.5	-0.235030625168335	0.169182083872433
chr10	9310000	9312000	Samd5	9	6	8	7	-1.5	-1.14285714285714	7.5	-0.352058092439395	2.51468045713793e-06
chr10	18875300	18877300	Perp	5	6	12	7	1.2	-1.71428571428571	7.5	NA	NA
chr10	108113100	108115100	Ppp1r12a	1	5	14	10	5	-1.4	7.5	-0.114733190949009	0.00836899210529182
chr10	125911400	125913400	Lrig3	10	6	8	6	-1.66666666666667	-1.33333333333333	7.5	-1.26869808397792	2.84693231371608e-92
chr11	50592000	50594000	Adamts2	7	3	12	8	-2.33333333333333	-1.5	7.5	0.609658773510072	5.99635372222196e-28
chr11	63677700	63679700	Hs3st3b1	14	6	4	6	-2.33333333333333	1.5	7.5	0.389822341357282	NA
chr11	78806700	78808700	Lyrm9	8	8	4	10	0	2.5	7.5	-0.240490169839768	0.692600945881352
chr11	100326500	100328500	Eif1	13	3	3	11	-4.33333333333333	3.66666666666667	7.5	0.244244831377062	0.000225646499161738
chr11	116241300	116243300	Evpl	17	6	2	5	-2.83333333333333	2.5	7.5	-0.404195486171047	0.688952435993152
chr11	119586100	119588100	Rptor	10	7	6	7	-1.42857142857143	1.16666666666667	7.5	-0.216688290576041	0.00127520308655455
chr12	28376200	28378200	Dcdc2c	10	5	6	9	-2	1.5	7.5	-0.92397792605278	0.0188683806671757
chr13	50990500	50993700	Spin1	3	4	4	19	1.33333333333333	4.75	7.5	-0.275651174861848	2.04933466244781e-17
chr13	56575200	56577200	Lect2	8	13	3	6	1.625	2	7.5	1.11021575562113	NA
chr13	95259800	95261800	Pde8b	8	5	11	6	-1.6	-1.83333333333333	7.5	0.494220695629532	0.36548478252048
chr13	97316600	97318600	Enc1	3	7	9	11	2.33333333333333	1.22222222222222	7.5	-0.361383190601155	4.55243279459192e-15
chr13	99605000	99607000	Map1b	10	8	3	9	-1.25	3	7.5	0.79161538522306	3.05500299256542e-102
chr14	8335100	8337100	Fam107a	12	4	5	9	-3	1.8	7.5	0.38982909723421	NA
chr15	34214500	34216500	Laptm4b	7	5	5	13	-1.4	2.6	7.5	1.15330278849228	1.28786247422751e-134
chr15	93689400	93691400	Prickle1	7	4	5	14	-1.75	2.8	7.5	0.847430998826894	9.88500264957558e-55
chr15	94222000	94224000	Adamts20	9	3	10	8	-3	-1.25	7.5	-2.62502515664329	0.38991385294709
chr16	42443500	42446600	Gap43	8	5	7	10	-1.6	1.42857142857143	7.5	-2.01039041556785	0.596594573277906
chr16	44603300	44605300	Boc	5	5	12	8	0	-1.5	7.5	0.849526817235809	1.39295024372809e-60
chr16	91540800	91542800	Ifngr2	2	9	14	5	4.5	-2.8	7.5	0.381483087223418	3.97584907136881e-09
chr17	16088200	16090200	Rgmb	15	2	10	3	-7.5	-3.33333333333333	7.5	-0.265524794229943	0.00247760091882992
chr17	47957500	47959500	Foxp4	9	6	7	8	-1.5	1.14285714285714	7.5	-0.312796677577702	7.87410375828529e-08
chr17	84864800	84866800	Lrpprc	8	3	10	9	-2.66666666666667	-1.11111111111111	7.5	-0.413267828132153	1.69923487957546e-31
chr18	20935800	20939700	Rnf125	9	5	12	4	-1.8	-3	7.5	0.372066027559622	0.202246403688059
chr18	58711600	58714600	Isoc1	10	6	6	8	-1.66666666666667	1.33333333333333	7.5	-0.542165655379685	3.35135893644414e-19
chr18	61543900	61545900	Arhgef37	3	10	9	8	3.33333333333333	-1.125	7.5	-0.437160542089618	0.761407144874252
chr18	62170000	62172600	Adrb2	4	5	12	9	1.25	-1.33333333333333	7.5	0.182828643048322	0.75672186212548
chr19	38323300	38325300	Lgi1	7	3	7	13	-2.33333333333333	1.85714285714286	7.5	0.671984337989901	0.265462865266158
chr1	72232300	72234300	Mreg	6	6	10	7	0	-1.42857142857143	7.25	0.157568455559151	0.435449295857694
chr1	134529600	134531600	Mgat4e	12	2	5	10	-6	2	7.25	1.11120688927298	0.729065354298878
chr1	171476600	171478600	F11r	8	5	8	8	-1.6	0	7.25	1.11115634973152	NA
chr1	180540700	180542700	Parp1	5	9	10	5	1.8	-2	7.25	-0.702442939203723	2.92706900024779e-44
chr1	190659100	190662800	Rps6kc1	7	3	8	11	-2.33333333333333	1.375	7.25	0.300669051047165	8.38495527868764e-05
chr2	122220600	122222600	Sord	10	5	6	8	-2	1.33333333333333	7.25	-0.977269111693621	1.82701452499851e-123
chr2	157477800	157479800	Src	7	5	9	8	-1.4	-1.125	7.25	0.399532821815877	9.0431343422013e-14
chr2	174020300	174023400	Stx16	12	4	7	6	-3	-1.16666666666667	7.25	-0.441211435857095	2.70249825298912e-17
chr3	57152600	57154600	Tm4sf1	7	9	8	5	1.28571428571429	-1.6	7.25	0.918009122716738	1.23183121268825e-34
chr3	130689600	130691600	Ostc	7	8	4	10	1.14285714285714	2.5	7.25	0.901546674571157	3.62415089449045e-190
chr3	142227900	142229900	Bmpr1b	5	9	4	11	1.8	2.75	7.25	NA	NA
chr3	146393700	146395700	Ssx2ip	3	7	8	11	2.33333333333333	1.375	7.25	-0.0732034408685805	0.219400149675928
chr4	23635700	23637700	Mms22l	8	11	4	6	1.375	1.5	7.25	-1.23849939713032	1.93352770681512e-46
chr4	46276100	46278100	Foxe1	9	6	7	7	-1.5	0	7.25	NA	NA
chr4	106642400	106644800	Pars2	5	2	11	11	-2.5	0	7.25	-0.371020485696204	0.070596826959775
chr4	154700300	154706000	Actrt2	10	3	6	10	-3.33333333333333	1.66666666666667	7.25	NA	NA
chr5	35161800	35163800	Lrpap1	14	8	4	3	-1.75	-1.33333333333333	7.25	-0.0355510797401883	0.57640359305516
chr5	36775300	36777300	Mrfap1	2	9	12	6	4.5	-2	7.25	-0.160627295020628	1.17865292931656e-06
chr5	65754900	65756900	N4bp2	6	5	14	4	-1.2	-3.5	7.25	0.680332197772951	9.60357536730962e-13
chr5	107044967	107046967	Cdc7	3	13	6	7	4.33333333333333	1.16666666666667	7.25	-0.990449397781848	6.27055062094329e-18
chr5	107061400	107063400	Tgfbr3	7	7	8	7	0	-1.14285714285714	7.25	-0.941836407905198	9.0211276975913e-49
chr6	114093500	114095500	Slc6a11	16	5	3	5	-3.2	1.66666666666667	7.25	1.83168554855158	0.506351533460146
chr6	142710100	142712100	Abcc9	9	7	7	6	-1.28571428571429	-1.16666666666667	7.25	0.304681776968421	0.818249709237889
chr7	80575100	80577100	Crtc3	5	8	11	5	1.6	-2.2	7.25	0.0761597304462702	0.233086680586804
chr7	98783300	98785300	Wnt11	7	6	8	8	-1.16666666666667	0	7.25	5.25117972821988	1.09152359683656e-51
chr8	68925800	68927800	Lpl	1	8	9	11	8	1.22222222222222	7.25	0.0163076503501002	0.959543199661784
chr9	65612400	65614400	Rbpms2	5	8	7	9	1.6	1.28571428571429	7.25	0.301639393854711	0.0844616196847091
chr9	95541700	95543700	Paqr9	10	7	7	5	-1.42857142857143	-1.4	7.25	NA	NA
chr10	30979000	30981700	Hey2	7	4	9	9	-1.75	0	7.25	1.11116986148538	NA
chr10	68841500	68843500	Tmem26	9	4	5	11	-2.25	2.2	7.25	0.38982909723421	NA
chr10	117552400	117554400	Cpm	6	2	11	10	-3	-1.1	7.25	-1.63887199608395	NA
chr10	125953800	125955800	Lrig3	6	10	4	9	1.66666666666667	2.25	7.25	-1.26869808397792	2.84693231371608e-92
chr11	31694100	31696100	Bod1	6	7	9	7	1.16666666666667	-1.28571428571429	7.25	0.00944998483549955	0.880297647107269
chr11	63544800	63546800	Hs3st3b1	4	5	15	5	1.25	-3	7.25	0.389822341357282	NA
chr11	76652200	76654200	Bhlha9	6	6	7	10	0	1.42857142857143	7.25	0.389822444525748	NA
chr11	85979900	85981900	Tbx4	10	5	7	7	-2	0	7.25	-0.922141874445448	0.650536526313868
chr11	89027800	89029800	Trim25	6	9	7	7	1.5	0	7.25	-0.377076385445313	2.98325055106114e-17
chr11	105155700	105157700	Mettl2	8	9	5	7	1.125	1.4	7.25	-0.435598937816644	2.29198251294241e-10
chr11	115737500	115739500	Tmem94	5	4	11	9	-1.25	-1.22222222222222	7.25	-0.176587568592245	0.0125942893433474
chr12	104896200	104898200	Clmn	7	4	10	8	-1.75	-1.25	7.25	0.086255580335924	0.753314528625854
chr13	41231000	41233900	Elovl2	8	1	11	9	-8	-1.22222222222222	7.25	1.58314974438588	0.258130346073472
chr13	43587700	43589700	Rnf182	3	10	8	8	3.33333333333333	0	7.25	NA	NA
chr13	90497000	90499000	Atp6ap1l	12	6	5	6	-2	1.2	7.25	0.38982909723421	NA
chr13	111309300	111311300	Actbl2	6	8	9	6	1.33333333333333	-1.5	7.25	0.389822150530366	NA
chr14	13650400	13652400	Sntn	9	5	14	1	-1.8	-14	7.25	NA	NA
chr15	79408100	79410100	Tmem184b	3	11	7	8	3.66666666666667	1.14285714285714	7.25	0.457425265821421	2.34547129087592e-22
chr16	29782100	29784100	Opa1	7	7	7	8	0	1.14285714285714	7.25	0.112181828746228	0.0238405712140947
chr17	29759700	29761700	Ccdc167	9	2	6	12	-4.5	2	7.25	0.473822533650484	1.22184873424791e-07
chr17	47801500	47803500	Tfeb	7	2	8	12	-3.5	1.5	7.25	0.115922583627776	0.314588163966678
chr17	83653900	83655900	Kcng3	9	7	4	9	-1.28571428571429	2.25	7.25	1.8467477006783	NA
chr18	50110200	50112200	Hsd17b4	7	6	9	7	-1.16666666666667	-1.28571428571429	7.25	-0.140313884644382	0.00843523909689733
chr18	67278800	67280800	Impa2	10	10	1	8	0	8	7.25	-0.741241522037374	4.74425777589295e-14
chr18	70561100	70563100	Mbd2	3	5	8	13	1.66666666666667	1.625	7.25	0.563812804051184	6.27461403109437e-34
chr19	28177700	28179700	Glis3	6	8	10	5	1.33333333333333	-2	7.25	-0.317846976691325	0.00218354377961885
chr19	36902600	36904600	Fgfbp3	7	7	9	6	0	-1.5	7.25	-0.204189658686783	0.181328060627189
chr1	135179300	135181300	Gpr37l1	8	4	6	10	-2	1.66666666666667	7	0.38982909723421	NA
chr1	150544600	150546600	Hmcn1	7	5	2	14	-1.4	7	7	1.25699580063181	0.00139276391203342
chr1	181322800	181325400	Cnih3	3	3	11	11	0	0	7	0.389856120805198	NA
chr1	185078800	185080800	Mark1	7	5	8	8	-1.4	0	7	0.389854656581112	NA
chr1	190072500	190074500	Prox1	7	7	8	6	0	-1.33333333333333	7	-1.07627162631851	NA
chr2	31864800	31866800	Fibcd1	13	1	8	6	-13	-1.33333333333333	7	3.423971635171	0.1034879681392
chr2	33982100	33984100	Mvb12b	10	7	5	6	-1.42857142857143	1.2	7	-2.41204158140773	2.40905970371384e-200
chr2	66040800	66042800	Galnt3	11	6	3	8	-1.83333333333333	2.66666666666667	7	4.03126208866139	1.89418266859917e-151
chr2	102457600	102459600	Fjx1	7	5	3	13	-1.4	4.33333333333333	7	-1.32566382112926	1.38286339983673e-26
chr2	106682500	106684500	Mpped2	7	7	10	4	0	-2.5	7	NA	NA
chr2	124887500	124889500	Slc24a5	8	5	8	7	-1.6	-1.14285714285714	7	0.381955361391393	0.375146968694616
chr2	157635200	157637200	Blcap	9	6	4	9	-1.5	2.25	7	-0.195347019665968	5.79396742532086e-05
chr2	178493300	178495300	Cdh26	9	11	3	5	1.22222222222222	1.66666666666667	7	-2.01108229802012	1.79953550658525e-29
chr3	33992900	33994900	Fxr1	6	3	14	5	-2	-2.8	7	0.162621255630672	5.9012198480295e-08
chr3	56962000	56964000	Tm4sf1	8	2	11	7	-4	-1.57142857142857	7	0.918009122716738	1.23183121268825e-34
chr3	89510900	89512900	Kcnn3	9	4	14	1	-2.25	-14	7	-1.54037928631526	0.645987519160582
chr3	101466700	101468700	Igsf3	6	2	12	8	-3	-1.5	7	-0.726669701797098	2.84588289493647e-59
chr4	24248100	24250100	Mms22l	11	4	8	5	-2.75	-1.6	7	-1.23849939713032	1.93352770681512e-46
chr4	83080405	83082405	Frem1	8	5	6	9	-1.6	1.5	7	-1.75282944124647	3.44815906581831e-10
chr4	108322700	108324700	Coa7	9	6	5	8	-1.5	1.6	7	0.180094184224495	0.349229369981904
chr4	108989300	108991300	Nrd1	11	4	5	8	-2.75	1.6	7	0.0826514333245798	0.376018740431237
chr4	123225200	123227200	Heyl	3	4	10	11	1.33333333333333	1.1	7	0.315546222674772	0.726068408934372
chr4	127257500	127259500	Smim12	8	5	5	10	-1.6	2	7	0.0574484910418066	0.58926530195502
chr4	140778900	140780900	Padi4	7	2	4	15	-3.5	3.75	7	2.62956121103559	0.0221874073346372
chr4	148749300	148754200	Casz1	8	4	2	14	-2	7	7	-1.43332655039461	0.24019763089137
chr5	65717200	65719200	Pds5a	1	7	9	11	7	1.22222222222222	7	-0.186891866458598	6.192745591476e-06
chr5	107011000	107013000	Cdc7	6	8	6	8	1.33333333333333	1.33333333333333	7	-0.990449397781848	6.27055062094329e-18
chr5	120294100	120298100	Rbm19	9	6	7	6	-1.5	-1.16666666666667	7	-0.268575131220384	0.00319718597998221
chr5	133820800	133824200	Castor2	4	2	9	13	-2	1.44444444444444	7	0.209056003214195	0.000102413859044765
chr5	134873100	134875100	Tmem270	12	5	4	7	-2.4	1.75	7	NA	NA
chr5	136619000	136621000	Cux1	4	4	10	10	0	0	7	0.142357876444355	0.000316426860780734
chr6	70713100	70715100	Rpia	8	6	5	9	-1.33333333333333	1.8	7	0.00703510197260324	0.935950306603626
chr6	112404000	112406000	Ssu2	6	7	6	9	1.16666666666667	1.5	7	4.02298037921367	0.000649915204563909
chr6	137979300	137981300	Slc15a5	10	10	4	4	0	0	7	0.38982909723421	NA
chr7	66830000	66832000	Adamts17	5	7	4	12	1.4	3	7	-0.508707566425205	0.319964081543016
chr7	98751800	98753800	Thap12	4	3	9	12	-1.33333333333333	1.33333333333333	7	-0.677962022828915	1.52029578994594e-87
chr7	133568100	133571500	Tex36	7	8	6	7	1.14285714285714	1.16666666666667	7	-0.331477887569044	NA
chr8	24483400	24485400	Tcim	8	7	7	6	-1.14285714285714	-1.16666666666667	7	-3.09240733291087	0.00011771867956522
chr9	30314000	30316000	Snx19	7	8	8	5	1.14285714285714	-1.6	7	0.242051155053725	1.36766735011009e-07
chr9	31234600	31236600	Aplp2	9	4	6	9	-2.25	1.5	7	-0.283590167686134	4.35927488314716e-17
chr9	37453400	37456400	Robo3	7	6	7	8	-1.16666666666667	1.14285714285714	7	-1.84188783040545	0.366622607036851
chr9	43698600	43702200	Nectin1	2	9	8	9	4.5	1.125	7	0.287095435001878	0.00315304929352928
chr9	61676100	61678100	Rplp1	7	2	8	11	-3.5	1.375	7	0.143305299081441	0.00535458617079333
chr9	66933100	66935100	Rps27l	5	9	6	8	1.8	1.33333333333333	7	0.34724476255393	2.07814358498884e-18
chr10	40155500	40157500	Slc16a10	8	7	8	5	-1.14285714285714	-1.6	7	-0.37799129880466	0.607222253488992
chr10	120267300	120269300	Llph	8	3	7	10	-2.66666666666667	1.42857142857143	7	-0.209327199904722	0.0018153473575074
chr10	126521300	126523300	Mir378d	4	6	4	14	1.5	3.5	7	NA	NA
chr11	4966200	4968200	Nefh	7	3	9	9	-2.33333333333333	0	7	-1.90410060293426	0.480175428226557
chr11	29660200	29662200	Rtn4	9	9	4	6	0	1.5	7	-0.267953265195971	2.33451916452773e-21
chr11	32306200	32308200	Hbq1a	9	6	7	6	-1.5	-1.16666666666667	7	NA	NA
chr11	43349200	43351200	Mir146	6	6	11	5	0	-2.2	7	NA	NA
chr11	56751400	56753400	Gria1	10	1	9	8	-10	-1.125	7	NA	NA
chr11	75948100	75950100	Rph3al	5	10	5	8	2	1.6	7	-1.63884071992813	NA
chr12	83928200	83930200	Numb	6	6	7	9	0	1.28571428571429	7	0.211034430121165	0.0170397374661973
chr13	90839800	90841800	Atp6ap1l	9	3	10	6	-3	-1.66666666666667	7	0.38982909723421	NA
chr13	90871100	90873100	Atp6ap1l	8	6	7	7	-1.33333333333333	0	7	0.38982909723421	NA
chr13	111816000	111819500	Map3k1	10	11	3	4	1.1	1.33333333333333	7	-0.62597181679948	0.000104471506024591
chr14	20207300	20209300	Kcnk5	12	3	10	3	-4	-3.33333333333333	7	-2.1236543337178	1.62467140748835e-20
chr15	3904800	3906800	Fbxo4	3	9	6	10	3	1.66666666666667	7	0.251855988821557	0.000894492323877803
chr15	77974600	77976600	Eif3d	5	11	5	7	2.2	1.4	7	-0.0169142599370191	0.714586221171131
chr15	93750000	93752800	Prickle1	5	7	8	8	1.4	0	7	0.847430998826894	9.88500264957558e-55
chr15	99665200	99667200	Asic1	6	3	12	7	-2	-1.71428571428571	7	-0.537822667731283	1.84484672350066e-08
chr16	35680800	35682800	Sema5b	6	4	7	11	-1.5	1.57142857142857	7	NA	NA
chr19	45534400	45536600	Poll	9	7	6	6	-1.28571428571429	0	7	0.111992518808616	0.106643390925853
chr19	55698652	55700652	Tcf7l2	9	6	8	5	-1.5	-1.6	7	-0.8371594703805	2.16338825815755e-39
chr1	19582200	19584200	Tfap2b	7	4	10	6	-1.75	-1.66666666666667	6.75	-0.316937568500869	9.70951406665226e-12
chr1	38859900	38861900	Chst10	5	1	8	13	-5	1.625	6.75	-0.561638783579116	6.46926262269132e-09
chr1	66870800	66872800	Acadl	7	5	5	10	-1.4	2	6.75	-0.228644620285543	2.33334860416896e-07
chr1	91600000	91602000	Asb1	10	1	9	7	-10	-1.28571428571429	6.75	0.236052848417399	0.0284257620466503
chr1	125478000	125480000	Actr3	2	11	7	7	5.5	0	6.75	-0.192886701883275	8.87044744513638e-10
chr1	132094700	132096700	Cdk18	3	5	10	9	1.66666666666667	-1.11111111111111	6.75	-0.999252632851737	2.29181700006164e-08
chr1	185069100	185071100	Mark1	6	3	10	8	-2	-1.25	6.75	0.389854656581112	NA
chr2	19175900	19177900	Armc3	6	6	7	8	0	1.14285714285714	6.75	-3.101405718272	0.278559208145103
chr2	65832300	65834300	Csrnp3	7	9	4	7	1.28571428571429	1.75	6.75	2.61369905920451	4.91208885044192e-07
chr2	84078900	84080900	Zswim2	12	4	5	6	-3	1.2	6.75	NA	NA
chr2	103944700	103946700	Lmo2	3	6	7	11	2	1.57142857142857	6.75	1.78533007895013	0.376776067365358
chr2	152046300	152048300	Scrt2	9	5	9	4	-1.8	-2.25	6.75	NA	NA
chr2	152049800	152052800	Scrt2	8	7	7	5	-1.14285714285714	-1.4	6.75	NA	NA
chr2	178593100	178595100	Cdh26	7	7	5	8	0	1.6	6.75	-2.01108229802012	1.79953550658525e-29
chr3	60825300	60827300	P2ry1	4	7	10	6	1.75	-1.66666666666667	6.75	-1.68542887869984	0.500713119482569
chr3	127661200	127663200	Alpk1	7	13	5	2	1.85714285714286	-2.5	6.75	-0.0497297847054245	0.695921076241516
chr3	131018900	131020900	Lef1	9	10	4	4	1.11111111111111	0	6.75	0.556858105848135	1.36757003853688e-11
chr4	9160700	9162700	Clvs1	9	5	5	8	-1.8	1.6	6.75	-1.29453311940088	9.80082253982246e-05
chr4	24213000	24215000	Mms22l	11	4	4	8	-2.75	2	6.75	-1.23849939713032	1.93352770681512e-46
chr4	48753800	48755800	Cavin4	7	7	4	9	0	2.25	6.75	0.444344083905383	1.46185918569657e-26
chr4	123004500	123006500	Mycl	3	5	8	11	1.66666666666667	1.375	6.75	0.389856120805198	NA
chr4	137460800	137462800	Hspg2	4	9	2	12	2.25	6	6.75	0.046515365629218	0.442224256459023
chr5	73752800	73754800	Spata18	8	3	9	7	-2.66666666666667	-1.28571428571429	6.75	1.11116986148538	NA
chr5	117278800	117280800	Pebp1	6	4	10	7	-1.5	-1.42857142857143	6.75	-0.181013525838301	3.13752798870617e-06
chr6	7965100	7967100	Col28a1	6	9	6	6	1.5	0	6.75	-1.32186489304799	0.135040161547621
chr6	78277600	78279600	Reg3b	10	5	6	6	-2	0	6.75	NA	NA
chr6	126469600	126471600	Kcna5	7	5	9	6	-1.4	-1.5	6.75	NA	NA
chr6	149153900	149155900	Etfbkmt	13	7	4	3	-1.85714285714286	-1.33333333333333	6.75	0.183989222303272	0.30709723976825
chr7	37933400	37935400	Uri1	12	4	7	4	-3	-1.75	6.75	-0.0455485259322259	0.527247159802586
chr7	73919400	73921400	St8sia2	11	4	8	4	-2.75	-2	6.75	NA	NA
chr7	80540600	80542600	Blm	9	4	5	9	-2.25	1.8	6.75	-0.827076638120974	4.49650172049053e-09
chr7	143917900	143919900	Mir6404	6	6	10	5	0	-2	6.75	NA	NA
chr8	12476500	12480300	Sox1	7	9	6	5	1.28571428571429	-1.2	6.75	NA	NA
chr8	36065000	36067000	Prag1	10	5	9	3	-2	-3	6.75	-1.03370374034852	2.54663128743647e-15
chr8	36536300	36538300	Trmt9b	5	8	10	4	1.6	-2.5	6.75	NA	NA
chr8	90000400	90002400	Tox3	5	4	7	11	-1.25	1.57142857142857	6.75	NA	NA
chr8	90440400	90442400	Tox3	5	6	11	5	1.2	-2.2	6.75	NA	NA
chr8	91822100	91824100	Irx3	6	3	9	9	-2	0	6.75	-0.377364999668108	3.88531280852058e-12
chr8	94896800	94898800	Ccdc102a	5	5	11	6	0	-1.83333333333333	6.75	-2.8130198211324	2.58124003453611e-111
chr8	95395000	95397800	Cfap20	4	6	7	10	1.5	1.42857142857143	6.75	-0.161016439579745	0.00774150026753941
chr9	34412100	34414100	Kirrel3	8	2	14	3	-4	-4.66666666666667	6.75	-0.0181270801178983	0.976268219717864
chr9	57900600	57902600	Ubl7	7	8	8	4	1.14285714285714	-2	6.75	0.0867002252294336	0.227757455709877
chr9	66604400	66606400	Usp3	4	4	8	11	0	1.375	6.75	0.248526844513249	0.000437722725786862
chr10	9528700	9530700	Samd5	8	6	3	10	-1.33333333333333	3.33333333333333	6.75	-0.352058092439395	2.51468045713793e-06
chr10	21082200	21084200	Ahi1	6	9	4	8	1.5	2	6.75	0.38209103031575	4.8474809956236e-16
chr10	44996300	44999000	Prep	8	6	9	4	-1.33333333333333	-2.25	6.75	-0.630769757631961	3.90204403085958e-75
chr10	84739800	84741800	Rfx4	7	4	5	11	-1.75	2.2	6.75	0.389856120805197	NA
chr11	86021600	86023600	Tbx4	11	2	5	9	-5.5	1.8	6.75	-0.922141874445448	0.650536526313868
chr11	104105800	104107800	Crhr1	8	3	6	10	-2.66666666666667	1.66666666666667	6.75	NA	NA
chr12	31255181	31257181	Lamb1	6	8	8	5	1.33333333333333	-1.6	6.75	-2.07443083457203	3.38744399897649e-296
chr12	86967700	86969700	Cipc	6	7	5	9	1.16666666666667	1.8	6.75	0.381939256289185	1.53444452120549e-08
chr13	54345400	54347400	Cplx2	7	5	11	4	-1.4	-2.75	6.75	0.010426586954003	0.897637441488536
chr13	54418100	54420100	Cplx2	6	2	6	13	-3	2.16666666666667	6.75	0.010426586954003	0.897637441488536
chr13	72023200	72025200	Irx1	4	3	13	7	-1.33333333333333	-1.85714285714286	6.75	-0.798329781676948	4.52584169972041e-17
chr13	96965800	96967800	Gcnt4	5	5	8	9	0	1.125	6.75	-0.16551371694522	0.275931842219509
chr13	111393800	111395800	Gpbp1	7	8	5	7	1.14285714285714	1.4	6.75	0.173584035655338	0.00012903001587662
chr14	54151700	54153700	Dad1	10	2	11	4	-5	-2.75	6.75	0.664766379891881	1.86877451657757e-61
chr14	55027000	55031200	Ngdn	11	8	3	5	-1.375	1.66666666666667	6.75	0.178188087825018	0.00887754977277638
chr14	103718500	103721400	Slain1os	10	4	6	7	-2.5	1.16666666666667	6.75	NA	NA
chr15	4643200	4645200	C6	4	4	12	7	0	-1.71428571428571	6.75	-0.631737144205037	0.697547624213439
chr15	55911700	55913700	Sntb1	4	7	3	13	1.75	4.33333333333333	6.75	-1.41844388717107	9.31307448998452e-58
chr15	78372000	78374600	Tex33	8	4	6	9	-2	1.5	6.75	0.38982909723421	NA
chr15	79413300	79415300	Csnk1e	2	9	4	12	4.5	3	6.75	-0.0537882207196984	0.369973532074825
chr15	80048100	80050100	Snord83b	10	5	5	7	-2	1.4	6.75	0.326331884439495	0.847492028084377
chr15	93650300	93652300	Prickle1	5	8	6	8	1.6	1.33333333333333	6.75	0.847430998826894	9.88500264957558e-55
chr15	93662800	93664800	Prickle1	3	9	7	8	3	1.14285714285714	6.75	0.847430998826894	9.88500264957558e-55
chr16	37663100	37665100	Ndufb4	2	5	9	11	2.5	1.22222222222222	6.75	0.224473996275422	0.0890600030194027
chr16	42369500	42371500	Gap43	7	6	7	7	-1.16666666666667	0	6.75	-2.01039041556785	0.596594573277906
chr17	25479800	25481800	Tekt4	6	5	9	7	-1.2	-1.28571428571429	6.75	0.38981153270588	NA
chr18	34879500	34881500	Egr1	6	6	11	4	0	-2.75	6.75	1.18672592526921	1.00369813168591e-146
chr18	38494600	38496600	Ndfip1	3	7	7	10	2.33333333333333	1.42857142857143	6.75	0.449129773212255	6.70143085317488e-27
chr18	69112500	69114500	Mir145b	6	4	14	3	-1.5	-4.66666666666667	6.75	NA	NA
chr19	32526000	32528000	Minpp1	9	3	9	6	-3	-1.5	6.75	-0.392548349210167	5.34248982617875e-32
chr1	75569600	75571600	Slc4a3	2	6	9	9	3	0	6.5	-0.0874686438051045	0.577598872897727
chr1	83454300	83456300	Sphkap	6	6	8	6	0	-1.33333333333333	6.5	1.11116310560845	NA
chr1	125549200	125551200	Slc35f5	3	4	14	5	1.33333333333333	-2.8	6.5	0.34966410165845	3.38566537183542e-19
chr1	134265400	134267400	Myog	7	4	7	8	-1.75	1.14285714285714	6.5	-0.331494772848691	NA
chr1	135158000	135160000	Arl8a	10	3	6	7	-3.33333333333333	1.16666666666667	6.5	0.351388471960554	5.56191920697193e-14
chr1	161306300	161308300	Prdx6	10	5	6	5	-2	-1.2	6.5	-0.25286607204685	2.82470447661787e-10
chr1	179812300	179814300	Ahctf1	4	5	9	8	1.25	-1.125	6.5	-0.289570383045116	1.6691454024003e-06
chr2	6454100	6456100	Usp6nl	1	5	6	14	5	2.33333333333333	6.5	0.451326873420955	6.35327979824581e-25
chr2	21269400	21271400	Thnsl1	6	5	7	8	-1.2	1.14285714285714	6.5	-0.218470560531896	0.188560784566683
chr2	136837200	136839200	Mkks	13	3	6	4	-4.33333333333333	-1.5	6.5	-0.0593991696524849	0.843297522197703
chr2	157658900	157660900	Ctnnbl1	7	3	12	4	-2.33333333333333	-3	6.5	0.0674030894480453	0.246102932687854
chr2	172257200	172259400	Mc3r	6	2	13	5	-3	-2.6	6.5	NA	NA
chr3	101708600	101710600	Atp1a1	8	4	9	5	-2	-1.8	6.5	0.858568018793299	1.17237768312724e-150
chr4	33845300	33847300	Cnr1	7	6	11	2	-1.16666666666667	-5.5	6.5	NA	NA
chr4	82734300	82736300	Nfib	6	5	8	7	-1.2	-1.14285714285714	6.5	-0.489098611645261	1.07234126069711e-29
chr4	84766800	84768800	Bnc2	6	7	6	7	1.16666666666667	1.16666666666667	6.5	-0.772065819752711	0.175145477081026
chr4	135595300	135597300	Grhl3	8	9	4	5	1.125	1.25	6.5	7.71571868071491	1.7918501273282e-67
chr4	149324900	149326900	Ube4b	5	4	9	8	-1.25	-1.125	6.5	-0.234156700913825	6.86792280929344e-05
chr5	73795300	73797300	Spata18	4	11	3	8	2.75	2.66666666666667	6.5	1.11116986148538	NA
chr5	105650700	105652700	Lrrc8d	4	6	12	4	1.5	-3	6.5	0.27337172929003	0.0249508285248476
chr6	107929900	107931900	Setmar	11	2	2	11	-5.5	5.5	6.5	-0.229783430248468	0.155195755353655
chr6	142779200	142781200	Cmas	5	5	8	8	0	0	6.5	0.795485607979901	1.6752364179253e-68
chr6	142979400	142981400	St8sia1	5	7	4	10	1.4	2.5	6.5	-0.749409235996206	0.81701106526139
chr6	145637100	145639100	Tuba3b	3	6	7	10	2	1.42857142857143	6.5	NA	NA
chr7	27284300	27286300	Ltbp4	9	5	2	10	-1.8	5	6.5	-0.39124747442205	6.65932248254982e-08
chr7	30999900	31001900	Fam187b	7	5	5	9	-1.4	1.8	6.5	2.57310477917064	0.136695842147354
chr7	37290000	37293800	Zfp536	15	4	2	5	-3.75	2.5	6.5	NA	NA
chr7	46830200	46832400	Ldha	9	3	6	8	-3	1.33333333333333	6.5	0.0884048661188572	0.0638677938426604
chr7	101632600	101634600	Clpb	7	6	9	4	-1.16666666666667	-2.25	6.5	-0.0793392006359247	0.582314800579241
chr7	136843500	136846800	Mgmt	4	3	11	8	-1.33333333333333	-1.375	6.5	-0.666957229716573	1.06576376186729e-13
chr8	23351500	23353500	Sfrp1	5	4	10	7	-1.25	-1.42857142857143	6.5	0.966245850827986	0.742519533641734
chr8	45857600	45859600	Pdlim3	7	2	10	7	-3.5	-1.42857142857143	6.5	0.38982909723421	NA
chr8	83837200	83839200	Adgrl1	9	5	4	8	-1.8	2	6.5	-0.592068740924687	3.77013876839252e-27
chr8	89569800	89573400	Sall1	3	7	9	7	2.33333333333333	-1.28571428571429	6.5	NA	NA
chr8	107651000	107653000	Psmd7	7	5	8	6	-1.4	-1.33333333333333	6.5	-0.165079481587986	2.58530858754975e-05
chr9	61672800	61674800	Rplp1	8	4	5	9	-2	1.8	6.5	0.143305299081441	0.00535458617079333
chr9	121554900	121556900	Lyzl4os	9	2	12	3	-4.5	-4	6.5	NA	NA
chr11	101993000	101995000	Cfap97d1	7	4	7	8	-1.75	1.14285714285714	6.5	1.11116986148538	NA
chr12	28358100	28360100	Dcdc2c	4	9	6	7	2.25	1.16666666666667	6.5	-0.92397792605278	0.0188683806671757
chr13	12367900	12371300	Heatr1	9	4	6	7	-2.25	1.16666666666667	6.5	-0.04132274906171	0.72866832413192
chr13	42292300	42294300	Edn1	7	2	9	8	-3.5	-1.125	6.5	-1.91437126978379	0.00684477812387761
chr13	43148800	43150800	Tbc1d7	6	4	7	9	-1.5	1.28571428571429	6.5	-0.120145246820987	0.21553359918257
chr13	54754200	54757400	Gprin1	11	4	7	4	-2.75	-1.75	6.5	NA	NA
chr13	54906800	54908800	Unc5a	9	5	4	8	-1.8	2	6.5	1.11116986148538	NA
chr13	59401400	59403400	Agtpbp1	8	3	8	7	-2.66666666666667	-1.14285714285714	6.5	0.278809487867618	0.0107201401481991
chr13	60522200	60524200	Dapk1	7	5	9	5	-1.4	-1.8	6.5	4.21298241231864	0.0218256097098228
chr13	90833000	90835000	Atp6ap1l	2	3	8	13	1.5	1.625	6.5	0.38982909723421	NA
chr14	33683100	33685100	Ptpn20	6	7	8	5	1.16666666666667	-1.6	6.5	0.173651495958266	0.770163989811085
chr14	55795100	55797100	Ripk3	3	2	14	7	-1.5	-2	6.5	0.00560212402129563	0.996833841770835
chr14	61969900	61971900	Dleu2	4	8	7	7	2	0	6.5	0.123585431528427	0.345916156962655
chr15	3742900	3744900	Ghr	4	12	5	5	3	0	6.5	0.287451713114875	3.40343401650945e-09
chr15	35283000	35285000	Osr2	7	6	7	6	-1.16666666666667	-1.16666666666667	6.5	-1.44296386335044	0.000900265543907637
chr15	85199800	85201800	Fbln1	7	4	7	8	-1.75	1.14285714285714	6.5	NA	NA
chr15	94204900	94206900	Adamts20	7	8	6	5	1.14285714285714	-1.2	6.5	-2.62502515664329	0.38991385294709
chr16	90920400	90922400	Cfap298	5	3	9	9	-1.66666666666667	0	6.5	-0.177994354182662	0.0521263372599838
chr16	91365700	91367700	Ifnar2	6	9	4	7	1.5	1.75	6.5	0.122966750863343	0.0274619314947293
chr17	16004200	16006200	Rgmb	6	5	10	5	-1.2	-2	6.5	-0.265524794229943	0.00247760091882992
chr18	13025800	13027800	Hrh4	2	5	15	4	2.5	-3.75	6.5	NA	NA
chr18	52729200	52731200	Gykl1	14	4	3	5	-3.5	1.66666666666667	6.5	4.2800513882634	0.00782798737585461
chr18	58702700	58704700	Isoc1	7	5	5	9	-1.4	1.8	6.5	-0.542165655379685	3.35135893644414e-19
chr19	44668100	44670100	Pax2	9	5	8	4	-1.8	-2	6.5	NA	NA
chr19	50086400	50088400	Sorcs1	10	8	5	3	-1.25	-1.66666666666667	6.5	NA	NA
chr1	52421200	52423200	Nab1	8	8	4	5	0	1.25	6.25	0.638212575534083	2.60271469584557e-56
chr1	77127500	77129500	Epha4	5	5	8	7	0	-1.14285714285714	6.25	-1.41594564995039	2.57435581741875e-44
chr1	143819500	143821500	Uchl5	9	5	8	3	-1.8	-2.66666666666667	6.25	-0.146037066214603	0.0210426142248015
chr1	151513400	151515400	Rnf2	6	4	6	9	-1.5	1.5	6.25	-0.234989370079626	1.12966604534648e-07
chr1	173324600	173327200	Ackr1	10	4	8	3	-2.5	-2.66666666666667	6.25	1.81994497153774	NA
chr1	191639800	191642000	Ints7	3	3	6	13	0	2.16666666666667	6.25	-0.743293711617895	4.17878920358795e-43
chr2	5126900	5128900	Ccdc3	6	8	4	7	1.33333333333333	1.75	6.25	NA	NA
chr2	17951100	17953100	H2al2a	4	6	8	7	1.5	-1.14285714285714	6.25	NA	NA
chr2	74901000	74903000	Mtx2	4	7	7	7	1.75	0	6.25	-0.229125209657048	0.00665860996754363
chr2	102539600	102541600	Pamr1	7	4	7	7	-1.75	0	6.25	-1.74223508987785	0.33692678583849
chr2	162899600	162901600	Srsf6	5	5	3	12	0	4	6.25	-0.0497605842236736	0.187348377030912
chr2	163099100	163101100	Mybl2	5	7	5	8	1.4	1.6	6.25	-1.54610975097411	1.81319647665423e-72
chr2	180317200	180319200	Gata5os	4	1	6	14	-4	2.33333333333333	6.25	NA	NA
chr3	49592100	49594100	Pcdh18	5	7	4	9	1.4	2.25	6.25	-0.414731920930319	4.45891784462571e-13
chr3	104570300	104572300	Lrig2	7	6	4	8	-1.16666666666667	2	6.25	0.0324849007619679	0.795846423469912
chr3	107527600	107530400	Slc6a17	4	7	9	5	1.75	-1.8	6.25	-0.331477887569045	NA
chr3	107535400	107538600	Ubl4b	4	5	9	7	1.25	-1.28571428571429	6.25	NA	NA
chr4	11393600	11395600	Esrp1	3	5	8	9	1.66666666666667	1.125	6.25	-0.992705094798844	NA
chr4	24218000	24220400	Mms22l	12	2	5	6	-6	1.2	6.25	-1.23849939713032	1.93352770681512e-46
chr4	54071800	54074000	Tmem38b	13	5	2	5	-2.6	2.5	6.25	0.25401914173132	0.000812773989354868
chr4	119140450	119142450	Zfp691	8	7	8	2	-1.14285714285714	-4	6.25	0.584653113499665	0.0297967594355042
chr4	136109500	136111500	Id3	7	10	5	3	1.42857142857143	-1.66666666666667	6.25	0.360792980865973	1.75350979437899e-10
chr4	150078800	150080800	Gpr157	6	10	3	6	1.66666666666667	2	6.25	-0.21099848009119	0.267853405359207
chr5	105648300	105650300	Lrrc8d	5	7	3	10	1.4	3.33333333333333	6.25	0.27337172929003	0.0249508285248476
chr5	120453700	120455700	Sdsl	8	5	8	4	-1.6	-2	6.25	-0.109471317144571	0.523980919097137
chr5	134896700	134898700	Tmem270	7	4	8	6	-1.75	-1.33333333333333	6.25	NA	NA
chr5	139580100	139582100	Uncx	3	2	10	10	-1.5	0	6.25	NA	NA
chr6	54784100	54786100	Znrf2	9	5	5	6	-1.8	1.2	6.25	0.236749933206603	0.00212807612226179
chr6	85205600	85207600	Emx1	4	3	7	11	-1.33333333333333	1.57142857142857	6.25	-0.301207968704774	NA
chr6	97264200	97266400	Lmod3	8	6	2	9	-1.33333333333333	4.5	6.25	3.20437508004656	0.00270958124068804
chr6	107711200	107714000	Lrrn1	6	8	5	6	1.33333333333333	1.2	6.25	NA	NA
chr6	120619300	120621300	Cecr2	6	7	6	6	1.16666666666667	0	6.25	1.11890365424002	0.0434662584834637
chr7	139730600	139732600	Mir6401	7	4	7	7	-1.75	0	6.25	NA	NA
chr8	24403000	24405000	Tcim	8	1	11	5	-8	-2.2	6.25	-3.09240733291087	0.00011771867956522
chr8	57435200	57437200	Scrg1	12	4	1	8	-3	8	6.25	NA	NA
chr8	90120400	90122400	Tox3	6	2	12	5	-3	-2.4	6.25	NA	NA
chr8	94892100	94894100	Dok4	3	1	16	5	-3	-3.2	6.25	-1.46839269879246	2.79767420580999e-20
chr8	107851500	107853500	Zfhx3	5	8	7	5	1.6	-1.4	6.25	-0.568331479033066	1.31276179716601e-14
chr8	107928700	107930700	Zfhx3	5	6	9	5	1.2	-1.8	6.25	-0.568331479033066	1.31276179716601e-14
chr8	127656300	127658300	Pard3	6	2	8	9	-3	1.125	6.25	-0.371557221918267	3.86316908969017e-20
chr9	20986400	20988400	S1pr2	8	7	6	4	-1.14285714285714	-1.5	6.25	-0.544664514390267	1.42087491568745e-19
chr9	30136800	30138800	Ntm	10	6	4	5	-1.66666666666667	1.25	6.25	-0.383283148250574	0.734948577652702
chr9	32416800	32418800	Kcnj1	3	7	9	6	2.33333333333333	-1.5	6.25	NA	NA
chr9	61617400	61619400	Tle3	6	4	8	7	-1.5	-1.14285714285714	6.25	0.395863919096745	2.49038658844737e-25
chr9	67588500	67590500	Tln2	8	4	6	7	-2	1.16666666666667	6.25	-1.23564654083848	3.60386327479082e-61
chr9	67639300	67641300	Tln2	8	5	6	6	-1.6	0	6.25	-1.23564654083848	3.60386327479082e-61
chr9	80022400	80024400	Filip1	2	7	9	7	3.5	-1.28571428571429	6.25	-0.33148710068685	0.909863207451336
chr10	19276300	19278300	Olig3	7	6	10	2	-1.16666666666667	-5	6.25	NA	NA
chr10	22867700	22869700	Tcf21	6	7	8	4	1.16666666666667	-2	6.25	NA	NA
chr11	31590900	31592900	Bod1	4	5	7	9	1.25	1.28571428571429	6.25	0.00944998483549955	0.880297647107269
chr11	31717400	31719400	Bod1	9	4	7	5	-2.25	-1.4	6.25	0.00944998483549955	0.880297647107269
chr11	50545200	50547200	Adamts2	7	6	5	7	-1.16666666666667	1.4	6.25	0.609658773510072	5.99635372222196e-28
chr11	79002200	79004400	Ksr1	7	4	6	8	-1.75	1.33333333333333	6.25	-0.999090996102911	2.08539392605847e-09
chr11	84539500	84541500	Lhx1os	5	6	8	6	1.2	-1.33333333333333	6.25	-0.331477887569045	NA
chr11	117003000	117005000	Mgat5b	4	5	6	10	1.25	1.66666666666667	6.25	-0.331477887569045	NA
chr12	24714600	24717000	Rrm2	5	11	6	3	2.2	-2	6.25	-1.73797290628404	2.83199398961276e-274
chr12	31221900	31223900	Lamb1	6	5	6	8	-1.2	1.33333333333333	6.25	-2.07443083457203	3.38744399897649e-296
chr12	35981000	35983000	Agr2	12	3	2	8	-4	4	6.25	NA	NA
chr12	105987900	105989900	Vrk1	7	5	8	5	-1.4	-1.6	6.25	-0.989944475338073	2.81838410979105e-51
chr13	54389800	54391800	Cplx2	8	2	7	8	-4	1.14285714285714	6.25	0.010426586954003	0.897637441488536
chr13	75541600	75544700	Mir682	6	11	6	2	1.83333333333333	-3	6.25	NA	NA
chr13	90517300	90519300	Atp6ap1l	7	4	9	5	-1.75	-1.8	6.25	0.38982909723421	NA
chr13	107340100	107342100	AI197445	1	10	10	4	10	-2.5	6.25	1.492082285685	8.08346353998288e-05
chr13	113656000	113659300	Hspb3	4	15	5	1	3.75	-5	6.25	NA	NA
chr15	78270100	78272100	Ncf4	0	9	8	8	Inf	0	6.25	NA	NA
chr15	81576400	81578400	Ep300	4	6	5	10	1.5	2	6.25	-0.131067992877712	0.223124173731226
chr15	85187400	85189400	Fbln1	4	6	10	5	1.5	-2	6.25	NA	NA
chr16	32562400	32564400	Tfrc	5	7	7	6	1.4	-1.16666666666667	6.25	-1.10856311771546	7.1480198479794e-20
chr16	97282200	97284200	Bace2	5	8	9	3	1.6	-3	6.25	-3.68565088388763	0.0246375773126635
chr17	14225300	14227300	Dact2	5	7	4	9	1.4	2.25	6.25	-2.33795616114374	1.65778631348229e-07
chr17	47978000	47980000	Foxp4	10	3	3	9	-3.33333333333333	3	6.25	-0.312796677577702	7.87410375828529e-08
chr17	48281900	48283900	Treml4	7	7	6	5	0	-1.2	6.25	NA	NA
chr17	73431800	73433800	Capn13	5	9	8	3	1.8	-2.66666666666667	6.25	0.38982909723421	NA
chr18	15246600	15248600	Kctd1	4	5	13	3	1.25	-4.33333333333333	6.25	0.158976282844818	0.0254029820481963
chr18	39397100	39399100	Arhgap26	7	4	7	7	-1.75	0	6.25	0.56963097025473	0.632318934157288
chr18	64749900	64751900	Atp8b1	7	8	6	4	1.14285714285714	-1.5	6.25	0.683287396626015	0.553711593995852
chr18	68496500	68498500	Mc2r	5	8	6	6	1.6	0	6.25	NA	NA
chr19	14775800	14778900	Tle4	8	6	9	2	-1.33333333333333	-4.5	6.25	-0.544052453621555	0.000145770640479829
chr19	38237700	38239700	Fra10ac1	5	8	5	7	1.6	1.4	6.25	-0.0790689511284953	0.246977445759081
chr1	4426300	4428300	Rp1	7	5	5	7	-1.4	1.4	6	1.87906884026349	9.19742489604749e-05
chr1	40658900	40660900	Slc9a2	8	4	4	8	-2	2	6	3.26209565972648	0.000101071909102104
chr1	75692600	75694600	Slc4a3	3	2	9	10	-1.5	1.11111111111111	6	-0.0874686438051045	0.577598872897727
chr1	82971200	82973200	Slc19a3	5	5	9	5	0	-1.8	6	0.437409075640315	NA
chr1	91629700	91631700	Asb1	5	2	7	10	-2.5	1.42857142857143	6	0.236052848417399	0.0284257620466503
chr1	133862700	133864700	Optc	5	0	8	11	-Inf	1.375	6	-1.2285071255424	0.0458745467957721
chr1	169367300	169369300	Nuf2	11	4	3	6	-2.75	2	6	-1.40918395672019	1.10049792901263e-103
chr2	14501700	14503700	Cacnb2	8	7	4	5	-1.14285714285714	1.25	6	-0.313988243879669	0.765369448882516
chr2	21292000	21294000	Gpr158	10	3	7	4	-3.33333333333333	-1.75	6	NA	NA
chr2	59895600	59897600	Wdsub1	5	6	3	10	1.2	3.33333333333333	6	-0.1048210138661	0.246102932687854
chr2	107303700	107307000	Kcna4	3	8	7	6	2.66666666666667	-1.16666666666667	6	NA	NA
chr2	152188800	152190800	Csnk2a1	8	9	3	4	1.125	1.33333333333333	6	-0.0470389705145652	0.169021900591314
chr2	165242000	165244000	Cdh22	7	7	6	4	0	-1.5	6	0.508508075000535	0.00669415107041939
chr3	37671500	37673500	Spry1	7	4	7	6	-1.75	-1.16666666666667	6	0.434686233440009	4.30686272940087e-11
chr3	57972500	57974500	Pfn2	4	2	11	7	-2	-1.57142857142857	6	-0.314585174149516	7.35721955231694e-06
chr3	130803000	130805000	Rpl34	6	7	5	6	1.16666666666667	1.2	6	0.35630531638289	3.38298589711456e-20
chr4	8666100	8668100	Chd7	2	6	8	8	3	0	6	0.717587049537961	2.5377340253613e-15
chr4	108317700	108319700	Coa7	5	9	4	6	1.8	1.5	6	0.180094184224495	0.349229369981904
chr4	149799500	149802900	Slc25a33	3	5	11	5	1.66666666666667	-2.2	6	0.112563125066336	0.445153095423007
chr4	149885900	149887900	Spsb1	10	2	4	8	-5	2	6	-0.597692566949771	9.57153076238552e-12
chr5	52050800	52052800	Mir6417	3	6	6	9	2	1.5	6	NA	NA
chr5	119798400	119801200	Tbx5	5	6	6	7	1.2	1.16666666666667	6	NA	NA
chr6	7698000	7700000	Asns	2	7	5	10	3.5	2	6	0.290778254836647	0.0491309399100987
chr6	94805900	94807900	Lrig1	9	5	4	6	-1.8	1.5	6	-0.190551583689381	0.00584552763945368
chr6	140267600	140269600	Plekha5	7	8	4	5	1.14285714285714	1.25	6	0.85647709408735	1.81441524442578e-110
chr7	45600900	45602900	Fgf21	4	9	7	4	2.25	-1.75	6	2.23744064493437	0.0293583478901403
chr7	135842900	135844900	Mki67	5	6	11	2	1.2	-5.5	6	-1.58817861963496	1.66028794504799e-116
chr8	36393500	36395500	Trmt9b	7	4	9	4	-1.75	-2.25	6	NA	NA
chr8	128033600	128035600	Mir21c	8	7	3	6	-1.14285714285714	2	6	NA	NA
chr9	21714500	21716500	Ldlr	7	4	5	8	-1.75	1.6	6	0.0661329152180653	0.119982779188443
chr9	66673200	66675200	Car12	7	3	6	8	-2.33333333333333	1.33333333333333	6	-2.28143398358556	0.441310717792054
chr9	78964200	78966200	Cd109	8	3	5	8	-2.66666666666667	1.6	6	0.168170607699028	1.84368319311285e-05
chr9	98709500	98711500	Mrps22	6	3	10	5	-2	-2	6	-0.236412650575451	0.0107571922750092
chr9	111289700	111291700	Epm2aip1	6	5	7	6	-1.2	-1.16666666666667	6	0.158382612825637	0.000386573210733107
chr9	119839000	119841000	Scn11a	8	1	9	6	-8	-1.5	6	NA	NA
chr11	32882700	32884700	Smim23	6	3	7	8	-2	1.14285714285714	6	NA	NA
chr11	46175800	46177800	Mir7239	5	9	6	4	1.8	-1.5	6	NA	NA
chr11	52635200	52637200	Fstl4	5	3	9	7	-1.66666666666667	-1.28571428571429	6	0.394775608244186	0.750976658411624
chr11	63830000	63832000	Hs3st3b1	3	10	4	7	3.33333333333333	1.75	6	0.389822341357282	NA
chr11	65634600	65636600	Map2k4	6	7	6	5	1.16666666666667	-1.2	6	-0.147080611362561	0.000521485294421865
chr11	66812900	66814900	Pirt	9	1	11	3	-9	-3.66666666666667	6	NA	NA
chr11	118960000	118962000	Enpp7	6	5	9	4	-1.2	-2.25	6	0.38982909723421	NA
chr11	118972300	118974300	Enpp7	9	3	4	8	-3	2	6	0.38982909723421	NA
chr12	57533100	57535100	Foxa1	2	3	12	7	1.5	-1.71428571428571	6	-0.393324947323073	NA
chr12	110256000	110258000	Dio3os	9	6	5	4	-1.5	-1.25	6	-1.57049003527652	3.84634022251367e-10
chr12	111031800	111033800	Rcor1	7	1	9	7	-7	-1.28571428571429	6	-0.020811498613124	0.628673579141587
chr13	37731300	37733300	Rreb1	3	3	5	13	0	2.6	6	0.483487415181379	2.97410439768388e-09
chr13	49153000	49155000	Wnk2	7	7	4	6	0	1.5	6	-0.592522936109447	0.557132429895953
chr13	56590000	56592000	Tgfbi	3	3	8	10	0	1.25	6	1.01847845679609	3.80707675245791e-55
chr13	73281700	73283700	Irx4	1	10	6	7	10	1.16666666666667	6	NA	NA
chr13	99540900	99542900	Map1b	3	7	9	5	2.33333333333333	-1.8	6	0.79161538522306	3.05500299256542e-102
chr13	99549400	99551400	Map1b	5	3	6	10	-1.66666666666667	1.66666666666667	6	0.79161538522306	3.05500299256542e-102
chr13	110023600	110025600	Pde4d	5	3	6	10	-1.66666666666667	1.66666666666667	6	0.328329404846678	2.0915107229632e-05
chr13	112143700	112145700	Ankrd55	8	0	11	5	-Inf	-2.2	6	0.297827305771312	0.689347619835068
chr14	28812800	28817100	Cacna2d3	4	10	5	5	2.5	0	6	-2.73689860373224	NA
chr14	31696700	31698700	Ankrd28	7	2	5	10	-3.5	2	6	0.357899799026862	6.88603640282961e-15
chr14	47330900	47332900	Mapk1ip1l	8	5	2	9	-1.6	4.5	6	-0.205631318457279	2.19581177760135e-10
chr14	68260900	68262900	Nefm	3	7	3	11	2.33333333333333	3.66666666666667	6	NA	NA
chr15	11453900	11455900	Tars	5	7	7	5	1.4	-1.4	6	0.434205923596035	1.12131906726802e-27
chr15	12749000	12751000	Pdzd2	9	3	6	6	-3	0	6	5.8793652862982	3.03061100183498e-236
chr15	37135600	37137600	Grhl2	6	5	7	6	-1.2	-1.16666666666667	6	0.61881940668147	0.446628563556849
chr15	37205000	37208400	Grhl2	5	4	6	9	-1.25	1.5	6	0.61881940668147	0.446628563556849
chr15	83042100	83044100	Nfam1	5	4	5	10	-1.25	2	6	0.751185280633723	0.501530952696562
chr16	18719900	18721900	Cldn5	6	6	7	5	0	-1.4	6	NA	NA
chr16	20818100	20820100	Chrd	6	6	6	6	0	0	6	1.94728832145297	2.95970510938849e-124
chr16	95658100	95660100	Ets2	8	3	7	6	-2.66666666666667	-1.16666666666667	6	-0.183797338462417	0.000262621886194201
chr17	15976600	15978600	Rgmb	8	8	0	8	0	Inf	6	-0.265524794229943	0.00247760091882992
chr17	45967100	45969100	Vegfa	5	3	6	10	-1.66666666666667	1.66666666666667	6	0.246001850652403	0.000168390279177146
chr18	13031100	13033100	Hrh4	3	7	9	5	2.33333333333333	-1.8	6	NA	NA
chr18	62895900	62897900	Apcdd1	11	2	3	8	-5.5	2.66666666666667	6	0.0646760039764236	0.871129962707673
chr18	74189700	74191700	Ska1	6	7	3	8	1.16666666666667	2.66666666666667	6	-1.42881247914815	1.29736435056669e-30
chr18	84902800	84904800	Cyb5a	4	6	3	11	1.5	3.66666666666667	6	-0.842727195645752	2.63241207481188e-48
chr19	27509200	27511200	Pum3	9	7	7	1	-1.28571428571429	-7	6	-0.253580019142761	1.44037805119407e-10
chr19	48051900	48053900	Cfap58	8	6	6	4	-1.33333333333333	-1.5	6	-0.331477887569044	NA
chr1	91658600	91660600	Asb1	6	2	9	6	-3	-1.5	5.75	0.236052848417399	0.0284257620466503
chr1	91669900	91671900	Asb1	5	6	6	6	1.2	0	5.75	0.236052848417399	0.0284257620466503
chr1	135234100	135236100	Elf3	2	5	11	5	2.5	-2.2	5.75	-0.331497412254832	NA
chr2	48628600	48630600	Acvr2a	6	0	12	5	-Inf	-2.4	5.75	-0.265386016439709	0.000484503554727398
chr2	55692600	55694600	Kcnj3	6	7	8	2	1.16666666666667	-4	5.75	NA	NA
chr2	77301100	77303100	Sestd1	7	8	5	3	1.14285714285714	-1.66666666666667	5.75	0.136316293723235	0.00595428291766045
chr2	93170100	93172100	Trp53i11	2	7	11	3	3.5	-3.66666666666667	5.75	1.66298267553567	0.602143888214198
chr2	136688600	136690600	Snap25	7	2	11	3	-3.5	-3.66666666666667	5.75	1.11116986148538	NA
chr2	152404600	152407800	Sox12	8	4	8	3	-2	-2.66666666666667	5.75	NA	NA
chr2	155742000	155744000	Procr	5	7	6	5	1.4	-1.2	5.75	-1.56312086011502	0.00590525384532022
chr2	157486800	157489000	Src	7	1	8	7	-7	-1.14285714285714	5.75	0.399532821815877	9.0431343422013e-14
chr2	157497400	157499400	Src	5	9	3	6	1.8	2	5.75	0.399532821815877	9.0431343422013e-14
chr3	35087000	35091200	Mir6378	9	4	5	5	-2.25	0	5.75	NA	NA
chr3	56355800	56358200	Nbea	5	6	5	7	1.2	1.4	5.75	-0.036510048340669	0.834483061000577
chr3	103384200	103386200	Trim33	6	5	6	6	-1.2	0	5.75	0.00483417219204629	0.931996758887751
chr3	126491000	126493000	Camk2d	5	4	8	6	-1.25	-1.33333333333333	5.75	-0.0205295625444211	0.758291924283408
chr3	146563800	146565800	Uox	4	5	9	5	1.25	-1.8	5.75	NA	NA
chr3	149246100	149248100	Adgrl2	5	7	3	8	1.4	2.66666666666667	5.75	-0.837327651478618	2.8034470291173e-115
chr4	12785700	12787700	Triqk	4	5	12	2	1.25	-6	5.75	1.16121154830857	1.4297752882424e-47
chr4	94714700	94716700	Tek	5	4	7	7	-1.25	0	5.75	-0.3314913993229	NA
chr4	98743100	98745100	L1td1	1	6	3	13	6	4.33333333333333	5.75	0.38982909723421	NA
chr4	105534800	105536800	Plpp3	9	5	8	1	-1.8	-8	5.75	-1.91628903656387	6.68161515419641e-132
chr4	114947500	114949500	Foxe3	8	3	4	8	-2.66666666666667	2	5.75	NA	NA
chr4	138542100	138544100	Vwa5b1	8	1	12	2	-8	-6	5.75	NA	NA
chr5	35149000	35151000	Lrpap1	8	9	1	5	1.125	5	5.75	-0.0355510797401883	0.57640359305516
chr5	51903000	51905000	Mir6417	4	7	9	3	1.75	-3	5.75	NA	NA
chr5	74154500	74156500	Rasl11b	5	4	8	6	-1.25	-1.33333333333333	5.75	-0.674019844776619	1.15462289938231e-05
chr5	103401100	103403100	Ptpn13	6	5	3	9	-1.2	3	5.75	0.482777410390168	7.15817523262916e-40
chr5	139567300	139569300	Uncx	6	3	6	8	-2	1.33333333333333	5.75	NA	NA
chr5	141115300	141117300	Card11	8	2	8	5	-4	-1.6	5.75	NA	NA
chr6	22715600	22717600	Ptprz1	4	6	11	2	1.5	-5.5	5.75	0.389828383733787	0.929941180541139
chr6	49716400	49718400	Npy	6	7	3	7	1.16666666666667	2.33333333333333	5.75	NA	NA
chr6	51612800	51614800	Snx10	2	8	10	3	4	-3.33333333333333	5.75	-0.35860276310959	6.60708910743968e-09
chr6	91321600	91323600	Fbln2	9	4	3	7	-2.25	2.33333333333333	5.75	-1.15941066048692	1.73436418297598e-166
chr7	35901400	35905100	Zfp507	7	3	6	7	-2.33333333333333	1.16666666666667	5.75	0.314873823847837	7.57870675211907e-11
chr7	82011200	82013200	Bnc1	6	7	9	1	1.16666666666667	-9	5.75	NA	NA
chr8	24490200	24492200	Ido2	5	2	7	9	-2.5	1.28571428571429	5.75	1.11116986148538	NA
chr8	80951300	80953300	Usp38	4	6	6	7	1.5	1.16666666666667	5.75	0.0473583887735763	0.386420246664426
chr8	86417900	86419900	Abcc12	7	4	7	5	-1.75	-1.4	5.75	-0.611998439447714	0.826383851135632
chr8	109483800	109485800	Pmfbp1	5	5	6	7	0	1.16666666666667	5.75	-0.331491249668706	NA
chr8	116771600	116773600	Cdyl2	6	5	5	7	-1.2	1.4	5.75	-0.82680676007629	7.23112830369612e-13
chr8	128155300	128157300	Mir21c	6	5	6	6	-1.2	0	5.75	NA	NA
chr9	20996900	20998900	Mrpl4	11	4	1	7	-2.75	7	5.75	-0.0623313218728446	0.316508137900493
chr9	124055600	124057600	Ccr3	12	6	2	3	-2	1.5	5.75	1.11116986148538	NA
chr10	51152500	51155300	Sim1	6	7	5	5	1.16666666666667	0	5.75	NA	NA
chr10	59871900	59873900	Dnajb12	3	5	6	9	1.66666666666667	1.5	5.75	0.0787011509190359	0.060478470907847
chr11	50491600	50493600	Rufy1	9	7	3	4	-1.28571428571429	1.33333333333333	5.75	0.393295875641403	9.54932888102944e-08
chr11	63249400	63251400	Pmp22	5	8	5	5	1.6	0	5.75	-1.55712522034038	1.77228051043964e-228
chr11	63336700	63338700	Pmp22	5	5	5	8	0	1.6	5.75	-1.55712522034038	1.77228051043964e-228
chr11	65671400	65673400	Map2k4	9	6	4	4	-1.5	0	5.75	-0.147080611362561	0.000521485294421865
chr11	70305200	70307200	Alox12e	4	5	11	3	1.25	-3.66666666666667	5.75	0.38982909723421	NA
chr12	33716900	33718900	Ferd3l	3	5	5	10	1.66666666666667	2	5.75	NA	NA
chr12	118840500	118842500	Sp8	10	7	1	5	-1.42857142857143	5	5.75	-1.37371607696989	3.81958121281749e-06
chr13	43582700	43584700	Mcur1	8	4	4	7	-2	1.75	5.75	0.768585606904739	2.0362007165042e-55
chr13	54158500	54160500	Hrh2	4	3	4	12	-1.33333333333333	3	5.75	-1.820301337115	0.127714610455918
chr13	56207800	56209800	Tifab	8	2	7	6	-4	-1.16666666666667	5.75	NA	NA
chr13	57055000	57057600	Trpc7	8	3	6	6	-2.66666666666667	0	5.75	-2.11159173151836	NA
chr13	69823100	69825100	Med10	2	10	7	4	5	-1.75	5.75	-0.0831661217673142	0.394323310093122
chr13	90278900	90280900	Tmem167	3	6	3	11	2	3.66666666666667	5.75	0.8924229446678	5.77571717493752e-88
chr14	21962200	21964200	Zfp503	2	13	6	2	6.5	-3	5.75	0.416908975497991	9.19823895035814e-14
chr14	60427000	60429000	Amer2	6	7	7	3	1.16666666666667	-2.33333333333333	5.75	NA	NA
chr14	63311000	63314800	Gata4	8	5	5	5	-1.6	0	5.75	NA	NA
chr14	66778500	66780500	Dpysl2	6	6	7	4	0	-1.75	5.75	0.486578435039804	3.64207542498838e-18
chr14	78547900	78549900	Akap11	6	5	9	3	-1.2	-3	5.75	-0.238828560020135	0.00199876139536478
chr15	3312000	3314000	Ccdc152	8	2	9	4	-4	-2.25	5.75	0.27829546949832	0.705880755458589
chr15	31395600	31397600	Ankrd33b	8	0	10	5	-Inf	-2	5.75	-0.883014789696979	0.402458109283099
chr15	31416800	31419700	Ropn1l	7	5	6	5	-1.4	-1.2	5.75	-1.38545923348707	5.8897679889618e-10
chr15	51720000	51722000	Eif3h	2	8	8	5	4	-1.6	5.75	0.0898615113380432	0.0716260673161841
chr15	98008300	98010300	Col2a1	3	2	8	10	-1.5	1.25	5.75	0.912490769493763	1.58286382266246e-08
chr16	97262700	97264700	Dscam	5	4	10	4	-1.25	-2.5	5.75	-0.331493279582545	NA
chr17	46062700	46064700	Vegfa	4	6	7	6	1.5	-1.16666666666667	5.75	0.246001850652403	0.000168390279177146
chr17	84892900	84894900	Ppm1b	8	6	4	5	-1.33333333333333	1.25	5.75	-0.396329021689372	4.12401968643594e-21
chr18	61429900	61431900	Ppargc1b	6	1	7	9	-6	1.28571428571429	5.75	-0.464277122215777	0.0315053482964394
chr19	15614000	15616000	Psat1	4	2	2	15	-2	7.5	5.75	-0.179476016511667	0.013937319655596
chr19	34758200	34760200	Slc16a12	4	5	7	7	1.25	0	5.75	0.389856361525056	NA
chr1	70916900	70919800	Bard1	8	6	6	2	-1.33333333333333	-3	5.5	-1.8710279705546	2.03746950152241e-72
chr1	128691300	128693300	Cxcr4	7	2	7	6	-3.5	-1.16666666666667	5.5	-1.90477963938834	0.428282847086772
chr1	189932600	189934600	Smyd2	4	6	6	6	1.5	0	5.5	-0.316123724132552	6.17909919265961e-15
chr2	62588300	62591100	Fap	3	5	10	4	1.66666666666667	-2.5	5.5	-1.48854487068904	0.244278905661744
chr2	74026900	74028900	Atp5g3	5	1	11	5	-5	-2.2	5.5	-0.0700085444676099	0.126367752825999
chr2	103926900	103928900	Lmo2	5	5	5	7	0	1.4	5.5	1.78533007895013	0.376776067365358
chr2	143888900	143890900	Dstn	5	9	4	4	1.8	0	5.5	-0.32711904287517	1.44625161616151e-21
chr2	152068500	152070500	Scrt2	7	6	1	8	-1.16666666666667	8	5.5	NA	NA
chr3	8767300	8769300	Hey1	1	10	8	3	10	-2.66666666666667	5.5	0.422862324252235	0.664627906022612
chr3	27727800	27729800	Fndc3b	7	5	4	6	-1.4	1.5	5.5	0.606091387825558	6.19720782203548e-63
chr3	54964500	54966500	Sertm1	5	5	5	7	0	1.4	5.5	NA	NA
chr3	101720400	101722400	Mab21l3	11	3	6	2	-3.66666666666667	-3	5.5	-0.10312459915298	0.732768152391204
chr3	104609000	104611000	Slc16a1	1	7	6	8	7	1.33333333333333	5.5	-0.138391281627211	0.0395807616839833
chr3	124066700	124068700	Tram1l1	5	5	6	6	0	0	5.5	NA	NA
chr3	127625900	127627900	Neurog2	6	4	4	8	-1.5	2	5.5	1.11115765811419	NA
chr3	144184600	144186600	Lmo4	9	6	3	4	-1.5	1.33333333333333	5.5	0.11650891915437	0.0437801176973321
chr4	23604800	23606800	Mms22l	6	4	7	5	-1.5	-1.4	5.5	-1.23849939713032	1.93352770681512e-46
chr4	54623600	54625600	Zfp462	3	6	6	7	2	1.16666666666667	5.5	-0.65918377486419	1.69044855990349e-08
chr4	83144900	83146900	Ttc39b	5	4	6	7	-1.25	1.16666666666667	5.5	0.14667248186368	0.0473840041534408
chr4	118536800	118538800	Tmem125	1	3	12	6	3	-2	5.5	0.38982909723421	NA
chr4	119720600	119722600	Hivep3	8	3	6	5	-2.66666666666667	-1.2	5.5	0.665109663596944	0.000656582386306753
chr5	43023500	43025500	Cpeb2	2	5	10	5	2.5	-2	5.5	0.286625564552669	0.0305359128123547
chr5	43087500	43089500	Cpeb2	7	5	10	0	-1.4	-Inf	5.5	0.286625564552669	0.0305359128123547
chr5	65846000	65848000	Rhoh	4	2	7	9	-2	1.28571428571429	5.5	1.11116986148538	NA
chr5	119741600	119743600	Tbx3os2	7	4	6	5	-1.75	-1.2	5.5	-1.07627162631851	NA
chr5	136716400	136718400	Myl10	4	4	5	9	0	1.8	5.5	2.25005221815452	9.70789933967957e-13
chr5	139638800	139642100	Micall2	3	8	1	10	2.66666666666667	10	5.5	-0.586020628531911	5.22175985385515e-09
chr6	11060300	11062300	AA545190	9	3	4	6	-3	1.5	5.5	NA	NA
chr6	12808700	12810700	Thsd7a	6	6	5	5	0	0	5.5	1.83140931087936	NA
chr6	126095200	126097200	Ntf3	3	7	6	6	2.33333333333333	0	5.5	1.11117723992628	NA
chr7	36132800	36136200	Zfp507	3	9	4	6	3	1.5	5.5	0.314873823847837	7.57870675211907e-11
chr7	36154500	36158300	Zfp507	12	2	4	4	-6	0	5.5	0.314873823847837	7.57870675211907e-11
chr7	36828700	36830700	Tshz3	10	3	4	5	-3.33333333333333	1.25	5.5	-0.0212886765562017	0.835625980215793
chr7	64450100	64453500	Apba2	10	3	7	2	-3.33333333333333	-3.5	5.5	NA	NA
chr7	73908000	73911200	Mir7234	7	5	4	6	-1.4	1.5	5.5	NA	NA
chr7	79201700	79203700	Mfge8	5	6	4	7	1.2	1.75	5.5	0.11255795747775	0.0106720294763896
chr7	97756400	97758400	Aqp11	9	4	4	5	-2.25	1.25	5.5	-1.73364991228487	2.8060506609515e-08
chr7	99188400	99190400	Dgat2	5	3	8	6	-1.66666666666667	-1.33333333333333	5.5	-0.602227229408809	0.00373693765344769
chr7	109190100	109193700	Lmo1	8	4	8	2	-2	-4	5.5	0.38982909723421	NA
chr7	125638300	125640300	Gtf3c1	8	3	3	8	-2.66666666666667	2.66666666666667	5.5	0.0540619050760093	0.107611697657401
chr7	141933800	141935800	Brsk2	3	6	7	6	2	-1.16666666666667	5.5	0.634712905682463	0.61488313366559
chr8	125685100	125687100	Map10	3	6	6	7	2	1.16666666666667	5.5	NA	NA
chr9	40244800	40246800	Scn3b	8	5	4	5	-1.6	1.25	5.5	NA	NA
chr9	63851300	63853300	Smad3	7	3	5	7	-2.33333333333333	1.4	5.5	0.200636378355645	3.04837512088209e-08
chr9	71606000	71608000	Myzap	5	5	5	7	0	1.4	5.5	4.75215465954282	4.46198466286313e-64
chr9	118592200	118594200	Itga9	9	2	8	3	-4.5	-2.66666666666667	5.5	-1.26213023683476	3.2897305463188e-27
chr9	123980800	123982800	Ccr1	7	5	4	6	-1.4	1.5	5.5	NA	NA
chr10	23052600	23054600	Eya4	7	1	9	5	-7	-1.8	5.5	-0.950170564293803	5.8076370893015e-83
chr10	31252200	31254200	Hddc2	4	3	6	9	-1.33333333333333	1.5	5.5	-0.00139990460140816	0.989713592243513
chr11	26724500	26726500	Vrk2	9	2	3	8	-4.5	2.66666666666667	5.5	0.192861405849622	0.0293715552841832
chr11	52646900	52648900	Fstl4	6	5	6	5	-1.2	-1.2	5.5	0.394775608244186	0.750976658411624
chr11	67017100	67019100	Tmem220	6	2	8	6	-3	-1.33333333333333	5.5	-0.762878289267786	5.59128534835397e-06
chr11	70279200	70281200	Alox12	8	5	6	3	-1.6	-2	5.5	-0.177729346101895	0.814274681289508
chr11	78554800	78556800	Tmem97	8	6	4	4	-1.33333333333333	0	5.5	0.722054312175032	2.92459330627598e-54
chr11	78788500	78790500	Lyrm9	6	5	7	4	-1.2	-1.75	5.5	-0.240490169839768	0.692600945881352
chr11	118999100	119001100	Enpp7	5	2	7	8	-2.5	1.14285714285714	5.5	0.38982909723421	NA
chr12	86658600	86660600	Vash1	5	8	3	6	1.6	2	5.5	0.487977185382671	0.0147706505297167
chr12	109522700	109524700	Meg3	6	3	9	4	-2	-2.25	5.5	NA	NA
chr13	3711800	3713800	Asb13	3	5	3	11	1.66666666666667	3.66666666666667	5.5	-0.364592395719258	0.0311481109513016
chr13	25569300	25571300	Nrsn1	11	5	4	2	-2.2	-2	5.5	NA	NA
chr13	54386700	54388700	Cplx2	6	3	9	4	-2	-2.25	5.5	0.010426586954003	0.897637441488536
chr13	59921900	59923900	Tut7	6	5	6	5	-1.2	-1.2	5.5	0.00450825810853209	0.938951748155984
chr13	74112900	74114900	Slc9a3	3	3	10	6	0	-1.66666666666667	5.5	1.11115524903215	NA
chr13	82316100	82318100	Mir3961	7	3	8	4	-2.33333333333333	-2	5.5	NA	NA
chr13	98647000	98649000	Tmem174	2	5	7	8	2.5	1.14285714285714	5.5	NA	NA
chr13	99579200	99581200	Map1b	6	6	6	4	0	-1.5	5.5	0.79161538522306	3.05500299256542e-102
chr14	57545900	57547900	Il17d	3	7	6	6	2.33333333333333	0	5.5	-0.593975780001845	0.00525681920336641
chr14	75444100	75446100	Siah3	2	6	6	8	3	1.33333333333333	5.5	NA	NA
chr14	99590100	99592100	Klf5	2	9	6	5	4.5	-1.2	5.5	-1.1932013496792	0.0424145355717907
chr16	21741100	21743100	Ehhadh	3	6	6	7	2	1.16666666666667	5.5	-0.116714100453135	0.724792429550906
chr16	42439900	42441900	Gap43	4	3	14	1	-1.33333333333333	-14	5.5	-2.01039041556785	0.596594573277906
chr18	60457700	60459700	Smim3	2	2	10	8	0	-1.25	5.5	-0.564696944020912	4.0855573957601e-07
chr19	15052100	15054100	Tle4	9	2	6	5	-4.5	-1.2	5.5	-0.544052453621555	0.000145770640479829
chr19	15339300	15341300	Psat1	9	5	1	7	-1.8	7	5.5	-0.179476016511667	0.013937319655596
chr19	25697900	25699900	Dmrt2	6	3	3	10	-2	3.33333333333333	5.5	NA	NA
chr19	57410600	57412600	Trub1	1	6	5	10	6	2	5.5	-0.388825635850663	2.64051736532054e-13
chr1	25032900	25034900	Adgrb3	8	2	7	4	-4	-1.75	5.25	0.46008588974019	0.401365422533333
chr1	72400400	72402400	Xrcc5	5	5	3	8	0	2.66666666666667	5.25	-0.320599616139097	7.77069684843129e-12
chr1	74226500	74228500	Arpc2	4	5	4	8	1.25	2	5.25	0.052585243597402	0.100905434892718
chr1	118824200	118827600	Mir6346	5	7	4	5	1.4	1.25	5.25	NA	NA
chr1	131045200	131047200	Mapkapk2	4	10	3	4	2.5	1.33333333333333	5.25	0.241868957243603	1.00624172073115e-10
chr1	132764900	132766900	Nfasc	3	1	7	10	-3	1.42857142857143	5.25	-2.23645102956955	0.616496369733802
chr1	169066200	169068200	Mir6354	6	5	6	4	-1.2	-1.5	5.25	NA	NA
chr1	181336100	181338100	Cnih3	8	3	5	5	-2.66666666666667	0	5.25	0.389856120805198	NA
chr1	185897800	185899800	Lyplal1	8	6	2	5	-1.33333333333333	2.5	5.25	0.604362674791424	3.57175594973973e-05
chr2	113923200	113925200	Arhgap11a	3	5	5	8	1.66666666666667	1.6	5.25	-1.29830474231788	6.67706270614461e-79
chr2	129383100	129385100	Il1b	7	3	4	7	-2.33333333333333	1.75	5.25	0.38982909723421	NA
chr2	169619900	169622500	Tshz2	7	7	3	4	0	1.33333333333333	5.25	NA	NA
chr2	178850000	178852000	Cdh26	8	1	6	6	-8	0	5.25	-2.01108229802012	1.79953550658525e-29
chr2	180436500	180438500	Slco4a1	7	5	5	4	-1.4	-1.25	5.25	NA	NA
chr2	180757800	180759800	Bhlhe23	4	4	10	3	0	-3.33333333333333	5.25	NA	NA
chr3	28224100	28226100	Tnik	7	7	3	4	0	1.33333333333333	5.25	2.74034869234641	0.000442363744160124
chr3	56235000	56237000	Nbea	7	3	6	5	-2.33333333333333	-1.2	5.25	-0.036510048340669	0.834483061000577
chr3	56457200	56459200	Nbea	6	4	5	6	-1.5	1.2	5.25	-0.036510048340669	0.834483061000577
chr3	102052800	102054800	Casq2	3	4	4	10	1.33333333333333	2.5	5.25	1.79704078737602	0.387515737978233
chr3	102979100	102981100	Sike1	5	3	3	10	-1.66666666666667	3.33333333333333	5.25	0.608888794745543	5.34215097416032e-10
chr3	142223200	142225200	Bmpr1b	4	3	6	8	-1.33333333333333	1.33333333333333	5.25	NA	NA
chr4	23513100	23515100	Mms22l	3	5	4	9	1.66666666666667	2.25	5.25	-1.23849939713032	1.93352770681512e-46
chr4	33594500	33596500	Mir8118	3	6	4	8	2	2	5.25	NA	NA
chr4	87730500	87732500	Mllt3	7	1	4	9	-7	2.25	5.25	-0.268074928208006	0.00450939461396921
chr4	100706400	100708400	Cachd1	3	5	7	6	1.66666666666667	-1.16666666666667	5.25	-1.24515309247476	1.09499281262818e-50
chr4	119665100	119667100	Guca2b	3	2	7	9	-1.5	1.28571428571429	5.25	NA	NA
chr4	124663100	124665800	Pou3f1	7	2	4	8	-3.5	2	5.25	1.11116310560845	NA
chr4	136966400	136968800	Epha8	4	5	2	10	1.25	5	5.25	4.46045001705481	6.25786972307084e-34
chr4	139974500	139979400	Klhdc7a	4	11	3	3	2.75	0	5.25	0.184853251290459	0.870397913798213
chr4	148414800	148418600	Ubiad1	8	7	4	2	-1.14285714285714	-2	5.25	-0.0328727741303414	0.742307082499639
chr4	149829700	149831700	Slc25a33	3	2	7	9	-1.5	1.28571428571429	5.25	0.112563125066336	0.445153095423007
chr4	153316700	153322200	Ajap1	6	7	2	6	1.16666666666667	3	5.25	NA	NA
chr5	73701000	73703000	Spata18	2	4	4	11	2	2.75	5.25	1.11116986148538	NA
chr5	105300600	105302600	Gbp6	5	9	4	3	1.8	-1.33333333333333	5.25	-2.2422073572539	1.26474275119206e-07
chr5	110826300	110828300	Hscb	4	7	6	4	1.75	-1.5	5.25	-0.5413580371534	6.74572982527875e-07
chr5	122091700	122093700	Myl2	3	5	7	6	1.66666666666667	-1.16666666666667	5.25	0.474934199688803	0.824053564738658
chr5	141201700	141203700	Sdk1	5	2	6	8	-2.5	1.33333333333333	5.25	1.11116986148538	NA
chr5	146911600	146913600	Gtf3a	3	4	6	8	1.33333333333333	1.33333333333333	5.25	-0.256516009558484	8.65739689985784e-07
chr6	22833300	22835300	Ptprz1	5	2	8	6	-2.5	-1.33333333333333	5.25	0.389828383733787	0.929941180541139
chr7	34869200	34871200	Pepd	4	3	4	10	-1.33333333333333	2.5	5.25	0.359899132194585	1.83477996574662e-07
chr7	46826700	46828700	Ldha	2	5	10	4	2.5	-2.5	5.25	0.0884048661188572	0.0638677938426604
chr7	62268400	62270400	Ndn	6	4	3	8	-1.5	2.66666666666667	5.25	NA	NA
chr7	80017700	80019700	Zfp710	6	6	2	7	0	3.5	5.25	-0.145621274746511	0.0719768542978933
chr7	100041100	100043700	Chrdl2	10	4	4	3	-2.5	-1.33333333333333	5.25	-0.331486073526418	0.894531762808765
chr7	144796400	144798400	Fgf3	6	7	5	3	1.16666666666667	-1.66666666666667	5.25	NA	NA
chr8	12009200	12011200	Tex29	5	5	8	3	0	-2.66666666666667	5.25	0.389822660639537	NA
chr8	89782100	89785000	Tox3	4	6	5	6	1.5	1.2	5.25	NA	NA
chr8	102552800	102554800	Cdh11	5	4	6	6	-1.25	0	5.25	-0.521962823819054	2.22794021894142e-93
chr9	15773800	15775800	Slc36a4	6	4	4	7	-1.5	1.75	5.25	0.333729294356649	4.66956400216904e-09
chr9	66294200	66296200	Dapk2	4	3	10	4	-1.33333333333333	-2.5	5.25	2.42495155282174	5.07158525859009e-09
chr10	9252700	9254700	Sash1	4	1	8	8	-4	0	5.25	0.105787675039639	0.0681389006328915
chr10	31294700	31296700	Hddc2	6	5	3	7	-1.2	2.33333333333333	5.25	-0.00139990460140816	0.989713592243513
chr10	125798100	125800100	Lrig3	12	2	3	4	-6	1.33333333333333	5.25	-1.26869808397792	2.84693231371608e-92
chr11	26814700	26816700	Vrk2	5	3	9	4	-1.66666666666667	-2.25	5.25	0.192861405849622	0.0293715552841832
chr11	43343900	43345900	Mir146	4	3	11	3	-1.33333333333333	-3.66666666666667	5.25	NA	NA
chr11	63214500	63216500	Pmp22	9	3	2	7	-3	3.5	5.25	-1.55712522034038	1.77228051043964e-228
chr11	82487000	82489000	Tmem132e	3	4	9	5	1.33333333333333	-1.8	5.25	NA	NA
chr11	84603900	84605900	Lhx1os	7	0	6	8	-Inf	1.33333333333333	5.25	-0.331477887569045	NA
chr11	93828400	93830600	Utp18	7	4	4	6	-1.75	1.5	5.25	-0.0328823619251704	0.66764851481525
chr11	98281440	98283440	Mir5119	5	4	9	3	-1.25	-3	5.25	NA	NA
chr11	107811700	107814600	Cacng4	5	4	7	5	-1.25	-1.4	5.25	0.154427726197974	0.929866718495707
chr11	111827400	111829400	Kcnj2	6	4	6	5	-1.5	-1.2	5.25	1.09542863559409	0.418007216166407
chr12	31227900	31229900	Lamb1	5	9	4	3	1.8	-1.33333333333333	5.25	-2.07443083457203	3.38744399897649e-296
chr13	34462400	34464400	Slc22a23	5	3	6	7	-1.66666666666667	1.16666666666667	5.25	0.444668374207174	0.252638030703003
chr13	40854700	40856700	Gcnt2	4	6	4	7	1.5	1.75	5.25	-1.07689725961766	0.104854206812031
chr13	50981000	50983000	Spin1	6	6	3	6	0	2	5.25	-0.275651174861848	2.04933466244781e-17
chr13	112227300	112229300	Ankrd55	4	4	9	4	0	-2.25	5.25	0.297827305771312	0.689347619835068
chr14	20047200	20049200	Saysd1	3	10	6	2	3.33333333333333	-3	5.25	0.989641051416846	3.78724713032693e-06
chr15	78266600	78269800	Ncf4	4	4	4	9	0	2.25	5.25	NA	NA
chr15	84777600	84779600	Arhgap8	5	1	6	9	-5	1.5	5.25	-2.959193609519	NA
chr16	97291900	97293900	Bace2	7	5	8	1	-1.4	-8	5.25	-3.68565088388763	0.0246375773126635
chr17	49951600	49953600	Kif6	3	5	6	7	1.66666666666667	1.16666666666667	5.25	-0.090593176600281	0.783349941085451
chr17	66480100	66482100	Rab12	8	5	6	2	-1.6	-3	5.25	-0.319342878033912	1.82702237740332e-13
chr17	72794500	72796500	Ypel5	8	4	5	4	-2	-1.25	5.25	0.487164184025558	1.85037265795631e-24
chr18	6530200	6532200	Epc1	2	9	5	5	4.5	0	5.25	0.262120655813531	0.012303063358134
chr18	53087700	53089700	Snx2	4	5	7	5	1.25	-1.4	5.25	0.389344947312088	6.67046677336233e-24
chr18	64849100	64851100	Nedd4l	5	7	5	4	1.4	-1.25	5.25	0.0975052085053737	0.603337665177091
chr19	49738700	49740700	Sorcs1	4	4	5	8	0	1.6	5.25	NA	NA
chr1	16171700	16173700	Rdh10	6	5	4	5	-1.2	1.25	5	0.22977212623622	0.0135781385712286
chr1	75565200	75567200	Slc4a3	5	3	7	5	-1.66666666666667	-1.4	5	-0.0874686438051045	0.577598872897727
chr1	128685200	128688400	Cxcr4	6	5	3	6	-1.2	2	5	-1.90477963938834	0.428282847086772
chr1	165717000	165719055	Rcsd1	4	7	4	5	1.75	1.25	5	-0.827990660625695	0.364204922252165
chr1	169458700	169460700	Nuf2	5	1	7	7	-5	0	5	-1.40918395672019	1.10049792901263e-103
chr1	186144500	186146500	Lyplal1	6	4	5	5	-1.5	0	5	0.604362674791424	3.57175594973973e-05
chr2	3822600	3824600	Fam107b	10	4	3	3	-2.5	0	5	-1.24060407539002	6.46021880321734e-147
chr2	12018300	12020300	Itga8	7	4	4	5	-1.75	1.25	5	-1.58364854684719	2.30828494651448e-105
chr2	29266000	29268000	Ntng2	2	7	3	8	3.5	2.66666666666667	5	0.440204639391596	8.54418112820614e-07
chr2	77351500	77353500	Sestd1	1	1	6	12	0	2	5	0.136316293723235	0.00595428291766045
chr2	79120300	79122300	Itga4	3	6	9	2	2	-4.5	5	-0.055985500202802	0.895258703920061
chr2	105426200	105428200	Rcn1	4	5	6	5	1.25	-1.2	5	0.461511034562381	3.07916810163294e-36
chr2	105516000	105518000	Rcn1	3	3	10	4	0	-2.5	5	0.461511034562381	3.07916810163294e-36
chr2	123349200	123351200	Sqor	3	8	0	9	2.66666666666667	Inf	5	-0.126859155827293	0.16893574750844
chr2	160450100	160452100	Mafb	8	6	3	3	-1.33333333333333	0	5	NA	NA
chr2	172269800	172271800	Mc3r	9	3	5	3	-3	-1.66666666666667	5	NA	NA
chr2	172738300	172741400	Tfap2c	5	4	7	4	-1.25	-1.75	5	-0.659589161793258	0.834342774372391
chr2	174752800	174754800	Edn3	8	4	4	4	-2	0	5	NA	NA
chr3	8683900	8686800	Hey1	3	10	4	3	3.33333333333333	-1.33333333333333	5	0.422862324252235	0.664627906022612
chr3	51348000	51350000	Elf2	1	3	6	10	3	1.66666666666667	5	0.191953815538503	1.35329550405278e-07
chr3	56697600	56699800	Nbea	6	5	5	4	-1.2	-1.25	5	-0.036510048340669	0.834483061000577
chr3	56954600	56956600	Tm4sf1	7	1	9	3	-7	-3	5	0.918009122716738	1.23183121268825e-34
chr3	70456400	70458400	Otol1	6	7	3	4	1.16666666666667	1.33333333333333	5	NA	NA
chr3	99842300	99844300	Spag17	2	4	5	9	2	1.8	5	NA	NA
chr3	101929000	101931000	Slc22a15	5	3	8	4	-1.66666666666667	-2	5	0.00058064989544248	0.997034619096501
chr3	104630500	104632500	Slc16a1	10	2	5	3	-5	-1.66666666666667	5	-0.138391281627211	0.0395807616839833
chr4	80891800	80893800	Lurap1l	6	6	2	6	0	3	5	-1.6105098539656	3.0997205442009e-40
chr4	125158000	125160000	Zc3h12a	4	7	1	8	1.75	8	5	-0.0702621173075082	0.710397279201051
chr4	127251400	127253400	Smim12	7	5	5	3	-1.4	-1.66666666666667	5	0.0574484910418066	0.58926530195502
chr4	148397000	148400600	Ubiad1	6	1	9	4	-6	-2.25	5	-0.0328727741303414	0.742307082499639
chr5	28002800	28004800	Insig1	4	7	7	2	1.75	-3.5	5	0.404180532613572	2.9402342826413e-31
chr5	35146400	35148400	Lrpap1	2	6	9	3	3	-3	5	-0.0355510797401883	0.57640359305516
chr5	119791300	119795000	Tbx5	4	3	10	3	-1.33333333333333	-3.33333333333333	5	NA	NA
chr5	119809984	119811984	Tbx5	3	6	7	4	2	-1.75	5	NA	NA
chr5	129760700	129762700	Nipsnap2	2	5	4	9	2.5	2.25	5	-0.0715953556496881	0.107087022534641
chr5	134857600	134859600	Tmem270	3	4	7	6	1.33333333333333	-1.16666666666667	5	NA	NA
chr5	134887100	134889100	Tmem270	6	6	0	8	0	Inf	5	NA	NA
chr7	55744000	55746000	Siglech	6	5	2	7	-1.2	3.5	5	-1.05297251177051	NA
chr7	109195600	109198000	Lmo1	6	7	2	5	1.16666666666667	2.5	5	0.38982909723421	NA
chr7	133491600	133493600	Tex36	3	1	11	5	-3	-2.2	5	-0.331477887569044	NA
chr7	139762000	139764000	Mir6401	8	0	5	7	-Inf	1.4	5	NA	NA
chr8	11914400	11916400	Tex29	3	6	5	6	2	1.2	5	0.389822660639537	NA
chr8	24487700	24489700	Tcim	4	5	6	5	1.25	-1.2	5	-3.09240733291087	0.00011771867956522
chr8	48980700	48982700	Tenm3	10	1	7	2	-10	-3.5	5	1.81788236357461	NA
chr8	62284000	62286000	Anxa10	9	2	6	3	-4.5	-2	5	NA	NA
chr8	83134300	83136300	Tbc1d9	8	5	2	5	-1.6	2.5	5	4.06677493509212	0.0286505310508862
chr8	89107300	89109300	Sall1	9	5	4	2	-1.8	-2	5	NA	NA
chr8	113854400	113856400	Adamts18	1	4	7	8	4	1.14285714285714	5	10.9868969779784	6.09105074979774e-26
chr9	57974700	57976700	Cyp11a1	5	3	6	6	-1.66666666666667	0	5	1.73495244925673	0.331107305266933
chr9	61537500	61540400	Tle3	7	2	5	6	-3.5	1.2	5	0.395863919096745	2.49038658844737e-25
chr9	115475900	115479100	Mir467h	3	6	3	8	2	2.66666666666667	5	NA	NA
chr9	121549500	121551500	Lyzl4os	6	5	6	3	-1.2	-2	5	NA	NA
chr10	19814400	19816400	Slc35d3	7	6	4	3	-1.16666666666667	-1.33333333333333	5	0.115949239546954	0.938383029200354
chr10	87446400	87448800	Ascl1	7	4	7	2	-1.75	-3.5	5	NA	NA
chr11	41531200	41533200	Gabrg2	7	2	7	4	-3.5	-1.75	5	NA	NA
chr11	103764300	103766300	Wnt3	4	5	5	6	1.25	1.2	5	0.38982909723421	NA
chr12	13208200	13210400	Ddx1	6	2	7	5	-3	-1.4	5	0.0756436453795206	0.222910054954096
chr12	27575100	27577100	Sox11	5	6	4	5	1.2	1.25	5	-2.43310846065906	8.6775222245999e-121
chr12	103361600	103363600	Asb2	6	3	3	8	-2	2.66666666666667	5	-0.90936701605426	0.0132295086709783
chr12	111133800	111135800	Traf3	4	5	5	6	1.25	1.2	5	-0.0780066611551795	0.324808929290919
chr13	15052300	15054300	Gli3	4	12	1	3	3	3	5	-0.770683682380758	2.78742591699668e-60
chr13	41707000	41709000	Adtrp	3	4	8	5	1.33333333333333	-1.6	5	NA	NA
chr13	43773300	43775300	Cd83	5	4	4	7	-1.25	1.75	5	NA	NA
chr13	43895100	43897100	Cd83	7	3	9	1	-2.33333333333333	-9	5	NA	NA
chr13	54384300	54386300	Cplx2	2	6	6	6	3	0	5	0.010426586954003	0.897637441488536
chr13	54837400	54839600	Tspan17	5	1	4	10	-5	2.5	5	-0.215882189807908	0.00502069996015553
chr13	73297800	73300800	Ndufs6	5	5	4	6	0	1.5	5	0.0696218703090532	0.36862558964645
chr13	95911500	95913500	Iqgap2	3	4	4	9	1.33333333333333	2.25	5	-0.819921945200145	0.0056529542390813
chr14	51902400	51904400	Ndrg2	2	5	9	4	2.5	-2.25	5	1.13585299981572	NA
chr14	55204400	55206400	Dhrs2	4	3	6	7	-1.33333333333333	1.16666666666667	5	NA	NA
chr14	57083300	57085300	Gjb2	6	5	2	7	-1.2	3.5	5	NA	NA
chr14	68056100	68058100	Nefl	5	6	8	1	1.2	-8	5	NA	NA
chr14	99577300	99581200	Klf5	4	1	11	4	-4	-2.75	5	-1.1932013496792	0.0424145355717907
chr14	103897000	103900900	Ednrb	8	9	1	2	1.125	2	5	0.38982909723421	NA
chr15	83764900	83766900	Mpped1	8	2	7	3	-4	-2.33333333333333	5	0.38982217574915	NA
chr15	84351600	84353600	Parvg	3	4	7	6	1.33333333333333	-1.16666666666667	5	-2.40165020568787	0.300911457113447
chr15	103061403	103063403	Hoxc4	4	8	3	5	2	1.66666666666667	5	-0.170783173989027	0.694154690507093
chr17	53247000	53249000	Efhb	5	4	6	5	-1.25	-1.2	5	0.00621066606078623	0.994743025054742
chr18	4036300	4038300	Lyzl1	6	3	6	5	-2	-1.2	5	NA	NA
chr18	13114900	13117900	Hrh4	5	8	1	6	1.6	6	5	NA	NA
chr18	34068900	34070900	Epb41l4a	1	7	3	9	7	3	5	0.0931461474871434	0.0680649682375586
chr18	57850000	57852000	Slc12a2	6	5	4	5	-1.2	1.25	5	-0.396166608038172	1.12885288645241e-14
chr18	74809500	74811500	Acaa2	6	7	4	3	1.16666666666667	-1.33333333333333	5	0.528601984614999	7.59864954834142e-14
chr19	14891200	14893200	Tle4	2	4	9	5	2	-1.8	5	-0.544052453621555	0.000145770640479829
chr19	24989800	24991800	Dock8	8	7	4	1	-1.14285714285714	-4	5	-0.474672636917675	0.0186696194548135
chr1	11329500	11331500	Prex2	8	1	6	4	-8	-1.5	4.75	-0.692461535415882	8.51963176652645e-05
chr1	16152500	16154500	Rdh10	2	8	4	5	4	1.25	4.75	0.22977212623622	0.0135781385712286
chr1	23425700	23427700	Ogfrl1	4	3	8	4	-1.33333333333333	-2	4.75	-0.246424320007053	0.0374402966164827
chr2	43072300	43074300	Lrp1b	4	5	7	3	1.25	-2.33333333333333	4.75	-0.911553475589272	0.726649901230218
chr2	49602300	49604300	Kif5c	8	3	6	2	-2.66666666666667	-3	4.75	-0.907181514991292	4.8474809956236e-16
chr2	82846900	82848900	Fsip2	6	3	7	3	-2	-2.33333333333333	4.75	NA	NA
chr2	83130400	83132400	Fsip2	5	2	5	7	-2.5	1.4	4.75	NA	NA
chr2	115860400	115862400	Meis2	7	8	2	2	1.14285714285714	0	4.75	-1.02674391001666	1.54950294548762e-50
chr2	139040600	139042600	Mir1952	6	3	6	4	-2	-1.5	4.75	NA	NA
chr2	157704600	157706600	Ctnnbl1	4	4	5	6	0	1.2	4.75	0.0674030894480453	0.246102932687854
chr2	174010800	174012800	Stx16	7	6	3	3	-1.16666666666667	0	4.75	-0.441211435857095	2.70249825298912e-17
chr2	174601400	174603400	Zfp831	5	4	2	8	-1.25	4	4.75	NA	NA
chr3	89695900	89697900	Adar	3	7	7	2	2.33333333333333	-3.5	4.75	-0.599961180711284	1.08459944296154e-10
chr3	102068600	102070600	Casq2	4	5	8	2	1.25	-4	4.75	1.79704078737602	0.387515737978233
chr3	123905400	123907400	Ndst3	5	3	7	4	-1.66666666666667	-1.75	4.75	-0.954160414164811	0.756776870984869
chr3	144009800	144011800	Lmo4	4	6	7	2	1.5	-3.5	4.75	0.11650891915437	0.0437801176973321
chr4	87328700	87330700	Slc24a2	10	4	3	2	-2.5	-1.5	4.75	NA	NA
chr4	148733600	148735600	Casz1	4	1	11	3	-4	-3.66666666666667	4.75	-1.43332655039461	0.24019763089137
chr5	73846100	73848100	Usp46	7	6	1	5	-1.16666666666667	5	4.75	-0.214013740215285	1.51434205802161e-05
chr5	76063000	76065000	Srd5a3	8	5	1	5	-1.6	5	4.75	-0.42776108066017	2.81613963008775e-09
chr5	90067300	90069300	Cox18	9	4	2	4	-2.25	2	4.75	-0.0197716031193486	0.887111870835148
chr5	100835500	100837500	Gpat3	6	6	6	1	0	-6	4.75	-0.412599230774422	0.0911540579473923
chr5	134894500	134896500	Tmem270	7	5	4	3	-1.4	-1.33333333333333	4.75	NA	NA
chr5	140401800	140403800	Snx8	1	7	6	5	7	-1.2	4.75	0.783393532174451	1.00992572089879e-36
chr6	135444300	135446300	Emp1	6	7	2	4	1.16666666666667	2	4.75	-0.311415474828728	9.20872143058745e-23
chr6	136240800	136242800	Grin2b	4	6	4	5	1.5	1.25	4.75	NA	NA
chr6	145663100	145665100	Tuba3b	5	2	5	7	-2.5	1.4	4.75	NA	NA
chr7	62230600	62232800	Ndn	7	2	8	2	-3.5	-4	4.75	NA	NA
chr7	99802100	99805700	Neu3	2	4	11	2	2	-5.5	4.75	-0.154757366593942	0.377118610052407
chr7	133493900	133495900	Tex36	5	3	9	2	-1.66666666666667	-4.5	4.75	-0.331477887569044	NA
chr7	135253200	135255200	Nps	7	2	7	3	-3.5	-2.33333333333333	4.75	-0.675695231552735	0.783000219818193
chr7	136822800	136824800	Mgmt	4	5	6	4	1.25	-1.5	4.75	-0.666957229716573	1.06576376186729e-13
chr8	11177700	11179700	Col4a1	2	5	5	7	2.5	1.4	4.75	-2.25525465383479	9.31696669018049e-291
chr8	94959200	94961200	Adgrg1	2	4	7	6	2	-1.16666666666667	4.75	-0.801360525021922	0.0791940813976342
chr8	117765500	117767500	Mphosph6	7	5	3	4	-1.4	1.33333333333333	4.75	0.754160862982237	3.43970522505237e-23
chr9	23010800	23012800	Bmper	5	7	1	6	1.4	6	4.75	3.15070307923307	1.60457217137931e-170
chr9	56829500	56831500	Odf3l1	7	7	2	3	0	1.5	4.75	6.2446613139439	3.32918717853333e-16
chr9	71595900	71597900	Myzap	2	4	8	5	2	-1.6	4.75	4.75215465954282	4.46198466286313e-64
chr9	74530100	74533100	Wdr72	7	5	4	3	-1.4	-1.33333333333333	4.75	-0.331498130331397	NA
chr9	78735100	78737100	Cd109	7	3	7	2	-2.33333333333333	-3.5	4.75	0.168170607699028	1.84368319311285e-05
chr9	86925000	86927000	Snap91	7	6	1	5	-1.16666666666667	5	4.75	6.78841988022027	1.98267556337336e-09
chr9	86949300	86951300	Ripply2	7	2	5	5	-3.5	0	4.75	NA	NA
chr9	110286500	110288500	Mir6236	3	1	8	7	-3	-1.14285714285714	4.75	4.01338789472039	0.0204087925372934
chr10	31271800	31273800	Hddc2	6	2	4	7	-3	1.75	4.75	-0.00139990460140816	0.989713592243513
chr10	44554400	44556400	Prdm1	7	3	3	6	-2.33333333333333	2	4.75	NA	NA
chr10	62246900	62248900	Tacr2	1	4	5	9	4	1.8	4.75	-0.143457202295677	0.966069103367694
chr10	87472500	87474500	Ascl1	4	7	3	5	1.75	1.66666666666667	4.75	NA	NA
chr11	63393100	63395100	Pmp22	3	7	6	3	2.33333333333333	-2	4.75	-1.55712522034038	1.77228051043964e-228
chr11	64599700	64601700	Hs3st3a1	3	2	9	5	-1.5	-1.8	4.75	0.333924309267176	0.850617866236285
chr11	83913300	83915300	Ddx52	4	2	7	6	-2	-1.16666666666667	4.75	0.397477304506375	4.92913131956335e-15
chr11	114566800	114569000	Rpl38	10	3	2	4	-3.33333333333333	2	4.75	0.266543602374562	1.25340027555663e-06
chr11	118940000	118942000	Rbfox3	5	6	6	2	1.2	-3	4.75	1.81788236357461	NA
chr12	109533970	109536600	Meg3	4	3	5	7	-1.33333333333333	1.4	4.75	NA	NA
chr13	54411300	54413300	Cplx2	3	5	5	6	1.66666666666667	1.2	4.75	0.010426586954003	0.897637441488536
chr13	57281300	57283300	Trpc7	4	7	2	6	1.75	3	4.75	-2.11159173151836	NA
chr13	90169300	90171300	Tmem167	4	6	7	2	1.5	-3.5	4.75	0.8924229446678	5.77571717493752e-88
chr14	63368600	63370800	Blk	6	5	5	3	-1.2	-1.66666666666667	4.75	1.83158158988702	0.583096616951306
chr14	68077300	68080100	Nefl	3	6	2	8	2	4	4.75	NA	NA
chr15	34685100	34687100	Nipal2	3	4	3	9	1.33333333333333	3	4.75	0.442577030172512	0.10598246384622
chr15	35286300	35288300	Osr2	2	6	5	6	3	1.2	4.75	-1.44296386335044	0.000900265543907637
chr15	95535600	95537600	Nell2	7	4	5	3	-1.75	-1.66666666666667	4.75	2.1392740942214	0.00351764472446227
chr15	100604600	100606600	Pou6f1	3	6	4	6	2	1.5	4.75	0.139887429330044	0.210194364479988
chr16	42395800	42397800	Gap43	4	5	6	4	1.25	-1.5	4.75	-2.01039041556785	0.596594573277906
chr18	38524200	38526200	Ndfip1	2	3	6	8	1.5	1.33333333333333	4.75	0.449129773212255	6.70143085317488e-27
chr18	53591100	53593100	Prdm6	9	7	2	1	-1.28571428571429	-2	4.75	NA	NA
chr18	56648700	56650700	Lmnb1	5	9	2	3	1.8	1.5	4.75	-1.81941390321606	6.01925473968723e-272
chr18	64771600	64773600	Atp8b1	5	10	4	0	2	-Inf	4.75	0.683287396626015	0.553711593995852
chr18	81900600	81904200	Mir5127	6	5	7	1	-1.2	-7	4.75	NA	NA
chr19	14888900	14890900	Tle4	7	2	6	4	-3.5	-1.5	4.75	-0.544052453621555	0.000145770640479829
chr1	4653200	4655200	Mrpl15	4	2	8	4	-2	-2	4.5	-0.155765126825398	0.011720056063592
chr1	12488600	12490600	Mir6341	3	7	2	6	2.33333333333333	3	4.5	NA	NA
chr1	15898800	15900800	Sbspon	5	3	5	5	-1.66666666666667	0	4.5	-2.24755537200693	0.453584828495343
chr1	19672800	19674800	Tfap2b	3	7	3	5	2.33333333333333	1.66666666666667	4.5	-0.316937568500869	9.70951406665226e-12
chr1	76574600	76576600	Mir6343	2	7	6	3	3.5	-2	4.5	NA	NA
chr1	91584700	91586700	Asb1	4	1	5	8	-4	1.6	4.5	0.236052848417399	0.0284257620466503
chr1	164473800	164476000	Atp1b1	1	5	5	7	5	1.4	4.5	1.36775653888869	0.290846206761985
chr1	186311300	186313300	Lyplal1	7	0	4	7	-Inf	1.75	4.5	0.604362674791424	3.57175594973973e-05
chr2	55817700	55819700	Kcnj3	4	5	5	4	1.25	-1.25	4.5	NA	NA
chr2	74929600	74931600	Mtx2	0	8	3	7	Inf	2.33333333333333	4.5	-0.229125209657048	0.00665860996754363
chr2	79240600	79242600	Itga4	5	3	4	6	-1.66666666666667	1.5	4.5	-0.055985500202802	0.895258703920061
chr2	122854200	122856400	Sqor	3	6	2	7	2	3.5	4.5	-0.126859155827293	0.16893574750844
chr2	122904400	122906400	Sqor	3	6	6	3	2	-2	4.5	-0.126859155827293	0.16893574750844
chr2	139220300	139222300	Sptlc3	5	3	9	1	-1.66666666666667	-9	4.5	NA	NA
chr2	143305500	143307500	Otor	1	3	8	6	3	-1.33333333333333	4.5	-1.31528026469904	2.66692126511144e-19
chr2	157505900	157507900	Src	1	4	11	2	4	-5.5	4.5	0.399532821815877	9.0431343422013e-14
chr2	172755500	172757500	Bmp7	8	3	1	6	-2.66666666666667	6	4.5	0.38982909723421	NA
chr2	178556900	178558900	Cdh26	5	2	3	8	-2.5	2.66666666666667	4.5	-2.01108229802012	1.79953550658525e-29
chr3	66649600	66651600	Shox2	8	3	3	4	-2.66666666666667	1.33333333333333	4.5	-0.456436975396725	4.38113075222337e-09
chr3	82235500	82237500	Gucy1a1	7	2	5	4	-3.5	-1.25	4.5	NA	NA
chr3	101963300	101965300	Slc22a15	5	1	6	6	-5	0	4.5	0.00058064989544248	0.997034619096501
chr3	102055800	102057800	Casq2	2	5	9	2	2.5	-4.5	4.5	1.79704078737602	0.387515737978233
chr3	127853100	127855100	Ap1ar	1	2	7	8	2	1.14285714285714	4.5	-0.353635977818148	1.90323752139536e-09
chr4	84172000	84174000	Bnc2	8	1	7	2	-8	-3.5	4.5	-0.772065819752711	0.175145477081026
chr4	86724300	86726300	Dennd4c	2	5	7	4	2.5	-1.75	4.5	0.492720186984243	5.04043033559905e-28
chr4	86954500	86956500	Acer2	3	1	7	7	-3	0	4.5	1.27223338979935	0.174670046446443
chr4	91236100	91238100	Elavl2	4	5	7	2	1.25	-3.5	4.5	NA	NA
chr4	110128500	110130500	Elavl4	9	4	1	4	-2.25	4	4.5	-0.331496640666812	NA
chr4	127288100	127290100	Gja4	2	3	10	3	1.5	-3.33333333333333	4.5	0.669655350937287	0.55079827386874
chr4	150739900	150741900	Slc45a1	5	8	3	2	1.6	-1.5	4.5	-0.917589366985628	NA
chr4	153540200	153543600	Ajap1	8	4	5	1	-2	-5	4.5	NA	NA
chr4	155968300	155970300	C1qtnf12	1	12	2	3	12	1.5	4.5	0.438744841232353	2.67373795518066e-13
chr5	35157800	35159800	Lrpap1	4	2	8	4	-2	-2	4.5	-0.0355510797401883	0.57640359305516
chr5	73739700	73741700	Spata18	10	6	1	1	-1.66666666666667	0	4.5	1.11116986148538	NA
chr5	73776400	73778400	Spata18	8	3	1	6	-2.66666666666667	6	4.5	1.11116986148538	NA
chr5	95945200	95947200	Cxcl13	4	3	8	3	-1.33333333333333	-2.66666666666667	4.5	NA	NA
chr5	120370500	120372500	Lhx5	4	3	4	7	-1.33333333333333	1.75	4.5	1.11116310560845	NA
chr5	133884200	133886200	Castor2	2	4	9	3	2	-3	4.5	0.209056003214195	0.000102413859044765
chr5	134875600	134877600	Tmem270	5	2	9	2	-2.5	-4.5	4.5	NA	NA
chr5	134950400	134952400	Cldn4	3	3	8	4	0	-2	4.5	NA	NA
chr5	134966500	134968500	Cldn3	6	3	4	5	-2	1.25	4.5	NA	NA
chr5	139549700	139551700	Uncx	0	6	5	7	Inf	1.4	4.5	NA	NA
chr6	107653300	107655300	Lrrn1	8	3	4	3	-2.66666666666667	-1.33333333333333	4.5	NA	NA
chr7	74239400	74241400	Slco3a1	8	1	4	5	-8	1.25	4.5	0.723898052076842	2.94493506195446e-20
chr7	99641700	99643700	Tpbgl	4	4	5	5	0	0	4.5	NA	NA
chr8	11911500	11913500	Tex29	7	4	3	4	-1.75	1.33333333333333	4.5	0.389822660639537	NA
chr8	23386000	23388000	Sfrp1	3	4	3	8	1.33333333333333	2.66666666666667	4.5	0.966245850827986	0.742519533641734
chr8	26384000	26386000	Thap1	5	7	6	0	1.4	-Inf	4.5	0.129935065984781	0.27847209783124
chr8	47460500	47462500	Stox2	3	2	8	5	-1.5	-1.6	4.5	2.06003282609958	0.0126128978349524
chr8	56832200	56834200	Fbxo8	0	8	5	5	Inf	0	4.5	0.454441387272266	2.16867549632333e-06
chr9	34426400	34428400	Kirrel3	4	6	4	4	1.5	0	4.5	-0.0181270801178983	0.976268219717864
chr9	43491700	43493700	Trim29	5	1	3	9	-5	3	4.5	1.09897593447325	0.7513204539209
chr9	43921200	43923200	Thy1	8	1	5	4	-8	-1.25	4.5	-2.01858188563633	0.00556149572008186
chr9	56563100	56565100	Lingo1	7	3	5	3	-2.33333333333333	-1.66666666666667	4.5	-0.4827196880132	0.486783693420286
chr9	61697300	61699300	Rplp1	4	2	5	7	-2	1.4	4.5	0.143305299081441	0.00535458617079333
chr10	20901900	20903900	Ahi1	3	2	7	6	-1.5	-1.16666666666667	4.5	0.38209103031575	4.8474809956236e-16
chr10	44986300	44988300	Prep	7	1	6	4	-7	-1.5	4.5	-0.630769757631961	3.90204403085958e-75
chr11	24282100	24284100	Bcl11a	2	7	3	6	3.5	2	4.5	NA	NA
chr11	50506200	50508200	Rufy1	9	5	3	1	-1.8	-3	4.5	0.393295875641403	9.54932888102944e-08
chr11	107832600	107834600	Cacng4	2	5	4	7	2.5	1.75	4.5	0.154427726197974	0.929866718495707
chr13	12165400	12167400	Mtr	3	3	9	3	0	-3	4.5	-0.0806123266458678	0.362748341211612
chr13	37750600	37752600	Rreb1	7	5	4	2	-1.4	-2	4.5	0.483487415181379	2.97410439768388e-09
chr13	44626000	44628000	Jarid2	5	5	4	4	0	0	4.5	0.926316158191313	1.5454541913085e-23
chr13	46443200	46445200	Rbm24	5	6	4	3	1.2	-1.33333333333333	4.5	NA	NA
chr13	56691200	56693200	Smad5	7	1	3	7	-7	2.33333333333333	4.5	0.441395055512552	7.50392295021428e-34
chr13	99537400	99539400	Map1b	2	6	5	5	3	0	4.5	0.79161538522306	3.05500299256542e-102
chr14	60398200	60400200	Amer2	6	9	3	0	1.5	-Inf	4.5	NA	NA
chr14	78059500	78061500	Fam216b	3	5	6	4	1.66666666666667	-1.5	4.5	NA	NA
chr15	7623400	7625400	Gdnf	2	7	3	6	3.5	2	4.5	-1.94227825753243	4.28893171472197e-08
chr15	85183400	85185400	Fbln1	1	2	6	9	2	1.5	4.5	NA	NA
chr16	7796700	7798700	Rbfox1	4	4	9	1	0	-9	4.5	NA	NA
chr17	55366500	55368500	St6gal2	6	1	5	6	-6	1.2	4.5	NA	NA
chr17	66324800	66326800	Mtcl1	6	3	2	7	-2	3.5	4.5	-0.600158603936429	6.61289134318564e-05
chr17	73770300	73772300	Ehd3	3	4	4	7	1.33333333333333	1.75	4.5	1.52107457079193	9.76021840619465e-159
chr18	4007300	4010000	Lyzl1	3	3	5	7	0	1.4	4.5	NA	NA
chr18	20552200	20555000	Dsg2	3	7	4	4	2.33333333333333	0	4.5	0.0514203234896021	0.978881151527479
chr1	13004300	13006300	Slco5a1	5	5	3	4	0	1.33333333333333	4.25	NA	NA
chr1	42256800	42259354	Pantr1	4	2	6	5	-2	-1.2	4.25	NA	NA
chr1	75723900	75725900	Slc4a3	8	0	7	2	-Inf	-3.5	4.25	-0.0874686438051045	0.577598872897727
chr1	75888300	75891200	Slc4a3	6	4	2	5	-1.5	2.5	4.25	-0.0874686438051045	0.577598872897727
chr1	75925100	75927100	Slc4a3	4	2	8	3	-2	-2.66666666666667	4.25	-0.0874686438051045	0.577598872897727
chr1	77101600	77103600	Epha4	6	3	7	1	-2	-7	4.25	-1.41594564995039	2.57435581741875e-44
chr1	91632400	91634400	Asb1	5	2	6	4	-2.5	-1.5	4.25	0.236052848417399	0.0284257620466503
chr1	128682000	128684000	Cxcr4	1	4	6	6	4	0	4.25	-1.90477963938834	0.428282847086772
chr1	160843900	160845900	Rabgap1l	2	6	5	4	3	-1.25	4.25	-0.392504660808816	1.27180226907374e-05
chr1	167181100	167183100	Uck2	0	5	5	7	Inf	1.4	4.25	-1.17788184464117	2.30817021921058e-59
chr1	172617300	172619300	Dusp23	5	2	5	5	-2.5	0	4.25	0.208070879766671	0.0563681653489503
chr2	149817300	149819300	Syndig1	6	3	5	3	-2	-1.66666666666667	4.25	NA	NA
chr2	157536200	157538200	Blcap	2	12	1	2	6	2	4.25	-0.195347019665968	5.79396742532086e-05
chr3	34965600	34967600	Mir6378	4	5	5	3	1.25	-1.66666666666667	4.25	NA	NA
chr3	57918143	57920143	Pfn2	2	3	6	6	1.5	0	4.25	-0.314585174149516	7.35721955231694e-06
chr3	70307300	70309300	Otol1	9	0	5	3	-Inf	-1.66666666666667	4.25	NA	NA
chr3	105405100	105407100	Kcnd3os	7	1	6	3	-7	-2	4.25	NA	NA
chr3	149092700	149094700	Adgrl2	3	2	8	4	-1.5	-2	4.25	-0.837327651478618	2.8034470291173e-115
chr4	23786600	23788600	Mms22l	7	3	1	6	-2.33333333333333	6	4.25	-1.23849939713032	1.93352770681512e-46
chr4	49559600	49561600	Aldob	5	2	7	3	-2.5	-2.33333333333333	4.25	-2.01612658518912	0.526199143502384
chr4	110199900	110201900	Elavl4	4	1	5	7	-4	1.4	4.25	-0.331496640666812	NA
chr4	119012300	119014300	Lao1	4	4	8	1	0	-8	4.25	NA	NA
chr4	136925600	136927600	C1qa	5	3	2	7	-1.66666666666667	3.5	4.25	NA	NA
chr4	142097100	142099100	Tmem51os1	3	2	6	6	-1.5	0	4.25	1.36197462353576	0.545824556793643
chr5	35164900	35166900	Lrpap1	3	5	3	6	1.66666666666667	2	4.25	-0.0355510797401883	0.57640359305516
chr5	85570700	85572700	Cenpc1	8	4	3	2	-2	-1.5	4.25	-0.353691745657652	2.54312574110146e-07
chr5	120005100	120007100	Rbm19	3	2	4	8	-1.5	2	4.25	-0.268575131220384	0.00319718597998221
chr5	120279800	120282400	Rbm19	7	5	3	2	-1.4	-1.5	4.25	-0.268575131220384	0.00319718597998221
chr6	13287600	13289600	Vwde	5	2	3	7	-2.5	2.33333333333333	4.25	NA	NA
chr6	55443400	55445400	Adcyap1r1	3	3	6	5	0	-1.2	4.25	NA	NA
chr6	135440700	135442700	Emp1	7	1	3	6	-7	2	4.25	-0.311415474828728	9.20872143058745e-23
chr7	30705900	30707900	Atp4a	8	2	4	3	-4	-1.33333333333333	4.25	-1.59001793665114	NA
chr7	34846700	34848700	Chst8	4	3	2	8	-1.33333333333333	4	4.25	-0.218717269325951	0.572503317063081
chr7	35663400	35665400	Pdcd5	2	5	2	8	2.5	4	4.25	-0.180276799762155	0.00117534378692269
chr7	37091300	37093300	Tshz3	10	2	5	0	-5	-Inf	4.25	-0.0212886765562017	0.835625980215793
chr7	78880300	78882300	Mir7-2	2	2	7	6	0	-1.16666666666667	4.25	NA	NA
chr7	79575384	79577384	Rhcg	5	5	3	4	0	1.33333333333333	4.25	NA	NA
chr7	97745800	97747800	Aqp11	2	8	2	5	4	2.5	4.25	-1.73364991228487	2.8060506609515e-08
chr8	24363800	24365800	Tcim	4	7	4	2	1.75	-2	4.25	-3.09240733291087	0.00011771867956522
chr8	89955900	89957900	Tox3	7	4	2	4	-1.75	2	4.25	NA	NA
chr8	91967600	91969600	Irx3	2	6	5	4	3	-1.25	4.25	-0.377364999668108	3.88531280852058e-12
chr11	64277300	64279300	Hs3st3a1	6	1	7	3	-6	-2.33333333333333	4.25	0.333924309267176	0.850617866236285
chr11	64288000	64290000	Hs3st3a1	4	2	7	4	-2	-1.75	4.25	0.333924309267176	0.850617866236285
chr12	26532800	26535800	Cmpk2	3	2	6	6	-1.5	0	4.25	-2.69153565789485	0.0592801911840659
chr13	25450800	25452800	Nrsn1	6	0	8	3	-Inf	-2.66666666666667	4.25	NA	NA
chr13	43536300	43538300	Mcur1	6	4	1	6	-1.5	6	4.25	0.768585606904739	2.0362007165042e-55
chr13	44607900	44609900	Jarid2	9	6	1	1	-1.5	0	4.25	0.926316158191313	1.5454541913085e-23
chr13	46040500	46044500	Atxn1	5	3	3	6	-1.66666666666667	2	4.25	-0.112736217528063	0.200296372035313
chr13	59387000	59389000	Agtpbp1	6	4	5	2	-1.5	-2.5	4.25	0.278809487867618	0.0107201401481991
chr13	73304200	73306800	Ndufs6	6	0	4	7	-Inf	1.75	4.25	0.0696218703090532	0.36862558964645
chr13	96168200	96170200	Sv2c	3	3	3	8	0	2.66666666666667	4.25	1.18499334541074	0.413984286834464
chr13	96174700	96176700	Sv2c	5	6	5	1	1.2	-5	4.25	1.18499334541074	0.413984286834464
chr13	115187700	115189700	Itga1	3	5	6	3	1.66666666666667	-2	4.25	-1.4114898674291	4.29225015676774e-157
chr14	20033700	20035700	Saysd1	5	4	1	7	-1.25	7	4.25	0.989641051416846	3.78724713032693e-06
chr14	60401700	60403700	Amer2	5	1	4	7	-5	1.75	4.25	NA	NA
chr14	63365300	63367300	Blk	4	8	5	0	2	-Inf	4.25	1.83158158988702	0.583096616951306
chr14	65906700	65908700	Scara3	7	3	5	2	-2.33333333333333	-2.5	4.25	0.396196465364623	4.12853059390718e-18
chr14	66499100	66501100	Adra1a	1	4	4	8	4	2	4.25	1.11116986148538	NA
chr14	78203300	78205300	Mir1971	8	4	2	3	-2	1.5	4.25	NA	NA
chr14	98173700	98175700	Dach1	5	3	8	1	-1.66666666666667	-8	4.25	NA	NA
chr14	103416700	103418700	Mycbp2	2	6	7	2	3	-3.5	4.25	0.0966372284926264	0.101156315245916
chr15	79476300	79478300	Csnk1e	9	0	5	3	-Inf	-1.66666666666667	4.25	-0.0537882207196984	0.369973532074825
chr15	85297400	85299400	Fbln1	2	3	6	6	1.5	0	4.25	NA	NA
chr15	94180900	94182900	Adamts20	6	3	1	7	-2	7	4.25	-2.62502515664329	0.38991385294709
chr16	91333600	91335600	Ifnar2	4	5	1	7	1.25	7	4.25	0.122966750863343	0.0274619314947293
chr18	36471500	36473500	Pfdn1	5	4	2	6	-1.25	3	4.25	-0.129615374372059	0.0529314097187621
chr19	19343100	19345100	Rorb	3	4	5	5	1.33333333333333	0	4.25	-1.63892914913596	NA
chr1	42504700	42506700	Pantr1	4	2	3	7	-2	2.33333333333333	4	NA	NA
chr1	151006600	151008600	Hmcn1	3	1	6	6	-3	0	4	1.25699580063181	0.00139276391203342
chr1	169138700	169140700	Mir6354	6	4	2	4	-1.5	2	4	NA	NA
chr1	182674600	182676600	Ccdc185	7	2	0	7	-3.5	Inf	4	NA	NA
chr2	38394400	38396400	Lhx2	2	0	6	8	-Inf	1.33333333333333	4	-1.55322509580608	0.0867571440085667
chr2	129902600	129904600	Stk35	5	4	2	5	-1.25	2.5	4	-0.484274340811838	1.82846244049001e-15
chr2	178784400	178786400	Cdh26	4	5	4	3	1.25	-1.33333333333333	4	-2.01108229802012	1.79953550658525e-29
chr2	178840400	178843200	Cdh26	7	2	6	1	-3.5	-6	4	-2.01108229802012	1.79953550658525e-29
chr3	9665300	9667300	Pag1	6	2	4	4	-3	0	4	-0.259334207180845	0.0301578904531809
chr3	53701800	53703800	Frem2	11	0	4	1	-Inf	-4	4	NA	NA
chr3	102023800	102026000	Nhlh2	5	3	5	3	-1.66666666666667	-1.66666666666667	4	NA	NA
chr3	102048600	102050600	Casq2	4	4	5	3	0	-1.66666666666667	4	1.79704078737602	0.387515737978233
chr3	107127700	107129700	Kcna2	6	3	2	5	-2	2.5	4	-1.65454097133246	NA
chr3	133614400	133616400	Tet2	0	5	5	6	Inf	1.2	4	0.285414122387801	0.0425428991768809
chr3	139169200	139171200	Stpg2	4	4	6	2	0	-3	4	NA	NA
chr4	119669400	119671400	Guca2b	3	4	3	6	1.33333333333333	2	4	NA	NA
chr4	124047500	124049500	Rragc	6	2	0	8	-3	Inf	4	0.524831734280967	2.90094212524669e-39
chr4	140010800	140012800	Klhdc7a	4	1	6	5	-4	-1.2	4	0.184853251290459	0.870397913798213
