gene	AtoB_rep1	AtoB_rep2	AtoB_rep3	AtoB_rep4	BtoA_rep1	BtoA_rep2	BtoA_rep3	BtoA_rep4
Ascl1	53.5243062574069	56.6710286731991	51.1124151896731	53.7171370652407	49.2577575933421	48.5363427081095	49.1022937486806	46.122716471186
Ctcfl	78.7716205297686	83.0523696072746	77.6515538458495	80.575705597861	80.6988794614329	82.9162521263537	78.1628349468792	82.218755448636
Dnmt1	66.652909679035	65.4648089845576	60.9417258030718	59.472544607945	61.8342063405784	60.6704283851369	58.1210823963974	58.1547294636693
E2f1	92.9101165222912	104.54827703504	86.4979333979083	103.597335768678	95.3714029998752	109.206771093246	91.1899741046925	111.296120180471
E2f4	94.9299016640801	111.387883943874	90.4296576432678	110.311977901834	99.5635525822873	114.262640125341	96.2004122423129	115.306791177965
E2f6	71.7023725335073	77.1898493997022	67.8222432324509	72.9018288742552	69.1704681097996	74.8268616750021	66.1377834165901	74.1974134536471
E2f7	76.7518353879797	85.0065430097987	72.7368985391502	83.4534093692132	81.7469168570359	93.0279901905432	79.1649225744033	92.245432942372
Ehf	52.5144136865124	58.6252020757232	52.095346251013	52.7579024747899	69.1704681097996	87.9721211584485	68.1419586716383	86.2294264461304
Elf5	48.4748434029345	49.8314217643647	49.1465530669934	46.0432603416349	67.0743933185935	83.9274259327727	66.1377834165901	81.2160876992623
Fezf1	53.5243062574069	56.6710286731991	54.0612083736927	57.5540754270436	49.2577575933421	50.5586903209474	52.1085566312528	50.1333874686805
Fezf2	53.5243062574069	56.6710286731991	54.0612083736927	57.5540754270436	49.2577575933421	50.5586903209474	52.1085566312528	50.1333874686805
Foxh1	56.5539839700903	71.3273291921299	54.0612083736927	70.9833596933537	51.3538323845482	46.5139950952716	51.1064690037287	48.1280519699332
Foxq1	56.5539839700903	52.7626818681509	56.0270704963724	57.5540754270436	45.06560801093	41.4581260631769	47.0981184936324	40.1067099749444
Jrkl	52.5144136865124	61.5564621795094	51.1124151896731	59.472544607945	52.4018697801512	48.5363427081095	49.1022937486806	47.1253842205596
Klf10	78.7716205297686	86.9607164123228	73.7198296004901	87.2903477310161	76.5067298790208	84.9385997391916	73.1523968092588	84.2240909473832
Klf11	101.999149660341	119.204577553971	94.3613818886273	117.985854625439	104.803739560302	124.374378189531	101.210850379933	127.338804170448
Klf12	120.177215936442	155.356785500667	118.934658422124	159.232942014821	117.380188307539	142.575506705072	114.237989537747	148.394826907294
Klf15	70.6924799626129	77.1898493997022	66.839312171111	75.7795326456074	74.4106550878147	80.8939045135158	71.1482215542106	80.2134199498887
Klf3	85.8408685260299	96.7315834249433	80.6003470298691	95.9234590450726	85.939066439448	97.072685416219	82.1711854569756	97.2587716892401
Klf5	81.801298242452	93.8003233211572	76.6686227845097	92.0865206832697	85.939066439448	99.0950330290569	83.1732730844997	100.266774937361
Klf7	113.107967940181	142.65465838426	110.088278870065	143.885188567609	115.284113516333	139.541985285815	112.233814282698	144.3841559098
Obox3	62.6133393954571	62.5335488807714	60.9417258030718	58.5133100174943	42.969533219724	39.435778450339	43.089767983536	38.1013744761972
Obox5	62.6133393954571	63.5106355820335	62.9075879257515	57.5540754270436	38.7773836373119	35.3910832246632	41.0855927284878	34.0907034787027
Obox7	62.6133393954571	63.5106355820335	62.9075879257515	57.5540754270436	38.7773836373119	35.3910832246632	41.0855927284878	34.0907034787027
Otx1	64.6331245372461	66.4418956858196	62.9075879257515	62.3502483792972	41.921495824121	36.4022570310821	42.0876803560119	36.0960389774499
Patz1	86.8507610969244	102.594103632516	82.5662091525489	101.678866587777	92.2272908130661	109.206771093246	88.1837112221202	111.296120180471
Pitx2	60.5935542536682	62.5335488807714	58.9758636803921	57.5540754270436	49.2577575933421	47.5251689016906	50.1043813762046	48.1280519699332
Prdm16	48.4748434029345	46.9001616605786	48.1636220056535	47.9617295225363	56.5940193625633	56.6257331594611	55.1148195138251	57.1520617142957
Rest	60.5935542536682	59.6022887769853	55.0441394350326	59.472544607945	54.4979445713573	54.6033855466232	52.1085566312528	53.1413907168013
Sall4	64.6331245372461	69.3731557896058	61.9246568644117	67.1464213315508	64.9783185273875	71.7933402557453	62.1294329064938	72.1920779548999
Snai2	52.5144136865124	56.6710286731991	51.1124151896731	55.6356062461421	47.1616828021361	45.5028212888527	48.1002061211565	42.1120454736916
Sp2	79.7815131006631	85.9836297110607	74.7027606618299	83.4534093692132	74.4106550878147	79.8827307070969	71.1482215542106	79.2107522005151
Sp4	97.9595793767636	116.273317450184	92.3955197659475	115.108150854087	105.851776955905	125.38555199595	102.212938007457	129.344139669196
Sp5	67.6628022499295	72.304415893392	63.8905189870914	70.9833596933537	71.2665429010056	77.860383094259	69.1440462991624	77.2054167017679
Sp8	88.8705462387133	103.571190333778	85.5150023365685	103.597335768678	99.5635525822873	119.318509157436	97.202499869837	123.328133172954
Sp9	96.9496868058691	114.31914404766	91.4125887046077	115.108150854087	105.851776955905	125.38555199595	103.215025634982	129.344139669196
Tcf12	49.484735973829	49.8314217643647	48.1636220056535	48.920964112987	50.3057949889452	50.5586903209474	50.1043813762046	48.1280519699332
Tcf4	49.484735973829	47.8772483618406	49.1465530669934	49.8801987034378	48.2097201977391	47.5251689016906	47.0981184936324	46.122716471186
Tfap2b	64.6331245372461	65.4648089845576	59.9587947417319	65.2279521506494	58.6900941537693	59.6592545787179	57.1189947688733	60.1600649624166
Tfap2e	63.6232319663516	62.5335488807714	57.9929326190522	63.3094829697479	59.7381315493724	61.6816021915558	58.1210823963974	62.1654004611638
Thra	45.4451656902511	43.9689015567924	47.1806909443136	45.0840257511841	47.1616828021361	44.4916474824337	46.0960308661083	45.1200487218124
Tigd2	52.5144136865124	61.5564621795094	51.1124151896731	59.472544607945	52.4018697801512	48.5363427081095	49.1022937486806	47.1253842205596
Ubp1	57.5638765409848	67.4189823870817	57.9929326190522	66.1871867411001	52.4018697801512	49.5475165145285	49.1022937486806	49.1307197193069
Zbtb17	73.7221576752963	80.1211095034884	68.8051742937907	77.6980018265088	74.4106550878147	79.8827307070969	70.1461339266865	79.2107522005151
Zbtb2	57.5638765409848	77.1898493997022	61.9246568644117	70.9833596933537	60.7861689449754	64.7151236108127	59.1231700239215	66.1760714586582
Zbtb37	63.6232319663516	59.6022887769853	59.9587947417319	59.472544607945	61.8342063405784	62.6927759979748	60.1252576514456	62.1654004611638
Zeb2	52.5144136865124	51.7855951668888	50.1294841283332	52.7579024747899	44.017570615327	42.4692998695958	45.0939432385842	40.1067099749444
Zfp64	65.6430171081405	65.4648089845576	60.9417258030718	61.3910137888465	56.5940193625633	53.5922117402042	54.112731886301	52.1387229674277
Zfp740	58.5737691118792	65.4648089845576	57.0100015577123	64.2687175601987	59.7381315493724	65.7262974172316	58.1210823963974	62.1654004611638
Zfx	76.7518353879797	83.0523696072746	71.7539674778103	77.6980018265088	67.0743933185935	67.7486450300695	63.1315205340178	67.1787392080318
Bcl11a	50.4946285447235	51.7855951668888	52.095346251013	54.6763716556914	54.4979445713573	56.6257331594611	55.1148195138251	55.1467262155485
Ctcf	61.6034468245627	56.6710286731991	63.8905189870914	58.5133100174943	85.939066439448	93.0279901905432	91.1899741046925	94.2507684411193
ENSMUSG00000098546	67.6628022499295	80.1211095034884	66.839312171111	75.7795326456074	59.7381315493724	64.7151236108127	56.1169071413492	62.1654004611638
Ebf1	53.5243062574069	49.8314217643647	50.1294841283332	51.7986678843392	58.6900941537693	60.6704283851369	58.1210823963974	61.1627327117902
Ebf2	53.5243062574069	49.8314217643647	50.1294841283332	51.7986678843392	58.6900941537693	60.6704283851369	58.1210823963974	61.1627327117902
Ebf3	53.5243062574069	49.8314217643647	50.1294841283332	51.7986678843392	58.6900941537693	60.6704283851369	58.1210823963974	61.1627327117902
Ebf4	53.5243062574069	49.8314217643647	50.1294841283332	51.7986678843392	58.6900941537693	60.6704283851369	58.1210823963974	61.1627327117902
Egr1	94.9299016640801	106.502450437564	87.4808644592482	104.556570359129	80.6988794614329	88.9832949648674	76.1586596918311	89.2374296942512
Egr4	75.7419428170852	85.0065430097987	69.7881053551306	84.4126439596639	79.6508420658298	91.0056425777053	78.1628349468792	89.2374296942512
Figla	52.5144136865124	52.7626818681509	51.1124151896731	53.7171370652407	53.4499071757542	53.5922117402042	54.112731886301	52.1387229674277
Foxi1	140.375067354331	167.081825915811	127.781037974183	168.825287919328	129.956637054775	154.709592382099	124.258865812988	162.432175398525
Glis1	64.6331245372461	72.304415893392	67.8222432324509	71.9425942838045	56.5940193625633	55.6145593530421	53.1106442587769	54.1440584661749
Klf16	98.969471947658	116.273317450184	94.3613818886273	117.985854625439	103.755702164699	122.352030576693	101.210850379933	126.336136421075
Klf6	79.7815131006631	88.9148898148469	74.7027606618299	88.2495823214668	78.6028046702268	86.9609473520295	75.156572064307	87.232094195504
Maz	64.6331245372461	69.3731557896058	60.9417258030718	68.1056559220016	67.0743933185935	71.7933402557453	64.1336081615419	71.1894102055263
Mesp1	47.4649508320401	50.8085084656268	49.1465530669934	51.7986678843392	42.969533219724	40.4469522567579	42.0876803560119	38.1013744761972
Mesp2	47.4649508320401	50.8085084656268	49.1465530669934	51.7986678843392	42.969533219724	40.4469522567579	42.0876803560119	38.1013744761972
Mxd1	61.6034468245627	78.1669361009643	62.9075879257515	75.7795326456074	62.8822437361814	68.7598188364885	62.1294329064938	67.1787392080318
Mxi1	61.6034468245627	78.1669361009643	62.9075879257515	75.7795326456074	62.8822437361814	68.7598188364885	62.1294329064938	67.1787392080318
Nfix	56.5539839700903	88.9148898148469	68.8051742937907	94.0049898641712	59.7381315493724	81.9050783199348	67.1398710441142	81.2160876992623
Nr3c1	44.4352731193567	42.9918148555304	44.231897760294	46.0432603416349	46.1136454065331	46.5139950952716	47.0981184936324	47.1253842205596
Nrf1	80.7914056715576	85.0065430097987	74.7027606618299	84.4126439596639	93.2753282086691	126.396725802368	99.2066751248852	123.328133172954
Pax1	49.484735973829	50.8085084656268	48.1636220056535	50.8394332938885	60.7861689449754	63.7039498043937	62.1294329064938	64.170735959911
Pax9	47.4649508320401	47.8772483618406	46.1977598829738	50.8394332938885	64.9783185273875	67.7486450300695	66.1377834165901	69.184074706779
Pgr	42.4154879775677	41.0376414530063	43.2489666989542	43.1655565702827	48.2097201977391	46.5139950952716	48.1002061211565	47.1253842205596
Plagl1	65.6430171081405	64.4877222832955	59.9587947417319	62.3502483792972	59.7381315493724	57.63690696588	55.1148195138251	54.1440584661749
Plagl2	70.6924799626129	69.3731557896058	64.8734500484313	70.9833596933537	56.5940193625633	54.6033855466232	52.1085566312528	54.1440584661749
Prdm5	56.5539839700903	57.6481153744612	52.095346251013	54.6763716556914	53.4499071757542	55.6145593530421	53.1106442587769	56.1493939649221
Prdm9	49.484735973829	44.9459882580545	47.1806909443136	45.0840257511841	52.4018697801512	48.5363427081095	51.1064690037287	49.1307197193069
Rreb1	56.5539839700903	58.6252020757232	54.0612083736927	58.5133100174943	54.4979445713573	56.6257331594611	53.1106442587769	55.1467262155485
Smad9	51.504521115618	51.7855951668888	50.1294841283332	50.8394332938885	51.3538323845482	51.5698641273663	50.1043813762046	50.1333874686805
Sp1	100.989257089447	120.181664255233	95.3443129499671	119.904323806341	110.043926538318	130.441421028044	106.221288517554	134.357478416064
Sp3	81.801298242452	90.869063217371	76.6686227845097	89.2088169119175	79.6508420658298	87.9721211584485	76.1586596918311	87.232094195504
Tcf3	52.5144136865124	50.8085084656268	51.1124151896731	50.8394332938885	46.1136454065331	44.4916474824337	46.0960308661083	43.1147132230652
Tcfcp2l1	55.5440913991958	50.8085084656268	51.1124151896731	49.8801987034378	54.4979445713573	54.6033855466232	52.1085566312528	54.1440584661749
Tfap2a	61.6034468245627	60.5793754782473	57.9929326190522	58.5133100174943	63.9302811317845	63.7039498043937	61.1273452789697	64.170735959911
Tfap2c	68.6726948208239	73.281502594654	64.8734500484313	70.024125102903	64.9783185273875	65.7262974172316	62.1294329064938	65.1734037092846
Tfap2d	61.6034468245627	60.5793754782473	57.9929326190522	58.5133100174943	63.9302811317845	63.7039498043937	61.1273452789697	64.170735959911
Vezf1	67.6628022499295	80.1211095034884	66.839312171111	75.7795326456074	59.7381315493724	64.7151236108127	56.1169071413492	62.1654004611638
Wt1	68.6726948208239	74.2585892959161	64.8734500484313	71.9425942838045	70.2185055054026	74.8268616750021	66.1377834165901	73.1947457042735
Zbtb1	52.5144136865124	53.739768569413	56.0270704963724	48.920964112987	52.4018697801512	49.5475165145285	51.1064690037287	48.1280519699332
Zbtb6	59.5836616827737	58.6252020757232	54.0612083736927	54.6763716556914	60.7861689449754	60.6704283851369	57.1189947688733	61.1627327117902
Zfp212	49.484735973829	47.8772483618406	47.1806909443136	47.0024949320856	51.3538323845482	51.5698641273663	51.1064690037287	51.1360552180541
Zfp263	47.4649508320401	51.7855951668888	46.1977598829738	50.8394332938885	53.4499071757542	55.6145593530421	53.1106442587769	55.1467262155485
Zfp281	71.7023725335073	77.1898493997022	66.839312171111	75.7795326456074	74.4106550878147	82.9162521263537	71.1482215542106	83.2214231980096
Zfp296	40.3957028357788	36.152207946696	40.3001735149346	38.369383618029	41.921495824121	40.4469522567579	42.0876803560119	40.1067099749444
Zfp341	68.6726948208239	73.281502594654	64.8734500484313	70.024125102903	67.0743933185935	69.7709926429074	64.1336081615419	68.1814069574054
Zfp383	65.6430171081405	70.3502424908679	61.9246568644117	67.1464213315508	66.0263559229905	68.7598188364885	63.1315205340178	67.1787392080318
Zfp398	56.5539839700903	58.6252020757232	55.0441394350326	56.5948408365928	57.6420567581663	60.6704283851369	56.1169071413492	60.1600649624166
Zfp467	63.6232319663516	69.3731557896058	60.9417258030718	67.1464213315508	64.9783185273875	69.7709926429074	62.1294329064938	68.1814069574054
Zfp513	51.504521115618	52.7626818681509	48.1636220056535	50.8394332938885	51.3538323845482	54.6033855466232	51.1064690037287	53.1413907168013
Zfp566	70.6924799626129	76.2127626984402	65.8563811097711	70.9833596933537	66.0263559229905	66.7374712236506	61.1273452789697	64.170735959911
Zfp580	58.5737691118792	63.5106355820335	57.0100015577123	61.3910137888465	58.6900941537693	61.6816021915558	56.1169071413492	59.1573972130429
Zfp691	43.4253805484622	42.0147281542683	41.2831045762744	43.1655565702827	50.3057949889452	51.5698641273663	51.1064690037287	50.1333874686805
Zic1	60.5935542536682	58.6252020757232	55.0441394350326	57.5540754270436	59.7381315493724	60.6704283851369	57.1189947688733	60.1600649624166
Zic3	57.5638765409848	56.6710286731991	52.095346251013	56.5948408365928	59.7381315493724	60.6704283851369	56.1169071413492	60.1600649624166
Zic4	69.6825873917184	71.3273291921299	66.839312171111	67.1464213315508	64.9783185273875	65.7262974172316	61.1273452789697	65.1734037092846
Cic	47.4649508320401	42.9918148555304	44.231897760294	43.1655565702827	42.969533219724	40.4469522567579	42.0876803560119	42.1120454736916
Gli1	45.4451656902511	42.0147281542683	44.231897760294	42.2063219798319	51.3538323845482	51.5698641273663	50.1043813762046	52.1387229674277
Gli2	47.4649508320401	44.9459882580545	45.2148288216339	43.1655565702827	46.1136454065331	46.5139950952716	46.0960308661083	45.1200487218124
Gli3	46.4550582611456	42.9918148555304	43.2489666989542	42.2063219798319	54.4979445713573	55.6145593530421	53.1106442587769	56.1493939649221
Insm1	55.5440913991958	57.6481153744612	53.0782773123528	58.5133100174943	62.8822437361814	65.7262974172316	61.1273452789697	64.170735959911
Klf1	111.088182798392	135.815051475425	109.105347808725	144.84442315806	104.803739560302	127.407899608787	103.215025634982	134.357478416064
Klf13	112.098075369286	130.929617969115	110.088278870065	139.089015615355	113.188038725127	133.474942447301	111.231726655174	139.370817162932
Klf14	112.098075369286	136.792138176688	108.122416747385	140.048250205806	116.332150911936	137.519637672977	113.235901910222	143.381488160426
Klf2	101.999149660341	124.090011060281	99.2760371953266	126.618965939496	102.707664769096	121.340856770274	99.2066751248852	126.336136421075
Klf4	101.999149660341	123.112924359019	99.2760371953266	127.578200529947	106.899814351508	128.419073415206	104.217113262506	133.35481066669
Klf8	119.167323365547	153.402612098142	117.951727360784	157.314472833919	112.140001329524	136.508463866558	110.22963902765	142.378820411053
Kmt2a	49.484735973829	67.4189823870817	56.0270704963724	62.3502483792972	92.2272908130661	101.117380641895	91.1899741046925	100.266774937361
Nfib	52.5144136865124	51.7855951668888	49.1465530669934	49.8801987034378	49.2577575933421	50.5586903209474	48.1002061211565	48.1280519699332
Pax5	57.5638765409848	56.6710286731991	53.0782773123528	52.7579024747899	66.0263559229905	68.7598188364885	63.1315205340178	67.1787392080318
Plag1	63.6232319663516	66.4418956858196	57.9929326190522	63.3094829697479	59.7381315493724	61.6816021915558	58.1210823963974	60.1600649624166
Sox12	54.5341988283014	52.7626818681509	57.9929326190522	59.472544607945	50.3057949889452	47.5251689016906	52.1085566312528	48.1280519699332
Sp6	114.117860511075	142.65465838426	110.088278870065	145.80365774851	107.947851747111	128.419073415206	105.21920089003	133.35481066669
Trp53	41.4055954066733	37.129294647958	41.2831045762744	39.3286182084798	44.017570615327	45.5028212888527	43.089767983536	43.1147132230652
Zfp13	49.484735973829	48.8543350631027	48.1636220056535	47.0024949320856	53.4499071757542	52.5810379337853	53.1106442587769	52.1387229674277
Zfp423	45.4451656902511	46.9001616605786	49.1465530669934	47.9617295225363	59.7381315493724	60.6704283851369	58.1210823963974	60.1600649624166
Zscan4b	44.4352731193567	40.0605547517442	44.231897760294	43.1655565702827	40.8734584285179	38.42460464392	42.0876803560119	40.1067099749444
Zscan4c	44.4352731193567	40.0605547517442	44.231897760294	43.1655565702827	40.8734584285179	38.42460464392	42.0876803560119	40.1067099749444
Zscan4d	44.4352731193567	40.0605547517442	44.231897760294	43.1655565702827	40.8734584285179	38.42460464392	42.0876803560119	40.1067099749444
Zscan4f	44.4352731193567	40.0605547517442	44.231897760294	43.1655565702827	40.8734584285179	38.42460464392	42.0876803560119	40.1067099749444
Gata1	41.4055954066733	43.9689015567924	42.2660356376143	42.2063219798319	47.1616828021361	43.4804736760148	47.0981184936324	43.1147132230652
Gata2	47.4649508320401	46.9001616605786	47.1806909443136	47.0024949320856	50.3057949889452	47.5251689016906	49.1022937486806	47.1253842205596
Gata6	40.3957028357788	37.129294647958	40.3001735149346	37.4101490275783	53.4499071757542	49.5475165145285	51.1064690037287	49.1307197193069
Gcm1	39.3858102648843	49.8314217643647	44.231897760294	40.2878527989305	58.6900941537693	56.6257331594611	56.1169071413492	57.1520617142957
Gcm2	44.4352731193567	51.7855951668888	47.1806909443136	44.1247911607334	51.3538323845482	48.5363427081095	48.1002061211565	47.1253842205596
Gfi1b	52.5144136865124	56.6710286731991	57.9929326190522	58.5133100174943	59.7381315493724	61.6816021915558	59.1231700239215	63.1680682105374
Hic1	39.3858102648843	38.1063813492201	39.3172424535947	42.2063219798319	47.1616828021361	45.5028212888527	47.0981184936324	44.1173809724388
Hic2	40.3957028357788	42.0147281542683	43.2489666989542	44.1247911607334	46.1136454065331	45.5028212888527	46.0960308661083	44.1173809724388
Mafa	46.4550582611456	41.0376414530063	40.3001735149346	40.2878527989305	45.06560801093	41.4581260631769	43.089767983536	42.1120454736916
Nr1h4	58.5737691118792	58.6252020757232	54.0612083736927	57.5540754270436	57.6420567581663	58.648080772299	56.1169071413492	57.1520617142957
Prdm14	51.504521115618	44.9459882580545	47.1806909443136	46.0432603416349	49.2577575933421	48.5363427081095	49.1022937486806	48.1280519699332
Tal1	36.3561325522009	34.1980345441719	37.351380330915	36.4509144371276	50.3057949889452	44.4916474824337	47.0981184936324	44.1173809724388
Zbtb48	47.4649508320401	44.9459882580545	47.1806909443136	48.920964112987	44.017570615327	44.4916474824337	45.0939432385842	45.1200487218124
Ets2	52.5144136865124	52.7626818681509	52.095346251013	52.7579024747899	55.5459819669603	58.648080772299	56.1169071413492	56.1493939649221
Ferd3l	67.6628022499295	73.281502594654	64.8734500484313	74.8202980551566	53.4499071757542	52.5810379337853	52.1085566312528	52.1387229674277
Irf1	59.5836616827737	61.5564621795094	61.9246568644117	62.3502483792972	59.7381315493724	60.6704283851369	61.1273452789697	60.1600649624166
Irf2	54.5341988283014	52.7626818681509	56.0270704963724	56.5948408365928	51.3538323845482	52.5810379337853	54.112731886301	53.1413907168013
Irf7	54.5341988283014	50.8085084656268	53.0782773123528	53.7171370652407	55.5459819669603	56.6257331594611	56.1169071413492	55.1467262155485
Meis1	63.6232319663516	64.4877222832955	59.9587947417319	60.4317791983957	59.7381315493724	59.6592545787179	57.1189947688733	59.1573972130429
Myf5	51.504521115618	53.739768569413	51.1124151896731	53.7171370652407	47.1616828021361	46.5139950952716	47.0981184936324	46.122716471186
Myf6	45.4451656902511	46.9001616605786	47.1806909443136	49.8801987034378	44.017570615327	41.4581260631769	43.089767983536	41.109377724318
Mzf1	51.504521115618	48.8543350631027	50.1294841283332	47.9617295225363	42.969533219724	39.435778450339	44.0918556110601	39.1040422255708
Nr1d2	47.4649508320401	45.9230749593165	45.2148288216339	44.1247911607334	48.2097201977391	47.5251689016906	48.1002061211565	46.122716471186
Nr4a1	53.5243062574069	53.739768569413	54.0612083736927	55.6356062461421	48.2097201977391	50.5586903209474	51.1064690037287	49.1307197193069
Nr4a2	56.5539839700903	54.716855270675	58.9758636803921	53.7171370652407	53.4499071757542	54.6033855466232	54.112731886301	54.1440584661749
Nr4a3	56.5539839700903	54.716855270675	58.9758636803921	53.7171370652407	53.4499071757542	54.6033855466232	54.112731886301	54.1440584661749
Pou5f1	58.5737691118792	56.6710286731991	58.9758636803921	54.6763716556914	48.2097201977391	41.4581260631769	49.1022937486806	42.1120454736916
Rela	53.5243062574069	50.8085084656268	52.095346251013	53.7171370652407	48.2097201977391	46.5139950952716	50.1043813762046	45.1200487218124
Runx1	47.4649508320401	44.9459882580545	47.1806909443136	46.0432603416349	50.3057949889452	50.5586903209474	52.1085566312528	50.1333874686805
Snai1	54.5341988283014	59.6022887769853	58.9758636803921	60.4317791983957	47.1616828021361	45.5028212888527	47.0981184936324	46.122716471186
Tbx20	57.5638765409848	58.6252020757232	55.0441394350326	57.5540754270436	52.4018697801512	49.5475165145285	53.1106442587769	51.1360552180541
Twist1	66.652909679035	68.3960690883438	64.8734500484313	70.9833596933537	41.921495824121	37.4134308375011	44.0918556110601	38.1013744761972
Zbtb18	47.4649508320401	47.8772483618406	50.1294841283332	48.920964112987	42.969533219724	40.4469522567579	43.089767983536	41.109377724318
Zfp143	56.5539839700903	51.7855951668888	51.1124151896731	53.7171370652407	73.3626176922117	89.9944687712864	73.1523968092588	92.245432942372
Zfp524	44.4352731193567	42.9918148555304	43.2489666989542	42.2063219798319	45.06560801093	41.4581260631769	43.089767983536	40.1067099749444
Zfp770	55.5440913991958	54.716855270675	51.1124151896731	52.7579024747899	57.6420567581663	56.6257331594611	55.1148195138251	56.1493939649221
Zkscan5	47.4649508320401	46.9001616605786	48.1636220056535	47.9617295225363	63.9302811317845	75.8380354814211	63.1315205340178	76.2027489523943
Zscan10	70.6924799626129	76.2127626984402	66.839312171111	75.7795326456074	53.4499071757542	52.5810379337853	52.1085566312528	49.1307197193069
E2f2	104.01893480213	118.227490852708	97.3101750726469	116.067385444538	81.7469168570359	89.9944687712864	81.1690978294515	90.2400974436248
E2f3	98.969471947658	110.410797242612	92.3955197659475	109.352743311383	77.5547672746238	87.9721211584485	78.1628349468792	88.2347619448776
Egr2	92.9101165222912	101.617016931254	84.5320712752286	100.719631997326	85.939066439448	101.117380641895	84.1753607120238	102.272110436108
Egr3	94.9299016640801	110.410797242612	86.4979333979083	110.311977901834	83.8429916482419	97.072685416219	81.1690978294515	98.2614394386137
Hes6	52.5144136865124	55.6939419719371	52.095346251013	54.6763716556914	55.5459819669603	60.6704283851369	55.1148195138251	62.1654004611638
Irx1	36.3561325522009	33.2209478429098	38.3343113922548	37.4101490275783	35.6332714505028	30.3352141925684	37.0772422183914	29.0773647318347
Irx2	41.4055954066733	42.0147281542683	40.3001735149346	40.2878527989305	35.6332714505028	30.3352141925684	34.0709793358192	29.0773647318347
Lyl1	50.4946285447235	50.8085084656268	49.1465530669934	50.8394332938885	50.3057949889452	48.5363427081095	49.1022937486806	48.1280519699332
Mbd2	70.6924799626129	73.281502594654	64.8734500484313	69.0648905124523	63.9302811317845	64.7151236108127	61.1273452789697	63.1680682105374
Mbtps2	63.6232319663516	62.5335488807714	62.9075879257515	65.2279521506494	67.0743933185935	71.7933402557453	66.1377834165901	72.1920779548999
Myc	54.5341988283014	55.6939419719371	52.095346251013	52.7579024747899	61.8342063405784	64.7151236108127	60.1252576514456	63.1680682105374
Myod1	49.484735973829	51.7855951668888	48.1636220056535	51.7986678843392	49.2577575933421	48.5363427081095	48.1002061211565	47.1253842205596
Myog	43.4253805484622	43.9689015567924	43.2489666989542	44.1247911607334	52.4018697801512	52.5810379337853	51.1064690037287	50.1333874686805
Nfatc1	45.4451656902511	44.9459882580545	48.1636220056535	45.0840257511841	50.3057949889452	49.5475165145285	52.1085566312528	50.1333874686805
Nfic	54.5341988283014	53.739768569413	53.0782773123528	50.8394332938885	50.3057949889452	52.5810379337853	52.1085566312528	51.1360552180541
Nfkb1	58.5737691118792	60.5793754782473	57.0100015577123	63.3094829697479	53.4499071757542	53.5922117402042	53.1106442587769	52.1387229674277
Nfkb2	63.6232319663516	68.3960690883438	62.9075879257515	72.9018288742552	49.2577575933421	47.5251689016906	48.1002061211565	47.1253842205596
Nhlh1	60.5935542536682	60.5793754782473	57.9929326190522	59.472544607945	57.6420567581663	55.6145593530421	55.1148195138251	54.1440584661749
Pknox1	57.5638765409848	59.6022887769853	56.0270704963724	58.5133100174943	52.4018697801512	50.5586903209474	50.1043813762046	51.1360552180541
Prdm11	41.4055954066733	47.8772483618406	43.2489666989542	42.2063219798319	55.5459819669603	61.6816021915558	60.1252576514456	62.1654004611638
Relb	55.5440913991958	50.8085084656268	52.095346251013	53.7171370652407	54.4979445713573	52.5810379337853	55.1148195138251	52.1387229674277
Scrt1	55.5440913991958	63.5106355820335	57.0100015577123	64.2687175601987	51.3538323845482	53.5922117402042	55.1148195138251	53.1413907168013
Scrt2	57.5638765409848	62.5335488807714	58.9758636803921	63.3094829697479	52.4018697801512	54.6033855466232	54.112731886301	54.1440584661749
Smad1	72.7122651044018	71.3273291921299	65.8563811097711	64.2687175601987	64.9783185273875	65.7262974172316	61.1273452789697	63.1680682105374
Smad5	72.7122651044018	71.3273291921299	65.8563811097711	64.2687175601987	64.9783185273875	65.7262974172316	61.1273452789697	63.1680682105374
Sox6	48.4748434029345	46.9001616605786	51.1124151896731	47.0024949320856	46.1136454065331	41.4581260631769	47.0981184936324	41.109377724318
Stat2	55.5440913991958	54.716855270675	56.0270704963724	54.6763716556914	59.7381315493724	59.6592545787179	60.1252576514456	60.1600649624166
Tal2	50.4946285447235	50.8085084656268	49.1465530669934	50.8394332938885	50.3057949889452	48.5363427081095	49.1022937486806	48.1280519699332
Tgif1	56.5539839700903	60.5793754782473	57.9929326190522	60.4317791983957	46.1136454065331	43.4804736760148	46.0960308661083	44.1173809724388
Tgif2	50.4946285447235	52.7626818681509	53.0782773123528	50.8394332938885	48.2097201977391	46.5139950952716	48.1002061211565	48.1280519699332
Yy1	63.6232319663516	62.5335488807714	62.9075879257515	65.2279521506494	67.0743933185935	71.7933402557453	66.1377834165901	72.1920779548999
Yy2	63.6232319663516	62.5335488807714	62.9075879257515	65.2279521506494	67.0743933185935	71.7933402557453	66.1377834165901	72.1920779548999
Zbtb14	64.6331245372461	65.4648089845576	61.9246568644117	60.4317791983957	68.1224307141966	75.8380354814211	68.1419586716383	74.1974134536471
Zfp189	66.652909679035	69.3731557896058	62.9075879257515	67.1464213315508	58.6900941537693	61.6816021915558	57.1189947688733	60.1600649624166
Zfp335	63.6232319663516	66.4418956858196	61.9246568644117	67.1464213315508	58.6900941537693	59.6592545787179	58.1210823963974	59.1573972130429
Zfp42	46.4550582611456	42.0147281542683	49.1465530669934	44.1247911607334	66.0263559229905	70.7821664493264	65.135695789066	69.184074706779
Zfp46	62.6133393954571	61.5564621795094	58.9758636803921	61.3910137888465	54.4979445713573	55.6145593530421	54.112731886301	55.1467262155485
Zfp647	61.6034468245627	74.2585892959161	62.9075879257515	70.024125102903	85.939066439448	102.128554448314	87.1816235945961	107.285449182976
Zic2	59.5836616827737	60.5793754782473	54.0612083736927	56.5948408365928	61.8342063405784	63.7039498043937	59.1231700239215	63.1680682105374
Bbx	47.4649508320401	49.8314217643647	49.1465530669934	47.9617295225363	52.4018697801512	51.5698641273663	52.1085566312528	52.1387229674277
Cux2	53.5243062574069	50.8085084656268	56.0270704963724	52.7579024747899	52.4018697801512	46.5139950952716	54.112731886301	48.1280519699332
Etv2	49.484735973829	51.7855951668888	49.1465530669934	49.8801987034378	55.5459819669603	60.6704283851369	55.1148195138251	60.1600649624166
Irx4	46.4550582611456	46.9001616605786	57.9929326190522	49.8801987034378	41.921495824121	42.4692998695958	47.0981184936324	40.1067099749444
Nr1h2	45.4451656902511	41.0376414530063	46.1977598829738	42.2063219798319	38.7773836373119	34.3799094182442	38.0793298459155	35.0933712280763
Nr3c2	44.4352731193567	45.9230749593165	47.1806909443136	45.0840257511841	47.1616828021361	41.4581260631769	47.0981184936324	42.1120454736916
Pbx2	53.5243062574069	55.6939419719371	56.0270704963724	52.7579024747899	62.8822437361814	68.7598188364885	64.1336081615419	73.1947457042735
Rbak	59.5836616827737	64.4877222832955	57.9929326190522	62.3502483792972	60.7861689449754	64.7151236108127	59.1231700239215	64.170735959911
Spdef	53.5243062574069	57.6481153744612	46.1977598829738	54.6763716556914	75.4586924834177	92.0168163841243	73.1523968092588	91.2427651929984
Spib	49.484735973829	49.8314217643647	48.1636220056535	51.7986678843392	57.6420567581663	62.6927759979748	57.1189947688733	62.1654004611638
Stat1	53.5243062574069	52.7626818681509	55.0441394350326	53.7171370652407	57.6420567581663	57.63690696588	58.1210823963974	57.1520617142957
Tead4	51.504521115618	48.8543350631027	51.1124151896731	46.0432603416349	49.2577575933421	49.5475165145285	50.1043813762046	51.1360552180541
Zbtb3	40.3957028357788	33.2209478429098	41.2831045762744	34.5324452562261	52.4018697801512	53.5922117402042	53.1106442587769	54.1440584661749
Zbtb32	51.504521115618	51.7855951668888	52.095346251013	45.0840257511841	56.5940193625633	52.5810379337853	58.1210823963974	52.1387229674277
Zfp146	31.3066696977286	24.4271675315513	32.4367250242156	26.8585685326203	51.3538323845482	46.5139950952716	51.1064690037287	47.1253842205596
Zfp260	62.6133393954571	67.4189823870817	59.9587947417319	65.2279521506494	57.6420567581663	58.648080772299	55.1148195138251	57.1520617142957
Zfp287	57.5638765409848	57.6481153744612	59.9587947417319	57.5540754270436	54.4979445713573	52.5810379337853	56.1169071413492	52.1387229674277
Zfp382	45.4451656902511	43.9689015567924	43.2489666989542	44.1247911607334	49.2577575933421	45.5028212888527	50.1043813762046	47.1253842205596
Zfp449	70.6924799626129	80.1211095034884	62.9075879257515	72.9018288742552	64.9783185273875	67.7486450300695	65.135695789066	66.1760714586582
AC1689771	54.5341988283014	52.7626818681509	53.0782773123528	51.7986678843392	56.5940193625633	56.6257331594611	54.112731886301	56.1493939649221
Bcl11b	56.5539839700903	58.6252020757232	57.9929326190522	61.3910137888465	46.1136454065331	48.5363427081095	49.1022937486806	48.1280519699332
Crx	50.4946285447235	49.8314217643647	52.095346251013	49.8801987034378	51.3538323845482	50.5586903209474	49.1022937486806	52.1387229674277
Foxl2	52.5144136865124	52.7626818681509	55.0441394350326	53.7171370652407	51.3538323845482	47.5251689016906	52.1085566312528	47.1253842205596
Foxn3	52.5144136865124	51.7855951668888	55.0441394350326	52.7579024747899	48.2097201977391	46.5139950952716	49.1022937486806	45.1200487218124
Hoxb4	40.3957028357788	32.2438611416478	40.3001735149346	33.5732106657754	39.8254210329149	33.3687356118253	39.0814174734396	33.0880357293291
Hoxb6	41.4055954066733	36.152207946696	42.2660356376143	39.3286182084798	44.017570615327	40.4469522567579	43.089767983536	39.1040422255708
Ikzf3	55.5440913991958	59.6022887769853	53.0782773123528	56.5948408365928	58.6900941537693	60.6704283851369	57.1189947688733	60.1600649624166
Isl1	40.3957028357788	39.0834680504821	43.2489666989542	36.4509144371276	41.921495824121	35.3910832246632	40.0835051009637	35.0933712280763
Lin54	71.7023725335073	74.2585892959161	72.7368985391502	64.2687175601987	58.6900941537693	59.6592545787179	62.1294329064938	58.1547294636693
Nr1h3	40.3957028357788	42.9918148555304	44.231897760294	43.1655565702827	45.06560801093	42.4692998695958	44.0918556110601	40.1067099749444
Nr2e1	57.5638765409848	53.739768569413	55.0441394350326	56.5948408365928	47.1616828021361	45.5028212888527	49.1022937486806	44.1173809724388
Olig2	46.4550582611456	45.9230749593165	45.2148288216339	46.0432603416349	45.06560801093	43.4804736760148	45.0939432385842	42.1120454736916
Smad3	46.4550582611456	42.9918148555304	46.1977598829738	42.2063219798319	42.969533219724	42.4692998695958	42.0876803560119	41.109377724318
Sohlh2	55.5440913991958	52.7626818681509	53.0782773123528	48.920964112987	58.6900941537693	59.6592545787179	56.1169071413492	56.1493939649221
Sp110	54.5341988283014	52.7626818681509	53.0782773123528	51.7986678843392	56.5940193625633	56.6257331594611	54.112731886301	56.1493939649221
Taf1	62.6133393954571	68.3960690883438	60.9417258030718	66.1871867411001	63.9302811317845	66.7374712236506	62.1294329064938	66.1760714586582
Zfp3	59.5836616827737	59.6022887769853	54.0612083736927	55.6356062461421	56.5940193625633	62.6927759979748	58.1210823963974	62.1654004611638
Zfp771	39.3858102648843	38.1063813492201	41.2831045762744	44.1247911607334	57.6420567581663	61.6816021915558	58.1210823963974	59.1573972130429
Zscan26	47.4649508320401	34.1980345441719	37.351380330915	33.5732106657754	36.6813088461058	33.3687356118253	40.0835051009637	35.0933712280763
Hand1	44.4352731193567	45.9230749593165	46.1977598829738	45.0840257511841	48.2097201977391	46.5139950952716	47.0981184936324	47.1253842205596
Nkx22	49.484735973829	42.9918148555304	43.2489666989542	43.1655565702827	47.1616828021361	45.5028212888527	50.1043813762046	46.122716471186
Nkx23	43.4253805484622	39.0834680504821	39.3172424535947	39.3286182084798	45.06560801093	45.5028212888527	50.1043813762046	47.1253842205596
Nkx24	50.4946285447235	43.9689015567924	44.231897760294	44.1247911607334	48.2097201977391	47.5251689016906	51.1064690037287	50.1333874686805
Nkx26	50.4946285447235	43.9689015567924	44.231897760294	44.1247911607334	49.2577575933421	49.5475165145285	53.1106442587769	52.1387229674277
Nkx29	43.4253805484622	36.152207946696	39.3172424535947	38.369383618029	42.969533219724	40.4469522567579	47.0981184936324	41.109377724318
Osr2	51.504521115618	48.8543350631027	48.1636220056535	45.0840257511841	42.969533219724	42.4692998695958	44.0918556110601	43.1147132230652
Rfx4	51.504521115618	50.8085084656268	56.0270704963724	52.7579024747899	58.6900941537693	62.6927759979748	58.1210823963974	64.170735959911
Six1	45.4451656902511	51.7855951668888	43.2489666989542	50.8394332938885	39.8254210329149	38.42460464392	41.0855927284878	38.1013744761972
Six2	43.4253805484622	47.8772483618406	41.2831045762744	47.0024949320856	35.6332714505028	32.3575618054063	37.0772422183914	33.0880357293291
Six3	46.4550582611456	47.8772483618406	43.2489666989542	50.8394332938885	48.2097201977391	46.5139950952716	50.1043813762046	49.1307197193069
Six4	41.4055954066733	44.9459882580545	40.3001735149346	45.0840257511841	35.6332714505028	32.3575618054063	37.0772422183914	33.0880357293291
Six6	41.4055954066733	44.9459882580545	40.3001735149346	45.0840257511841	38.7773836373119	36.4022570310821	40.0835051009637	36.0960389774499
T	41.4055954066733	38.1063813492201	43.2489666989542	39.3286182084798	41.921495824121	38.42460464392	43.089767983536	40.1067099749444
Tfdp1	71.7023725335073	72.304415893392	65.8563811097711	67.1464213315508	72.3145802966087	74.8268616750021	68.1419586716383	72.1920779548999
Tfdp2	71.7023725335073	72.304415893392	65.8563811097711	67.1464213315508	72.3145802966087	74.8268616750021	68.1419586716383	72.1920779548999
Zfp768	46.4550582611456	47.8772483618406	46.1977598829738	47.0024949320856	47.1616828021361	47.5251689016906	49.1022937486806	47.1253842205596
Zfp784	42.4154879775677	39.0834680504821	40.3001735149346	39.3286182084798	42.969533219724	42.4692998695958	44.0918556110601	40.1067099749444
Zfp787	42.4154879775677	38.1063813492201	41.2831045762744	38.369383618029	52.4018697801512	52.5810379337853	50.1043813762046	54.1440584661749
Dnajc21	51.504521115618	52.7626818681509	48.1636220056535	48.920964112987	55.5459819669603	57.63690696588	54.112731886301	56.1493939649221
Elf1	70.6924799626129	84.0294563085366	66.839312171111	78.6572364169595	73.3626176922117	89.9944687712864	72.1503091817347	88.2347619448776
Esrra	59.5836616827737	66.4418956858196	57.9929326190522	62.3502483792972	44.017570615327	41.4581260631769	45.0939432385842	41.109377724318
Esrrb	58.5737691118792	62.5335488807714	56.0270704963724	59.472544607945	45.06560801093	44.4916474824337	47.0981184936324	44.1173809724388
Rfx6	48.4748434029345	48.8543350631027	50.1294841283332	47.9617295225363	62.8822437361814	67.7486450300695	63.1315205340178	69.184074706779
Trp63	48.4748434029345	46.9001616605786	50.1294841283332	48.920964112987	64.9783185273875	67.7486450300695	64.1336081615419	69.184074706779
Zfp110	46.4550582611456	46.9001616605786	47.1806909443136	44.1247911607334	46.1136454065331	46.5139950952716	48.1002061211565	47.1253842205596
Zfp202	62.6133393954571	66.4418956858196	58.9758636803921	65.2279521506494	56.5940193625633	58.648080772299	54.112731886301	54.1440584661749
Zfp282	57.5638765409848	53.739768569413	55.0441394350326	53.7171370652407	47.1616828021361	49.5475165145285	47.0981184936324	48.1280519699332
Zfp41	44.4352731193567	41.0376414530063	44.231897760294	46.0432603416349	53.4499071757542	52.5810379337853	51.1064690037287	52.1387229674277
Atf1	79.7815131006631	100.639930229992	69.7881053551306	105.51580494958	70.2185055054026	79.8827307070969	72.1503091817347	92.245432942372
Atf2	52.5144136865124	59.6022887769853	53.0782773123528	62.3502483792972	73.3626176922117	95.0503378033811	72.1503091817347	110.293452431097
Atf3	47.4649508320401	47.8772483618406	47.1806909443136	50.8394332938885	69.1704681097996	84.9385997391916	72.1503091817347	94.2507684411193
Creb1	82.8111908133465	103.571190333778	76.6686227845097	103.597335768678	82.7949542526389	111.229118706084	82.1711854569756	126.336136421075
Creb3	70.6924799626129	92.8232366198951	67.8222432324509	94.9642244546219	79.6508420658298	107.184423480408	80.1670102019274	121.322797674207
Creb5	58.5737691118792	68.3960690883438	57.0100015577123	70.9833596933537	78.6028046702268	105.162075867571	78.1628349468792	124.330800922328
Crem	74.7320502461908	97.7086701262054	66.839312171111	92.0865206832697	82.7949542526389	115.27381393176	84.1753607120238	135.360146165437
Elf2	69.6825873917184	91.846149918633	67.8222432324509	83.4534093692132	76.5067298790208	102.128554448314	75.156572064307	99.2641071879873
Elf4	66.652909679035	88.9148898148469	64.8734500484313	80.575705597861	74.4106550878147	98.083859222638	73.1523968092588	95.2534361904929
Elk1	66.652909679035	82.0752829060125	63.8905189870914	76.7387672360581	78.6028046702268	101.117380641895	77.1607473193552	98.2614394386137
Elk3	67.6628022499295	93.8003233211572	65.8563811097711	80.575705597861	81.7469168570359	107.184423480408	80.1670102019274	103.274778185482
Elk4	61.6034468245627	72.304415893392	57.9929326190522	66.1871867411001	71.2665429010056	84.9385997391916	69.1440462991624	83.2214231980096
Erf	59.5836616827737	74.2585892959161	57.0100015577123	70.9833596933537	75.4586924834177	99.0950330290569	75.156572064307	96.2561039398665
Ets1	62.6133393954571	80.1211095034884	59.9587947417319	70.9833596933537	76.5067298790208	99.0950330290569	74.1544844367829	96.2561039398665
Etv1	72.7122651044018	102.594103632516	70.7710364164705	87.2903477310161	79.6508420658298	104.150902061152	78.1628349468792	100.266774937361
Etv3	69.6825873917184	94.7774100224192	65.8563811097711	83.4534093692132	80.6988794614329	108.195597286827	78.1628349468792	104.277445934855
Etv4	69.6825873917184	98.6857568274674	67.8222432324509	84.4126439596639	79.6508420658298	105.162075867571	78.1628349468792	102.272110436108
Etv5	69.6825873917184	99.6628435287295	67.8222432324509	85.3718785501146	81.7469168570359	109.206771093246	80.1670102019274	105.280113684229
Etv6	60.5935542536682	78.1669361009643	57.9929326190522	70.024125102903	79.6508420658298	107.184423480408	77.1607473193552	103.274778185482
Fli1	63.6232319663516	84.0294563085366	61.9246568644117	73.8610634647059	77.5547672746238	100.106206835476	76.1586596918311	97.2587716892401
Foxb1	57.5638765409848	52.7626818681509	57.0100015577123	49.8801987034378	55.5459819669603	50.5586903209474	55.1148195138251	50.1333874686805
Foxb2	57.5638765409848	52.7626818681509	57.0100015577123	49.8801987034378	55.5459819669603	50.5586903209474	55.1148195138251	50.1333874686805
Gabpa	65.6430171081405	88.9148898148469	63.8905189870914	77.6980018265088	80.6988794614329	106.17324967399	79.1649225744033	102.272110436108
Gm28047	55.5440913991958	64.4877222832955	54.0612083736927	66.1871867411001	71.2665429010056	92.0168163841243	72.1503091817347	105.280113684229
Hmg20a	64.6331245372461	58.6252020757232	61.9246568644117	61.3910137888465	52.4018697801512	47.5251689016906	51.1064690037287	48.1280519699332
Hmg20b	64.6331245372461	58.6252020757232	61.9246568644117	61.3910137888465	52.4018697801512	47.5251689016906	51.1064690037287	48.1280519699332
Hoxc9	62.6133393954571	61.5564621795094	62.9075879257515	59.472544607945	55.5459819669603	52.5810379337853	57.1189947688733	52.1387229674277
Jdp2	67.6628022499295	87.9378031135848	61.9246568644117	89.2088169119175	84.8910290438449	114.262640125341	85.1774483395479	135.360146165437
Meis2	49.484735973829	50.8085084656268	53.0782773123528	53.7171370652407	53.4499071757542	49.5475165145285	51.1064690037287	52.1387229674277
Meis3	49.484735973829	50.8085084656268	53.0782773123528	53.7171370652407	53.4499071757542	49.5475165145285	51.1064690037287	52.1387229674277
Nhlh2	49.484735973829	51.7855951668888	50.1294841283332	51.7986678843392	51.3538323845482	50.5586903209474	51.1064690037287	49.1307197193069
Nr1i2	42.4154879775677	40.0605547517442	39.3172424535947	40.2878527989305	37.7293462417089	35.3910832246632	38.0793298459155	36.0960389774499
Onecut3	66.652909679035	65.4648089845576	66.839312171111	69.0648905124523	51.3538323845482	45.5028212888527	54.112731886301	45.1200487218124
Pbx1	49.484735973829	46.9001616605786	51.1124151896731	47.9617295225363	53.4499071757542	51.5698641273663	56.1169071413492	49.1307197193069
Pbx3	101.999149660341	112.364970645136	94.3613818886273	117.026620034989	124.71645007676	147.631375737166	118.246340047843	155.413501152909
Pbx4	50.4946285447235	54.716855270675	53.0782773123528	55.6356062461421	58.6900941537693	57.63690696588	56.1169071413492	58.1547294636693
Pknox2	48.4748434029345	48.8543350631027	49.1465530669934	48.920964112987	50.3057949889452	47.5251689016906	48.1002061211565	48.1280519699332
Prdm6	57.5638765409848	58.6252020757232	59.9587947417319	58.5133100174943	56.5940193625633	54.6033855466232	58.1210823963974	54.1440584661749
Rarg	38.3759176939898	41.0376414530063	41.2831045762744	46.0432603416349	48.2097201977391	48.5363427081095	49.1022937486806	48.1280519699332
Spic	54.5341988283014	55.6939419719371	54.0612083736927	58.5133100174943	62.8822437361814	72.8045140621643	62.1294329064938	72.1920779548999
Tcf7	55.5440913991958	54.716855270675	57.0100015577123	58.5133100174943	45.06560801093	40.4469522567579	47.0981184936324	40.1067099749444
Vdr	42.4154879775677	38.1063813492201	44.231897760294	39.3286182084798	50.3057949889452	48.5363427081095	49.1022937486806	48.1280519699332
Zfp105	62.6133393954571	59.6022887769853	61.9246568644117	60.4317791983957	57.6420567581663	52.5810379337853	58.1210823963974	52.1387229674277
Zfp182	68.6726948208239	70.3502424908679	69.7881053551306	70.9833596933537	62.8822437361814	63.7039498043937	64.1336081615419	62.1654004611638
Zfp324	47.4649508320401	48.8543350631027	48.1636220056535	47.9617295225363	50.3057949889452	49.5475165145285	50.1043813762046	49.1307197193069
Zfp384	68.6726948208239	71.3273291921299	71.7539674778103	69.0648905124523	57.6420567581663	55.6145593530421	59.1231700239215	54.1440584661749
Zfp422	93.9200090931857	103.571190333778	96.327244011307	98.8011628164248	84.8910290438449	88.9832949648674	85.1774483395479	86.2294264461304
Zfp641	61.6034468245627	69.3731557896058	61.9246568644117	60.4317791983957	67.0743933185935	79.8827307070969	64.1336081615419	77.2054167017679
Zfp652	54.5341988283014	61.5564621795094	60.9417258030718	63.3094829697479	52.4018697801512	48.5363427081095	51.1064690037287	50.1333874686805
Zfp879	65.6430171081405	63.5106355820335	64.8734500484313	63.3094829697479	58.6900941537693	55.6145593530421	59.1231700239215	55.1467262155485
Ahctf1	83.821083384241	85.9836297110607	82.5662091525489	81.5349401883117	64.9783185273875	61.6816021915558	67.1398710441142	59.1573972130429
Atf7	72.7122651044018	95.7544967236813	66.839312171111	94.0049898641712	81.7469168570359	111.229118706084	81.1690978294515	132.352142917316
Foxc1	61.6034468245627	56.6710286731991	61.9246568644117	52.7579024747899	52.4018697801512	47.5251689016906	53.1106442587769	47.1253842205596
Foxc2	62.6133393954571	58.6252020757232	61.9246568644117	55.6356062461421	52.4018697801512	47.5251689016906	53.1106442587769	47.1253842205596
Gata3	48.4748434029345	47.8772483618406	53.0782773123528	49.8801987034378	47.1616828021361	44.4916474824337	47.0981184936324	45.1200487218124
Hmga1	80.7914056715576	82.0752829060125	79.6174159685293	77.6980018265088	66.0263559229905	62.6927759979748	69.1440462991624	60.1600649624166
Hmga1rs1	80.7914056715576	82.0752829060125	79.6174159685293	77.6980018265088	66.0263559229905	62.6927759979748	69.1440462991624	60.1600649624166
Hsf1	50.4946285447235	48.8543350631027	47.1806909443136	47.0024949320856	51.3538323845482	50.5586903209474	50.1043813762046	49.1307197193069
Lef1	58.5737691118792	55.6939419719371	61.9246568644117	56.5948408365928	37.7293462417089	35.3910832246632	41.0855927284878	36.0960389774499
Pou4f1	53.5243062574069	49.8314217643647	52.095346251013	48.920964112987	57.6420567581663	53.5922117402042	57.1189947688733	52.1387229674277
Tcf7l1	50.4946285447235	47.8772483618406	56.0270704963724	49.8801987034378	41.921495824121	40.4469522567579	43.089767983536	38.1013744761972
Tcf7l2	58.5737691118792	55.6939419719371	61.9246568644117	56.5948408365928	36.6813088461058	35.3910832246632	40.0835051009637	35.0933712280763
Trp73	49.484735973829	47.8772483618406	48.1636220056535	48.920964112987	70.2185055054026	68.7598188364885	69.1440462991624	69.184074706779
Zbtb43	46.4550582611456	49.8314217643647	47.1806909443136	47.0024949320856	48.2097201977391	47.5251689016906	47.0981184936324	44.1173809724388
Arid3b	47.4649508320401	53.739768569413	53.0782773123528	52.7579024747899	58.6900941537693	57.63690696588	61.1273452789697	58.1547294636693
Foxn1	65.6430171081405	71.3273291921299	59.9587947417319	75.7795326456074	70.2185055054026	78.8715569006779	68.1419586716383	81.2160876992623
Glis2	49.484735973829	51.7855951668888	49.1465530669934	48.920964112987	51.3538323845482	55.6145593530421	51.1064690037287	53.1413907168013
Irf3	45.4451656902511	40.0605547517442	45.2148288216339	43.1655565702827	45.06560801093	42.4692998695958	46.0960308661083	43.1147132230652
Irf8	50.4946285447235	49.8314217643647	52.095346251013	52.7579024747899	54.4979445713573	56.6257331594611	56.1169071413492	57.1520617142957
Neurod1	43.4253805484622	40.0605547517442	46.1977598829738	41.2470873893812	47.1616828021361	44.4916474824337	45.0939432385842	43.1147132230652
Neurod2	43.4253805484622	41.0376414530063	44.231897760294	42.2063219798319	48.2097201977391	43.4804736760148	46.0960308661083	43.1147132230652
Neurog2	42.4154879775677	39.0834680504821	43.2489666989542	41.2470873893812	48.2097201977391	43.4804736760148	45.0939432385842	42.1120454736916
Nfia	55.5440913991958	70.3502424908679	60.9417258030718	71.9425942838045	55.5459819669603	70.7821664493264	61.1273452789697	70.1867424561526
Prdm1	47.4649508320401	43.9689015567924	48.1636220056535	44.1247911607334	49.2577575933421	50.5586903209474	51.1064690037287	49.1307197193069
Rhox11	35.3462399813064	36.152207946696	37.351380330915	38.369383618029	57.6420567581663	62.6927759979748	58.1210823963974	62.1654004611638
Stat3	40.3957028357788	38.1063813492201	41.2831045762744	36.4509144371276	51.3538323845482	52.5810379337853	53.1106442587769	55.1467262155485
Stat4	45.4451656902511	41.0376414530063	43.2489666989542	41.2470873893812	50.3057949889452	50.5586903209474	52.1085566312528	52.1387229674277
Zbtb7a	62.6133393954571	59.6022887769853	60.9417258030718	54.6763716556914	58.6900941537693	57.63690696588	56.1169071413492	56.1493939649221
Zbtb7b	61.6034468245627	68.3960690883438	57.0100015577123	64.2687175601987	64.9783185273875	67.7486450300695	63.1315205340178	68.1814069574054
Zfp322a	51.504521115618	51.7855951668888	49.1465530669934	51.7986678843392	51.3538323845482	51.5698641273663	50.1043813762046	50.1333874686805
Zic5	56.5539839700903	59.6022887769853	54.0612083736927	53.7171370652407	58.6900941537693	58.648080772299	56.1169071413492	57.1520617142957
Ar	46.4550582611456	42.9918148555304	45.2148288216339	46.0432603416349	47.1616828021361	44.4916474824337	47.0981184936324	45.1200487218124
Bcl6	52.5144136865124	50.8085084656268	49.1465530669934	55.6356062461421	49.2577575933421	50.5586903209474	51.1064690037287	50.1333874686805
Hbp1	51.504521115618	49.8314217643647	54.0612083736927	52.7579024747899	49.2577575933421	46.5139950952716	48.1002061211565	46.122716471186
Nr1d1	46.4550582611456	42.0147281542683	44.231897760294	42.2063219798319	49.2577575933421	49.5475165145285	49.1022937486806	49.1307197193069
Pou4f3	47.4649508320401	52.7626818681509	53.0782773123528	51.7986678843392	48.2097201977391	43.4804736760148	49.1022937486806	43.1147132230652
Rel	52.5144136865124	54.716855270675	53.0782773123528	55.6356062461421	48.2097201977391	48.5363427081095	50.1043813762046	47.1253842205596
Rxrg	48.4748434029345	51.7855951668888	48.1636220056535	51.7986678843392	52.4018697801512	53.5922117402042	52.1085566312528	52.1387229674277
Smad4	46.4550582611456	42.0147281542683	46.1977598829738	44.1247911607334	42.969533219724	43.4804736760148	44.0918556110601	44.1173809724388
Sox2	52.5144136865124	51.7855951668888	55.0441394350326	53.7171370652407	44.017570615327	40.4469522567579	47.0981184936324	40.1067099749444
Stat5a	40.3957028357788	37.129294647958	40.3001735149346	37.4101490275783	49.2577575933421	47.5251689016906	50.1043813762046	49.1307197193069
Stat5b	41.4055954066733	39.0834680504821	41.2831045762744	38.369383618029	49.2577575933421	47.5251689016906	50.1043813762046	49.1307197193069
Tbx18	50.4946285447235	50.8085084656268	53.0782773123528	49.8801987034378	49.2577575933421	51.5698641273663	50.1043813762046	49.1307197193069
Tbx21	46.4550582611456	43.9689015567924	48.1636220056535	44.1247911607334	47.1616828021361	49.5475165145285	46.0960308661083	48.1280519699332
Zzz3	46.4550582611456	42.9918148555304	48.1636220056535	43.1655565702827	45.06560801093	43.4804736760148	46.0960308661083	44.1173809724388
Arnt	56.5539839700903	76.2127626984402	54.0612083736927	83.4534093692132	62.8822437361814	78.8715569006779	62.1294329064938	85.2267586967568
Atf6	64.6331245372461	66.4418956858196	59.9587947417319	63.3094829697479	74.4106550878147	89.9944687712864	72.1503091817347	95.2534361904929
Atf6b	62.6133393954571	65.4648089845576	57.9929326190522	61.3910137888465	68.1224307141966	77.860383094259	66.1377834165901	80.2134199498887
E2f8	54.5341988283014	58.6252020757232	54.0612083736927	56.5948408365928	62.8822437361814	69.7709926429074	65.135695789066	69.184074706779
Hes1	83.821083384241	95.7544967236813	80.6003470298691	91.127286092819	68.1224307141966	74.8268616750021	67.1398710441142	73.1947457042735
Hes7	83.821083384241	92.8232366198951	80.6003470298691	89.2088169119175	68.1224307141966	74.8268616750021	68.1419586716383	73.1947457042735
Mnt	39.3858102648843	42.0147281542683	39.3172424535947	47.0024949320856	49.2577575933421	50.5586903209474	47.0981184936324	50.1333874686805
Tcfl5	80.7914056715576	98.6857568274674	74.7027606618299	89.2088169119175	67.0743933185935	79.8827307070969	66.1377834165901	83.2214231980096
Zfp454	80.7914056715576	75.2356759971781	71.7539674778103	69.0648905124523	69.1704681097996	66.7374712236506	65.135695789066	66.1760714586582
Zfp692	70.6924799626129	77.1898493997022	67.8222432324509	73.8610634647059	73.3626176922117	75.8380354814211	70.1461339266865	76.2027489523943
Bhlhe41	99.9793645185525	132.883791371639	90.4296576432678	134.292842663102	70.2185055054026	95.0503378033811	69.1440462991624	106.282781433603
Max	43.4253805484622	46.9001616605786	41.2831045762744	54.6763716556914	58.6900941537693	62.6927759979748	57.1189947688733	62.1654004611638
Mlxip	62.6133393954571	71.3273291921299	58.9758636803921	78.6572364169595	52.4018697801512	55.6145593530421	52.1085566312528	56.1493939649221
Mycn	43.4253805484622	43.9689015567924	40.3001735149346	47.9617295225363	56.5940193625633	59.6592545787179	55.1148195138251	58.1547294636693
Zfp213	73.7221576752963	78.1669361009643	69.7881053551306	71.9425942838045	64.9783185273875	66.7374712236506	61.1273452789697	65.1734037092846
Zfp661	65.6430171081405	65.4648089845576	65.8563811097711	63.3094829697479	70.2185055054026	68.7598188364885	68.1419586716383	67.1787392080318
Atf4	70.6924799626129	79.1440228022263	76.6686227845097	77.6980018265088	51.3538323845482	53.5922117402042	53.1106442587769	55.1467262155485
Ddit3	56.5539839700903	57.6481153744612	57.9929326190522	58.5133100174943	50.3057949889452	51.5698641273663	52.1085566312528	51.1360552180541
Ikzf1	46.4550582611456	46.9001616605786	47.1806909443136	45.0840257511841	51.3538323845482	51.5698641273663	51.1064690037287	52.1387229674277
Ikzf2	46.4550582611456	46.9001616605786	47.1806909443136	45.0840257511841	51.3538323845482	51.5698641273663	51.1064690037287	52.1387229674277
Ptf1a	49.484735973829	49.8314217643647	47.1806909443136	48.920964112987	53.4499071757542	52.5810379337853	52.1085566312528	52.1387229674277
Zfp14	54.5341988283014	52.7626818681509	50.1294841283332	50.8394332938885	53.4499071757542	54.6033855466232	53.1106442587769	53.1413907168013
Zfp174	70.6924799626129	80.1211095034884	63.8905189870914	82.4941747787625	72.3145802966087	82.9162521263537	71.1482215542106	88.2347619448776
Nfil3	67.6628022499295	88.9148898148469	88.4637955205881	74.8202980551566	50.3057949889452	43.4804736760148	51.1064690037287	46.122716471186
Nr6a1	57.5638765409848	62.5335488807714	57.9929326190522	60.4317791983957	46.1136454065331	43.4804736760148	45.0939432385842	43.1147132230652
Tbr1	49.484735973829	54.716855270675	50.1294841283332	47.9617295225363	39.8254210329149	38.42460464392	42.0876803560119	38.1013744761972
Zbtb49	54.5341988283014	58.6252020757232	52.095346251013	64.2687175601987	63.9302811317845	64.7151236108127	60.1252576514456	63.1680682105374
Zbtb7c	63.6232319663516	55.6939419719371	55.0441394350326	52.7579024747899	58.6900941537693	57.63690696588	56.1169071413492	57.1520617142957
Bach1	52.5144136865124	45.9230749593165	57.9929326190522	47.0024949320856	45.06560801093	44.4916474824337	45.0939432385842	43.1147132230652
Grhl2	40.3957028357788	44.9459882580545	46.1977598829738	45.0840257511841	48.2097201977391	48.5363427081095	50.1043813762046	47.1253842205596
Hmbox1	44.4352731193567	51.7855951668888	44.231897760294	47.0024949320856	50.3057949889452	52.5810379337853	49.1022937486806	53.1413907168013
Hmx1	50.4946285447235	48.8543350631027	56.0270704963724	47.9617295225363	52.4018697801512	52.5810379337853	57.1189947688733	50.1333874686805
Mafk	47.4649508320401	42.9918148555304	43.2489666989542	42.2063219798319	48.2097201977391	44.4916474824337	46.0960308661083	44.1173809724388
Nfe2l2	45.4451656902511	42.9918148555304	50.1294841283332	47.0024949320856	47.1616828021361	45.5028212888527	45.0939432385842	46.122716471186
Nkx21	52.5144136865124	45.9230749593165	51.1124151896731	47.9617295225363	50.3057949889452	48.5363427081095	51.1064690037287	49.1307197193069
Nkx25	44.4352731193567	39.0834680504821	44.231897760294	39.3286182084798	51.3538323845482	50.5586903209474	52.1085566312528	52.1387229674277
Nkx31	58.5737691118792	64.4877222832955	58.9758636803921	57.5540754270436	42.969533219724	38.42460464392	46.0960308661083	40.1067099749444
Nkx32	51.504521115618	50.8085084656268	55.0441394350326	51.7986678843392	44.017570615327	40.4469522567579	48.1002061211565	42.1120454736916
Sox3	48.4748434029345	42.9918148555304	48.1636220056535	45.0840257511841	53.4499071757542	52.5810379337853	54.112731886301	51.1360552180541
Sp7	43.4253805484622	41.0376414530063	48.1636220056535	45.0840257511841	42.969533219724	40.4469522567579	45.0939432385842	38.1013744761972
Tfap4	43.4253805484622	42.9918148555304	43.2489666989542	45.0840257511841	47.1616828021361	41.4581260631769	45.0939432385842	42.1120454736916
Zfp523	53.5243062574069	54.716855270675	53.0782773123528	55.6356062461421	72.3145802966087	85.9497735456106	71.1482215542106	92.245432942372
Batf	46.4550582611456	44.9459882580545	48.1636220056535	45.0840257511841	42.969533219724	38.42460464392	45.0939432385842	38.1013744761972
Cdx2	49.484735973829	46.9001616605786	53.0782773123528	48.920964112987	52.4018697801512	48.5363427081095	53.1106442587769	49.1307197193069
Cdx4	60.5935542536682	59.6022887769853	59.9587947417319	60.4317791983957	54.4979445713573	52.5810379337853	57.1189947688733	51.1360552180541
Hand2	45.4451656902511	43.9689015567924	46.1977598829738	45.0840257511841	47.1616828021361	44.4916474824337	48.1002061211565	42.1120454736916
Hnf1a	42.4154879775677	51.7855951668888	41.2831045762744	46.0432603416349	41.921495824121	35.3910832246632	42.0876803560119	39.1040422255708
Hnf1b	41.4055954066733	50.8085084656268	37.351380330915	45.0840257511841	56.5940193625633	53.5922117402042	54.112731886301	58.1547294636693
Maff	42.4154879775677	42.0147281542683	45.2148288216339	41.2470873893812	41.921495824121	39.435778450339	41.0855927284878	39.1040422255708
Msantd3	47.4649508320401	46.9001616605786	47.1806909443136	46.0432603416349	48.2097201977391	46.5139950952716	47.0981184936324	46.122716471186
Sox4	57.5638765409848	56.6710286731991	57.0100015577123	57.5540754270436	53.4499071757542	52.5810379337853	54.112731886301	51.1360552180541
Eomes	50.4946285447235	51.7855951668888	52.095346251013	48.920964112987	42.969533219724	41.4581260631769	44.0918556110601	40.1067099749444
Hinfp	58.5737691118792	51.7855951668888	57.9929326190522	45.0840257511841	55.5459819669603	54.6033855466232	53.1106442587769	54.1440584661749
Nfya	143.404745067015	175.87560622717	128.763969035523	182.254572185638	136.244861428393	157.743113801356	126.263041068036	166.442846396019
Osr1	52.5144136865124	48.8543350631027	50.1294841283332	47.0024949320856	44.017570615327	43.4804736760148	41.0855927284878	44.1173809724388
Zfp711	74.7320502461908	78.1669361009643	71.7539674778103	75.7795326456074	58.6900941537693	57.63690696588	57.1189947688733	58.1547294636693
Cxxc1	47.4649508320401	46.9001616605786	52.095346251013	43.1655565702827	64.9783185273875	66.7374712236506	66.1377834165901	66.1760714586582
Nfyb	147.444315350593	182.715213136004	133.678624342222	188.969214318793	136.244861428393	159.765461414194	128.267216323084	168.448181894766
Nfyc	143.404745067015	173.921432824646	128.763969035523	177.458399233384	134.148786637187	156.731939994937	126.263041068036	165.440178646646
Snai3	50.4946285447235	53.739768569413	51.1124151896731	52.7579024747899	44.017570615327	40.4469522567579	43.089767983536	37.0987067268235
Ybx1	52.5144136865124	51.7855951668888	49.1465530669934	47.9617295225363	40.8734584285179	37.4134308375011	42.0876803560119	39.1040422255708
Ybx2	52.5144136865124	51.7855951668888	49.1465530669934	47.9617295225363	40.8734584285179	37.4134308375011	42.0876803560119	39.1040422255708
Ybx3	52.5144136865124	51.7855951668888	49.1465530669934	47.9617295225363	40.8734584285179	37.4134308375011	42.0876803560119	39.1040422255708
Bhlhe40	84.8309759551355	151.448438695618	73.7198296004901	173.621460871581	69.1704681097996	99.0950330290569	69.1440462991624	116.309458927339
ENSMUSG00000098598	54.5341988283014	51.7855951668888	57.9929326190522	51.7986678843392	47.1616828021361	39.435778450339	50.1043813762046	42.1120454736916
Hes5	95.9397942349746	109.43371054135	91.4125887046077	108.393508720932	49.2577575933421	48.5363427081095	48.1002061211565	47.1253842205596
Hey2	85.8408685260299	102.594103632516	83.5491402138887	107.434274130481	54.4979445713573	58.648080772299	55.1148195138251	62.1654004611638
Heyl	85.8408685260299	102.594103632516	83.5491402138887	107.434274130481	54.4979445713573	58.648080772299	55.1148195138251	62.1654004611638
Mlx	78.7716205297686	129.952531267853	70.7710364164705	151.559065291215	71.2665429010056	97.072685416219	71.1482215542106	108.28811693235
Mlxipl	73.7221576752963	121.158750956495	62.9075879257515	141.966719386707	72.3145802966087	104.150902061152	72.1503091817347	119.317462175459
Pou6f1	54.5341988283014	51.7855951668888	57.9929326190522	51.7986678843392	47.1616828021361	39.435778450339	50.1043813762046	42.1120454736916
Srebf1	82.8111908133465	149.494265293094	70.7710364164705	178.417633823835	67.0743933185935	102.128554448314	67.1398710441142	119.317462175459
Tfe3	69.6825873917184	118.227490852708	62.9075879257515	128.537435120397	78.6028046702268	119.318509157436	78.1628349468792	137.365481664184
Tfeb	78.7716205297686	139.723398280474	67.8222432324509	162.110645786173	77.5547672746238	116.284987738179	77.1607473193552	135.360146165437
Tfec	68.6726948208239	113.342057346398	62.9075879257515	122.782027577693	77.5547672746238	111.229118706084	77.1607473193552	127.338804170448
Usf2	76.7518353879797	130.929617969115	67.8222432324509	150.599830700764	73.3626176922117	101.117380641895	72.1503091817347	115.306791177965
Esr1	48.4748434029345	53.739768569413	49.1465530669934	55.6356062461421	45.06560801093	47.5251689016906	46.0960308661083	46.122716471186
Hoxa3	53.5243062574069	54.716855270675	57.9929326190522	47.0024949320856	50.3057949889452	47.5251689016906	54.112731886301	50.1333874686805
Hoxa5	48.4748434029345	45.9230749593165	50.1294841283332	43.1655565702827	42.969533219724	41.4581260631769	47.0981184936324	40.1067099749444
Hoxb3	52.5144136865124	50.8085084656268	54.0612083736927	48.920964112987	40.8734584285179	35.3910832246632	42.0876803560119	34.0907034787027
Hoxb5	46.4550582611456	43.9689015567924	48.1636220056535	42.2063219798319	39.8254210329149	36.4022570310821	43.089767983536	35.0933712280763
Hoxc5	56.5539839700903	62.5335488807714	59.9587947417319	59.472544607945	44.017570615327	36.4022570310821	44.0918556110601	36.0960389774499
Lbx2	47.4649508320401	40.0605547517442	49.1465530669934	44.1247911607334	37.7293462417089	30.3352141925684	41.0855927284878	34.0907034787027
Lin28a	54.5341988283014	77.1898493997022	57.9929326190522	71.9425942838045	67.0743933185935	67.7486450300695	66.1377834165901	65.1734037092846
Lin28b	54.5341988283014	77.1898493997022	57.9929326190522	71.9425942838045	67.0743933185935	67.7486450300695	66.1377834165901	65.1734037092846
Meox1	49.484735973829	44.9459882580545	51.1124151896731	46.0432603416349	42.969533219724	36.4022570310821	44.0918556110601	34.0907034787027
Nr1h5	47.4649508320401	49.8314217643647	47.1806909443136	47.9617295225363	53.4499071757542	55.6145593530421	53.1106442587769	55.1467262155485
Nr2f1	46.4550582611456	46.9001616605786	45.2148288216339	47.0024949320856	48.2097201977391	49.5475165145285	48.1002061211565	49.1307197193069
Nr2f2	46.4550582611456	47.8772483618406	48.1636220056535	47.0024949320856	47.1616828021361	49.5475165145285	48.1002061211565	49.1307197193069
Nr2f6	43.4253805484622	41.0376414530063	45.2148288216339	42.2063219798319	50.3057949889452	50.5586903209474	50.1043813762046	51.1360552180541
Pdx1	47.4649508320401	43.9689015567924	44.231897760294	42.2063219798319	44.017570615327	38.42460464392	46.0960308661083	41.109377724318
Pou2f3	53.5243062574069	48.8543350631027	54.0612083736927	52.7579024747899	52.4018697801512	44.4916474824337	54.112731886301	46.122716471186
Pou3f2	58.5737691118792	58.6252020757232	62.9075879257515	54.6763716556914	45.06560801093	37.4134308375011	47.0981184936324	40.1067099749444
Rara	47.4649508320401	49.8314217643647	47.1806909443136	47.9617295225363	53.4499071757542	55.6145593530421	53.1106442587769	55.1467262155485
Rarb	48.4748434029345	48.8543350631027	48.1636220056535	47.9617295225363	53.4499071757542	56.6257331594611	54.112731886301	56.1493939649221
Rorc	54.5341988283014	50.8085084656268	53.0782773123528	49.8801987034378	45.06560801093	44.4916474824337	47.0981184936324	43.1147132230652
Rxrb	52.5144136865124	58.6252020757232	49.1465530669934	56.5948408365928	50.3057949889452	52.5810379337853	50.1043813762046	53.1413907168013
Zfp113	60.5935542536682	59.6022887769853	59.9587947417319	61.3910137888465	44.017570615327	38.42460464392	44.0918556110601	39.1040422255708
Zik1	48.4748434029345	48.8543350631027	50.1294841283332	47.9617295225363	51.3538323845482	48.5363427081095	52.1085566312528	50.1333874686805
Alx1	40.3957028357788	41.0376414530063	44.231897760294	39.3286182084798	55.5459819669603	51.5698641273663	63.1315205340178	55.1467262155485
Alx4	48.4748434029345	42.9918148555304	52.095346251013	47.0024949320856	51.3538323845482	50.5586903209474	59.1231700239215	51.1360552180541
Arid2	40.3957028357788	42.9918148555304	43.2489666989542	41.2470873893812	46.1136454065331	42.4692998695958	51.1064690037287	43.1147132230652
Arx	44.4352731193567	36.152207946696	42.2660356376143	38.369383618029	45.06560801093	42.4692998695958	52.1085566312528	45.1200487218124
Dlx1	60.5935542536682	51.7855951668888	60.9417258030718	53.7171370652407	51.3538323845482	47.5251689016906	58.1210823963974	46.122716471186
Dlx6	49.484735973829	43.9689015567924	53.0782773123528	45.0840257511841	56.5940193625633	59.6592545787179	62.1294329064938	58.1547294636693
Foxj1	58.5737691118792	56.6710286731991	57.0100015577123	57.5540754270436	50.3057949889452	44.4916474824337	50.1043813762046	44.1173809724388
Hlx	37.3660251230954	37.129294647958	40.3001735149346	35.4916798466769	49.2577575933421	47.5251689016906	54.112731886301	51.1360552180541
Hoxa13	44.4352731193567	42.0147281542683	49.1465530669934	43.1655565702827	56.5940193625633	59.6592545787179	58.1210823963974	66.1760714586582
Hoxb13	44.4352731193567	42.9918148555304	50.1294841283332	45.0840257511841	58.6900941537693	62.6927759979748	60.1252576514456	68.1814069574054
Hoxc13	47.4649508320401	45.9230749593165	52.095346251013	47.0024949320856	58.6900941537693	60.6704283851369	59.1231700239215	66.1760714586582
Isl2	53.5243062574069	49.8314217643647	57.9929326190522	50.8394332938885	50.3057949889452	52.5810379337853	56.1169071413492	49.1307197193069
Lbx1	44.4352731193567	38.1063813492201	47.1806909443136	44.1247911607334	50.3057949889452	46.5139950952716	54.112731886301	50.1333874686805
Lhx4	37.3660251230954	34.1980345441719	39.3172424535947	33.5732106657754	46.1136454065331	38.42460464392	52.1085566312528	44.1173809724388
Lhx9	44.4352731193567	36.152207946696	42.2660356376143	38.369383618029	45.06560801093	42.4692998695958	52.1085566312528	45.1200487218124
Lmx1a	41.4055954066733	42.0147281542683	45.2148288216339	40.2878527989305	50.3057949889452	45.5028212888527	55.1148195138251	48.1280519699332
Lmx1b	37.3660251230954	37.129294647958	40.3001735149346	35.4916798466769	49.2577575933421	47.5251689016906	54.112731886301	51.1360552180541
Maf	39.3858102648843	38.1063813492201	39.3172424535947	37.4101490275783	41.921495824121	37.4134308375011	41.0855927284878	37.0987067268235
Mixl1	37.3660251230954	37.129294647958	40.3001735149346	35.4916798466769	49.2577575933421	47.5251689016906	54.112731886301	51.1360552180541
Msx3	66.652909679035	60.5793754782473	62.9075879257515	59.472544607945	82.7949542526389	93.0279901905432	83.1732730844997	96.2561039398665
Nkx12	84.8309759551355	71.3273291921299	70.7710364164705	74.8202980551566	84.8910290438449	82.9162521263537	80.1670102019274	85.2267586967568
Nkx62	41.4055954066733	43.9689015567924	47.1806909443136	40.2878527989305	50.3057949889452	51.5698641273663	55.1148195138251	54.1440584661749
Noto	42.4154879775677	44.9459882580545	47.1806909443136	41.2470873893812	39.8254210329149	33.3687356118253	45.0939432385842	35.0933712280763
Pax6	40.3957028357788	41.0376414530063	44.231897760294	39.3286182084798	57.6420567581663	53.5922117402042	63.1315205340178	56.1493939649221
Prrx2	38.3759176939898	36.152207946696	39.3172424535947	34.5324452562261	45.06560801093	38.42460464392	51.1064690037287	43.1147132230652
Runx3	49.484735973829	44.9459882580545	49.1465530669934	47.9617295225363	50.3057949889452	49.5475165145285	49.1022937486806	49.1307197193069
Sebox	38.3759176939898	35.1751212454339	39.3172424535947	33.5732106657754	48.2097201977391	46.5139950952716	55.1148195138251	54.1440584661749
Shox2	61.6034468245627	51.7855951668888	55.0441394350326	53.7171370652407	92.2272908130661	105.162075867571	92.1920617322165	112.298787929844
Six5	64.6331245372461	67.4189823870817	59.9587947417319	77.6980018265088	84.8910290438449	107.184423480408	85.1774483395479	115.306791177965
Spi1	50.4946285447235	50.8085084656268	49.1465530669934	51.7986678843392	56.5940193625633	61.6816021915558	56.1169071413492	61.1627327117902
Stat6	54.5341988283014	56.6710286731991	55.0441394350326	53.7171370652407	46.1136454065331	50.5586903209474	50.1043813762046	47.1253842205596
Uncx	36.3561325522009	36.152207946696	40.3001735149346	34.5324452562261	51.3538323845482	42.4692998695958	58.1210823963974	49.1307197193069
Zfp184	54.5341988283014	53.739768569413	55.0441394350326	53.7171370652407	53.4499071757542	54.6033855466232	54.112731886301	54.1440584661749
Zfp90	54.5341988283014	58.6252020757232	55.0441394350326	56.5948408365928	42.969533219724	43.4804736760148	45.0939432385842	42.1120454736916
Bcl6b	53.5243062574069	55.6939419719371	55.0441394350326	58.5133100174943	50.3057949889452	48.5363427081095	52.1085566312528	49.1307197193069
Cbfb	49.484735973829	44.9459882580545	49.1465530669934	47.9617295225363	49.2577575933421	50.5586903209474	50.1043813762046	50.1333874686805
Nkx61	39.3858102648843	34.1980345441719	44.231897760294	38.369383618029	48.2097201977391	44.4916474824337	50.1043813762046	48.1280519699332
Nkx63	42.4154879775677	40.0605547517442	50.1294841283332	42.2063219798319	48.2097201977391	47.5251689016906	52.1085566312528	52.1387229674277
Nr1i3	45.4451656902511	48.8543350631027	43.2489666989542	47.0024949320856	38.7773836373119	36.4022570310821	40.0835051009637	38.1013744761972
Pou3f1	48.4748434029345	53.739768569413	57.0100015577123	56.5948408365928	61.8342063405784	51.5698641273663	60.1252576514456	52.1387229674277
Tbx22	55.5440913991958	55.6939419719371	57.9929326190522	55.6356062461421	54.4979445713573	56.6257331594611	54.112731886301	55.1467262155485
Tead2	40.3957028357788	40.0605547517442	43.2489666989542	41.2470873893812	48.2097201977391	47.5251689016906	49.1022937486806	48.1280519699332
Zbtb26	59.5836616827737	55.6939419719371	62.9075879257515	59.472544607945	47.1616828021361	43.4804736760148	49.1022937486806	44.1173809724388
Zeb1	44.4352731193567	40.0605547517442	47.1806909443136	44.1247911607334	41.921495824121	38.42460464392	42.0876803560119	35.0933712280763
Arntl	93.9200090931857	150.471351994356	86.4979333979083	155.396003653018	71.2665429010056	102.128554448314	71.1482215542106	115.306791177965
Borcs8	77.7617279588742	75.2356759971781	76.6686227845097	70.024125102903	51.3538323845482	46.5139950952716	53.1106442587769	45.1200487218124
Clock	81.801298242452	129.952531267853	71.7539674778103	138.129781024905	71.2665429010056	99.0950330290569	70.1461339266865	112.298787929844
Creb3l2	57.5638765409848	64.4877222832955	55.0441394350326	66.1871867411001	61.8342063405784	67.7486450300695	59.1231700239215	70.1867424561526
E2f5	93.9200090931857	86.9607164123228	87.4808644592482	90.1680515023683	73.3626176922117	76.84920928784	72.1503091817347	77.2054167017679
Foxd2	45.4451656902511	45.9230749593165	52.095346251013	47.9617295225363	47.1616828021361	44.4916474824337	47.0981184936324	43.1147132230652
Foxd4	50.4946285447235	46.9001616605786	55.0441394350326	50.8394332938885	47.1616828021361	44.4916474824337	47.0981184936324	43.1147132230652
Foxe1	55.5440913991958	52.7626818681509	55.0441394350326	53.7171370652407	49.2577575933421	44.4916474824337	49.1022937486806	44.1173809724388
Foxe3	55.5440913991958	52.7626818681509	55.0441394350326	53.7171370652407	49.2577575933421	44.4916474824337	49.1022937486806	44.1173809724388
Foxf1	44.4352731193567	42.0147281542683	49.1465530669934	45.0840257511841	50.3057949889452	46.5139950952716	50.1043813762046	45.1200487218124
Foxf2	44.4352731193567	42.0147281542683	49.1465530669934	45.0840257511841	50.3057949889452	46.5139950952716	50.1043813762046	45.1200487218124
Foxg1	44.4352731193567	45.9230749593165	51.1124151896731	47.0024949320856	47.1616828021361	44.4916474824337	47.0981184936324	43.1147132230652
Foxi2	44.4352731193567	45.9230749593165	51.1124151896731	47.0024949320856	47.1616828021361	44.4916474824337	47.0981184936324	43.1147132230652
Foxi3	44.4352731193567	45.9230749593165	51.1124151896731	47.0024949320856	47.1616828021361	44.4916474824337	47.0981184936324	43.1147132230652
Foxj2	52.5144136865124	47.8772483618406	57.0100015577123	49.8801987034378	44.017570615327	39.435778450339	45.0939432385842	38.1013744761972
Foxj3	49.484735973829	45.9230749593165	56.0270704963724	48.920964112987	45.06560801093	41.4581260631769	47.0981184936324	41.109377724318
Foxo4	51.504521115618	48.8543350631027	55.0441394350326	50.8394332938885	48.2097201977391	45.5028212888527	48.1002061211565	45.1200487218124
Foxo6	42.4154879775677	42.0147281542683	49.1465530669934	46.0432603416349	46.1136454065331	39.435778450339	46.0960308661083	39.1040422255708
Foxp1	45.4451656902511	43.9689015567924	51.1124151896731	46.0432603416349	48.2097201977391	45.5028212888527	48.1002061211565	44.1173809724388
Foxp2	46.4550582611456	50.8085084656268	52.095346251013	50.8394332938885	48.2097201977391	45.5028212888527	48.1002061211565	44.1173809724388
Foxp3	45.4451656902511	43.9689015567924	51.1124151896731	46.0432603416349	48.2097201977391	45.5028212888527	48.1002061211565	44.1173809724388
Foxp4	45.4451656902511	43.9689015567924	51.1124151896731	46.0432603416349	48.2097201977391	45.5028212888527	48.1002061211565	44.1173809724388
Hes2	70.6924799626129	85.9836297110607	76.6686227845097	83.4534093692132	49.2577575933421	48.5363427081095	49.1022937486806	48.1280519699332
Hey1	94.9299016640801	109.43371054135	92.3955197659475	108.393508720932	55.5459819669603	60.6704283851369	54.112731886301	62.1654004611638
Mef2b	77.7617279588742	75.2356759971781	76.6686227845097	70.024125102903	51.3538323845482	46.5139950952716	53.1106442587769	45.1200487218124
Mef2c	77.7617279588742	75.2356759971781	78.6344849071894	72.9018288742552	52.4018697801512	47.5251689016906	52.1085566312528	46.122716471186
Mef2d	77.7617279588742	75.2356759971781	76.6686227845097	70.024125102903	51.3538323845482	46.5139950952716	53.1106442587769	45.1200487218124
Neurog1	44.4352731193567	42.9918148555304	56.0270704963724	43.1655565702827	40.8734584285179	34.3799094182442	44.0918556110601	35.0933712280763
Nfatc2	67.6628022499295	64.4877222832955	67.8222432324509	66.1871867411001	51.3538323845482	51.5698641273663	55.1148195138251	50.1333874686805
Nfatc4	63.6232319663516	62.5335488807714	64.8734500484313	62.3502483792972	49.2577575933421	46.5139950952716	53.1106442587769	47.1253842205596
Npas2	63.6232319663516	70.3502424908679	62.9075879257515	79.6164710074103	50.3057949889452	53.5922117402042	50.1043813762046	53.1413907168013
Sox10	55.5440913991958	57.6481153744612	59.9587947417319	60.4317791983957	45.06560801093	39.435778450339	47.0981184936324	40.1067099749444
Sox13	58.5737691118792	55.6939419719371	61.9246568644117	63.3094829697479	48.2097201977391	39.435778450339	50.1043813762046	40.1067099749444
Sox18	54.5341988283014	55.6939419719371	58.9758636803921	59.472544607945	47.1616828021361	39.435778450339	47.0981184936324	39.1040422255708
Sox5	52.5144136865124	54.716855270675	56.0270704963724	56.5948408365928	48.2097201977391	43.4804736760148	49.1022937486806	43.1147132230652
Thap1	48.4748434029345	44.9459882580545	45.2148288216339	46.0432603416349	58.6900941537693	58.648080772299	56.1169071413492	59.1573972130429
Usf1	67.6628022499295	100.639930229992	59.9587947417319	113.189681673186	76.5067298790208	101.117380641895	75.156572064307	111.296120180471
Mitf	53.5243062574069	74.2585892959161	47.1806909443136	80.575705597861	69.1704681097996	93.0279901905432	68.1419586716383	102.272110436108
Nr2e3	64.6331245372461	64.4877222832955	64.8734500484313	64.2687175601987	49.2577575933421	51.5698641273663	51.1064690037287	50.1333874686805
Sox11	55.5440913991958	58.6252020757232	59.9587947417319	59.472544607945	48.2097201977391	41.4581260631769	49.1022937486806	42.1120454736916
Sox15	54.5341988283014	56.6710286731991	58.9758636803921	59.472544607945	45.06560801093	38.42460464392	47.0981184936324	39.1040422255708
Sox21	53.5243062574069	56.6710286731991	58.9758636803921	58.5133100174943	45.06560801093	37.4134308375011	45.0939432385842	38.1013744761972
Aire	55.5440913991958	51.7855951668888	57.0100015577123	53.7171370652407	56.5940193625633	56.6257331594611	55.1148195138251	58.1547294636693
Arid3a	48.4748434029345	44.9459882580545	52.095346251013	46.0432603416349	53.4499071757542	49.5475165145285	54.112731886301	51.1360552180541
Arid3c	44.4352731193567	42.0147281542683	47.1806909443136	43.1655565702827	57.6420567581663	55.6145593530421	59.1231700239215	57.1520617142957
Cdc5l	68.6726948208239	75.2356759971781	65.8563811097711	70.9833596933537	47.1616828021361	46.5139950952716	51.1064690037287	46.122716471186
Dbx1	34.336347410412	29.3126010378616	39.3172424535947	32.6139760753247	48.2097201977391	45.5028212888527	53.1106442587769	49.1307197193069
Dmrtb1	36.3561325522009	31.2667744403857	38.3343113922548	35.4916798466769	51.3538323845482	52.5810379337853	51.1064690037287	54.1440584661749
Lhx1	35.3462399813064	33.2209478429098	39.3172424535947	34.5324452562261	54.4979445713573	56.6257331594611	59.1231700239215	61.1627327117902
Lhx3	34.336347410412	32.2438611416478	40.3001735149346	34.5324452562261	48.2097201977391	43.4804736760148	52.1085566312528	47.1253842205596
Lhx5	33.3264548395175	32.2438611416478	39.3172424535947	33.5732106657754	46.1136454065331	41.4581260631769	51.1064690037287	45.1200487218124
Pou2f1	49.484735973829	48.8543350631027	55.0441394350326	52.7579024747899	52.4018697801512	47.5251689016906	55.1148195138251	47.1253842205596
Pou3f4	42.4154879775677	42.9918148555304	49.1465530669934	46.0432603416349	52.4018697801512	44.4916474824337	56.1169071413492	49.1307197193069
Prrxl1	39.3858102648843	40.0605547517442	43.2489666989542	40.2878527989305	45.06560801093	39.435778450339	51.1064690037287	43.1147132230652
Sox1	52.5144136865124	55.6939419719371	50.1294841283332	55.6356062461421	46.1136454065331	42.4692998695958	45.0939432385842	40.1067099749444
Tbx15	48.4748434029345	50.8085084656268	50.1294841283332	51.7986678843392	40.8734584285179	41.4581260631769	43.089767983536	42.1120454736916
Tlx1	45.4451656902511	41.0376414530063	50.1294841283332	42.2063219798319	49.2577575933421	48.5363427081095	54.112731886301	51.1360552180541
Tlx2	45.4451656902511	41.0376414530063	50.1294841283332	42.2063219798319	49.2577575933421	48.5363427081095	54.112731886301	51.1360552180541
Dmrt1	52.5144136865124	46.9001616605786	51.1124151896731	49.8801987034378	50.3057949889452	47.5251689016906	51.1064690037287	49.1307197193069
Irf9	41.4055954066733	43.9689015567924	56.0270704963724	49.8801987034378	54.4979445713573	50.5586903209474	54.112731886301	48.1280519699332
Mynn	41.4055954066733	42.9918148555304	47.1806909443136	41.2470873893812	50.3057949889452	47.5251689016906	53.1106442587769	46.122716471186
Nfat5	51.504521115618	45.9230749593165	52.095346251013	49.8801987034378	49.2577575933421	46.5139950952716	52.1085566312528	45.1200487218124
Ovol2	53.5243062574069	56.6710286731991	53.0782773123528	82.4941747787625	44.017570615327	49.5475165145285	52.1085566312528	49.1307197193069
Pax3	56.5539839700903	57.6481153744612	61.9246568644117	60.4317791983957	60.7861689449754	62.6927759979748	60.1252576514456	66.1760714586582
Pou4f2	46.4550582611456	42.9918148555304	48.1636220056535	46.0432603416349	56.5940193625633	52.5810379337853	56.1169071413492	50.1333874686805
Zfp24	42.4154879775677	40.0605547517442	45.2148288216339	40.2878527989305	41.921495824121	37.4134308375011	43.089767983536	38.1013744761972
Myrf	56.5539839700903	54.716855270675	57.9929326190522	54.6763716556914	55.5459819669603	56.6257331594611	53.1106442587769	56.1493939649221
Rbpj	54.5341988283014	53.739768569413	54.0612083736927	52.7579024747899	46.1136454065331	46.5139950952716	47.0981184936324	45.1200487218124
Rbpjl	57.5638765409848	55.6939419719371	55.0441394350326	52.7579024747899	47.1616828021361	48.5363427081095	48.1002061211565	48.1280519699332
Tead1	44.4352731193567	42.9918148555304	46.1977598829738	43.1655565702827	51.3538323845482	52.5810379337853	51.1064690037287	52.1387229674277
Zfp932	49.484735973829	50.8085084656268	50.1294841283332	47.9617295225363	41.921495824121	43.4804736760148	43.089767983536	44.1173809724388
Foxa2	55.5440913991958	52.7626818681509	56.0270704963724	49.8801987034378	49.2577575933421	46.5139950952716	50.1043813762046	46.122716471186
Foxm1	50.4946285447235	50.8085084656268	51.1124151896731	48.920964112987	42.969533219724	43.4804736760148	44.0918556110601	46.122716471186
Mga	48.4748434029345	48.8543350631027	51.1124151896731	49.8801987034378	44.017570615327	43.4804736760148	46.0960308661083	42.1120454736916
Tbx1	57.5638765409848	58.6252020757232	57.9929326190522	55.6356062461421	36.6813088461058	31.3463879989874	38.0793298459155	30.0800324812083
Tbx10	57.5638765409848	58.6252020757232	57.9929326190522	55.6356062461421	36.6813088461058	31.3463879989874	38.0793298459155	30.0800324812083
Tbx6	54.5341988283014	55.6939419719371	55.0441394350326	52.7579024747899	40.8734584285179	38.42460464392	41.0855927284878	36.0960389774499
Zkscan2	60.5935542536682	63.5106355820335	65.8563811097711	63.3094829697479	55.5459819669603	57.63690696588	57.1189947688733	55.1467262155485
Zkscan6	55.5440913991958	55.6939419719371	58.9758636803921	54.6763716556914	51.3538323845482	52.5810379337853	50.1043813762046	51.1360552180541
Batf3	38.3759176939898	35.1751212454339	39.3172424535947	36.4509144371276	46.1136454065331	45.5028212888527	48.1002061211565	43.1147132230652
Esrrg	54.5341988283014	57.6481153744612	55.0441394350326	55.6356062461421	46.1136454065331	46.5139950952716	47.0981184936324	46.122716471186
Hnf4g	44.4352731193567	41.0376414530063	47.1806909443136	42.2063219798319	48.2097201977391	48.5363427081095	49.1022937486806	47.1253842205596
Nr2c2	44.4352731193567	46.9001616605786	47.1806909443136	47.0024949320856	50.3057949889452	50.5586903209474	48.1002061211565	50.1333874686805
Ppard	43.4253805484622	43.9689015567924	46.1977598829738	47.0024949320856	50.3057949889452	50.5586903209474	51.1064690037287	50.1333874686805
Pparg	46.4550582611456	48.8543350631027	48.1636220056535	49.8801987034378	52.4018697801512	55.6145593530421	52.1085566312528	55.1467262155485
Rxra	42.4154879775677	43.9689015567924	43.2489666989542	45.0840257511841	53.4499071757542	51.5698641273663	52.1085566312528	51.1360552180541
Twist2	38.3759176939898	29.3126010378616	38.3343113922548	34.5324452562261	38.7773836373119	30.3352141925684	36.0751545908673	32.0853679799555
Arnt2	31.3066696977286	31.2667744403857	39.3172424535947	35.4916798466769	53.4499071757542	64.7151236108127	52.1085566312528	72.1920779548999
Glis3	56.5539839700903	54.716855270675	55.0441394350326	51.7986678843392	55.5459819669603	56.6257331594611	55.1148195138251	55.1467262155485
Hhex	51.504521115618	51.7855951668888	52.095346251013	48.920964112987	52.4018697801512	49.5475165145285	56.1169071413492	49.1307197193069
Hnf4a	42.4154879775677	45.9230749593165	44.231897760294	43.1655565702827	56.5940193625633	55.6145593530421	55.1148195138251	55.1467262155485
Hsf2	42.4154879775677	44.9459882580545	44.231897760294	43.1655565702827	47.1616828021361	48.5363427081095	47.0981184936324	45.1200487218124
Nr5a1	55.5440913991958	61.5564621795094	54.0612083736927	60.4317791983957	44.017570615327	43.4804736760148	45.0939432385842	43.1147132230652
Ppara	48.4748434029345	49.8314217643647	50.1294841283332	50.8394332938885	48.2097201977391	48.5363427081095	49.1022937486806	49.1307197193069
Cebpe	45.4451656902511	43.9689015567924	44.231897760294	41.2470873893812	70.2185055054026	64.7151236108127	67.1398710441142	74.1974134536471
Dmrt2	52.5144136865124	51.7855951668888	49.1465530669934	51.7986678843392	45.06560801093	42.4692998695958	47.0981184936324	41.109377724318
Elf3	48.4748434029345	49.8314217643647	50.1294841283332	47.9617295225363	69.1704681097996	86.9609473520295	68.1419586716383	85.2267586967568
Evx2	55.5440913991958	61.5564621795094	57.9929326190522	70.9833596933537	46.1136454065331	39.435778450339	48.1002061211565	40.1067099749444
Gfi1	55.5440913991958	58.6252020757232	57.9929326190522	58.5133100174943	60.7861689449754	61.6816021915558	60.1252576514456	62.1654004611638
Hoxa4	44.4352731193567	52.7626818681509	49.1465530669934	50.8394332938885	41.921495824121	33.3687356118253	44.0918556110601	33.0880357293291
Hoxc4	44.4352731193567	45.9230749593165	45.2148288216339	46.0432603416349	41.921495824121	34.3799094182442	42.0876803560119	34.0907034787027
Phf21a	59.5836616827737	69.3731557896058	61.9246568644117	67.1464213315508	54.4979445713573	49.5475165145285	56.1169071413492	51.1360552180541
Tbp	57.5638765409848	66.4418956858196	58.9758636803921	62.3502483792972	48.2097201977391	45.5028212888527	51.1064690037287	44.1173809724388
Tbpl2	57.5638765409848	66.4418956858196	58.9758636803921	62.3502483792972	48.2097201977391	45.5028212888527	51.1064690037287	44.1173809724388
Zbtb33	73.7221576752963	82.0752829060125	68.8051742937907	78.6572364169595	75.4586924834177	76.84920928784	71.1482215542106	77.2054167017679
Zfp69	49.484735973829	52.7626818681509	48.1636220056535	53.7171370652407	51.3538323845482	52.5810379337853	52.1085566312528	51.1360552180541
Cdx1	58.5737691118792	62.5335488807714	58.9758636803921	57.5540754270436	49.2577575933421	48.5363427081095	53.1106442587769	49.1307197193069
Hoxa10	67.6628022499295	73.281502594654	66.839312171111	68.1056559220016	48.2097201977391	45.5028212888527	50.1043813762046	46.122716471186
Hoxb9	55.5440913991958	54.716855270675	56.0270704963724	53.7171370652407	53.4499071757542	50.5586903209474	54.112731886301	53.1413907168013
Hoxc11	53.5243062574069	58.6252020757232	59.9587947417319	53.7171370652407	44.017570615327	41.4581260631769	45.0939432385842	41.109377724318
Hoxc12	63.6232319663516	71.3273291921299	65.8563811097711	66.1871867411001	48.2097201977391	44.4916474824337	49.1022937486806	43.1147132230652
Hoxd10	67.6628022499295	73.281502594654	66.839312171111	69.0648905124523	58.6900941537693	57.63690696588	59.1231700239215	59.1573972130429
Hoxd12	62.6133393954571	69.3731557896058	66.839312171111	66.1871867411001	44.017570615327	39.435778450339	45.0939432385842	40.1067099749444
Irx3	59.5836616827737	71.3273291921299	69.7881053551306	68.1056559220016	38.7773836373119	33.3687356118253	39.0814174734396	31.0827002305819
Irx6	53.5243062574069	57.6481153744612	61.9246568644117	58.5133100174943	45.06560801093	49.5475165145285	48.1002061211565	51.1360552180541
Zscan29	33.3264548395175	39.0834680504821	26.5391386561764	31.654741484874	57.6420567581663	57.63690696588	59.1231700239215	56.1493939649221
Fev	68.6726948208239	73.281502594654	64.8734500484313	70.024125102903	67.0743933185935	76.84920928784	66.1377834165901	74.1974134536471
Tet1	48.4748434029345	47.8772483618406	46.1977598829738	42.2063219798319	54.4979445713573	59.6592545787179	53.1106442587769	59.1573972130429
Xbp1	60.5935542536682	61.5564621795094	58.9758636803921	65.2279521506494	67.0743933185935	74.8268616750021	66.1377834165901	78.2080844511415
Onecut1	53.5243062574069	53.739768569413	53.0782773123528	58.5133100174943	31.4411218680907	27.3016927733116	36.0751545908673	26.0693614837138
Pou6f2	55.5440913991958	51.7855951668888	58.9758636803921	53.7171370652407	51.3538323845482	44.4916474824337	53.1106442587769	47.1253842205596
Sox9	48.4748434029345	43.9689015567924	46.1977598829738	45.0840257511841	47.1616828021361	46.5139950952716	49.1022937486806	46.122716471186
Spz1	46.4550582611456	44.9459882580545	43.2489666989542	45.0840257511841	46.1136454065331	47.5251689016906	46.0960308661083	46.122716471186
Hdx	52.5144136865124	50.8085084656268	52.095346251013	49.8801987034378	51.3538323845482	45.5028212888527	52.1085566312528	45.1200487218124
Onecut2	63.6232319663516	64.4877222832955	63.8905189870914	70.024125102903	52.4018697801512	44.4916474824337	54.112731886301	44.1173809724388
Pou3f3	60.5935542536682	73.281502594654	68.8051742937907	78.6572364169595	52.4018697801512	50.5586903209474	53.1106442587769	49.1307197193069
Zfp354a	43.4253805484622	42.0147281542683	48.1636220056535	45.0840257511841	51.3538323845482	46.5139950952716	52.1085566312528	46.122716471186
Arid5a	57.5638765409848	65.4648089845576	57.9929326190522	55.6356062461421	55.5459819669603	47.5251689016906	50.1043813762046	45.1200487218124
Irx5	39.3858102648843	42.9918148555304	42.2660356376143	44.1247911607334	44.017570615327	43.4804736760148	43.089767983536	40.1067099749444
Prdm4	62.6133393954571	64.4877222832955	57.9929326190522	67.1464213315508	53.4499071757542	53.5922117402042	53.1106442587769	53.1413907168013
Srf	58.5737691118792	55.6939419719371	64.8734500484313	57.5540754270436	60.7861689449754	54.6033855466232	60.1252576514456	55.1467262155485
Zfp276	39.3858102648843	44.9459882580545	46.1977598829738	46.0432603416349	48.2097201977391	49.5475165145285	50.1043813762046	51.1360552180541
Lcorl	47.4649508320401	38.1063813492201	50.1294841283332	37.4101490275783	47.1616828021361	42.4692998695958	50.1043813762046	43.1147132230652
Rora	53.5243062574069	53.739768569413	59.9587947417319	52.7579024747899	52.4018697801512	48.5363427081095	52.1085566312528	49.1307197193069
Rorb	48.4748434029345	51.7855951668888	52.095346251013	50.8394332938885	44.017570615327	43.4804736760148	44.0918556110601	45.1200487218124
Zbtb22	39.3858102648843	33.2209478429098	39.3172424535947	36.4509144371276	39.8254210329149	37.4134308375011	42.0876803560119	33.0880357293291
Zfp248	50.4946285447235	51.7855951668888	52.095346251013	52.7579024747899	36.6813088461058	34.3799094182442	40.0835051009637	38.1013744761972
Zfp317	50.4946285447235	43.9689015567924	48.1636220056535	46.0432603416349	46.1136454065331	47.5251689016906	49.1022937486806	48.1280519699332
Esr2	45.4451656902511	46.9001616605786	43.2489666989542	47.9617295225363	41.921495824121	41.4581260631769	44.0918556110601	42.1120454736916
Mafb	46.4550582611456	52.7626818681509	43.2489666989542	51.7986678843392	50.3057949889452	51.5698641273663	49.1022937486806	51.1360552180541
Mafg	52.5144136865124	55.6939419719371	46.1977598829738	51.7986678843392	39.8254210329149	33.3687356118253	42.0876803560119	35.0933712280763
ENSMUSG00000097436	49.484735973829	47.8772483618406	48.1636220056535	46.0432603416349	61.8342063405784	63.7039498043937	62.1294329064938	65.1734037092846
Gsc	49.484735973829	47.8772483618406	48.1636220056535	46.0432603416349	61.8342063405784	63.7039498043937	62.1294329064938	65.1734037092846
Rhox9	49.484735973829	47.8772483618406	48.1636220056535	46.0432603416349	61.8342063405784	63.7039498043937	62.1294329064938	65.1734037092846
Ascl2	49.484735973829	49.8314217643647	47.1806909443136	49.8801987034378	49.2577575933421	47.5251689016906	48.1002061211565	46.122716471186
Tbx4	47.4649508320401	46.9001616605786	45.2148288216339	45.0840257511841	44.017570615327	41.4581260631769	45.0939432385842	41.109377724318
Tbx5	47.4649508320401	46.9001616605786	45.2148288216339	45.0840257511841	44.017570615327	41.4581260631769	45.0939432385842	41.109377724318
Tcf21	39.3858102648843	39.0834680504821	41.2831045762744	43.1655565702827	40.8734584285179	36.4022570310821	41.0855927284878	37.0987067268235
Zbtb20	42.4154879775677	45.9230749593165	39.3172424535947	47.0024949320856	28.2970096812816	22.2458237412169	30.0626288257228	24.0640259849666
Tbx2	46.4550582611456	46.9001616605786	47.1806909443136	45.0840257511841	44.017570615327	44.4916474824337	44.0918556110601	42.1120454736916
Tbx3	47.4649508320401	47.8772483618406	47.1806909443136	46.0432603416349	45.06560801093	44.4916474824337	44.0918556110601	42.1120454736916
Alx3	40.3957028357788	28.3355143365996	39.3172424535947	36.4509144371276	40.8734584285179	35.3910832246632	45.0939432385842	40.1067099749444
Dlx3	43.4253805484622	39.0834680504821	48.1636220056535	40.2878527989305	48.2097201977391	44.4916474824337	50.1043813762046	44.1173809724388
En1	40.3957028357788	28.3355143365996	39.3172424535947	36.4509144371276	40.8734584285179	35.3910832246632	45.0939432385842	40.1067099749444
Erg	58.5737691118792	64.4877222832955	57.0100015577123	64.2687175601987	66.0263559229905	77.860383094259	65.135695789066	76.2027489523943
Hesx1	44.4352731193567	34.1980345441719	45.2148288216339	39.3286182084798	74.4106550878147	84.9385997391916	78.1628349468792	92.245432942372
Hoxd1	47.4649508320401	35.1751212454339	47.1806909443136	40.2878527989305	71.2665429010056	74.8268616750021	73.1523968092588	78.2080844511415
Prop1	40.3957028357788	28.3355143365996	39.3172424535947	36.4509144371276	40.8734584285179	35.3910832246632	45.0939432385842	40.1067099749444
Prrx1	41.4055954066733	35.1751212454339	43.2489666989542	40.2878527989305	41.921495824121	32.3575618054063	44.0918556110601	34.0907034787027
Terf2	55.5440913991958	52.7626818681509	51.1124151896731	57.5540754270436	41.921495824121	42.4692998695958	43.089767983536	42.1120454736916
Bhlha15	44.4352731193567	30.2896877391237	45.2148288216339	38.369383618029	35.6332714505028	28.3128665797305	33.0688917082951	29.0773647318347
Bhlhe22	44.4352731193567	28.3355143365996	43.2489666989542	38.369383618029	33.5371966592968	27.3016927733116	32.066804080771	28.0746969824611
En2	47.4649508320401	35.1751212454339	47.1806909443136	40.2878527989305	71.2665429010056	74.8268616750021	73.1523968092588	78.2080844511415
Esx1	46.4550582611456	34.1980345441719	47.1806909443136	42.2063219798319	44.017570615327	36.4022570310821	45.0939432385842	40.1067099749444
Gbx1	67.6628022499295	51.7855951668888	57.9929326190522	57.5540754270436	75.4586924834177	61.6816021915558	64.1336081615419	65.1734037092846
Isx	76.7518353879797	56.6710286731991	62.9075879257515	64.2687175601987	78.6028046702268	73.8156878685832	72.1503091817347	77.2054167017679
Otp	41.4055954066733	35.1751212454339	43.2489666989542	40.2878527989305	41.921495824121	32.3575618054063	44.0918556110601	34.0907034787027
Phox2a	67.6628022499295	51.7855951668888	57.9929326190522	57.5540754270436	75.4586924834177	61.6816021915558	64.1336081615419	65.1734037092846
Phox2b	67.6628022499295	51.7855951668888	57.9929326190522	57.5540754270436	75.4586924834177	61.6816021915558	64.1336081615419	65.1734037092846
Vsx2	54.5341988283014	52.7626818681509	56.0270704963724	61.3910137888465	62.8822437361814	62.6927759979748	63.1315205340178	64.170735959911
Zfp1	47.4649508320401	44.9459882580545	47.1806909443136	47.9617295225363	39.8254210329149	40.4469522567579	41.0855927284878	39.1040422255708
Nfe2l1	52.5144136865124	48.8543350631027	50.1294841283332	49.8801987034378	52.4018697801512	45.5028212888527	52.1085566312528	47.1253842205596
Zbtb12	55.5440913991958	53.739768569413	56.0270704963724	58.5133100174943	38.7773836373119	35.3910832246632	40.0835051009637	35.0933712280763
Dmbx1	65.6430171081405	66.4418956858196	66.839312171111	58.5133100174943	53.4499071757542	52.5810379337853	53.1106442587769	51.1360552180541
Gsc2	54.5341988283014	53.739768569413	56.0270704963724	50.8394332938885	54.4979445713573	54.6033855466232	56.1169071413492	56.1493939649221
Msx2	49.484735973829	42.9918148555304	54.0612083736927	45.0840257511841	77.5547672746238	91.0056425777053	82.1711854569756	94.2507684411193
Nobox	48.4748434029345	39.0834680504821	49.1465530669934	41.2470873893812	79.6508420658298	100.106206835476	84.1753607120238	105.280113684229
Nr5a2	59.5836616827737	67.4189823870817	57.0100015577123	64.2687175601987	42.969533219724	39.435778450339	44.0918556110601	40.1067099749444
Obox1	57.5638765409848	58.6252020757232	60.9417258030718	53.7171370652407	41.921495824121	38.42460464392	43.089767983536	38.1013744761972
Obox6	61.6034468245627	65.4648089845576	65.8563811097711	56.5948408365928	39.8254210329149	35.3910832246632	42.0876803560119	33.0880357293291
Obox8	61.6034468245627	65.4648089845576	65.8563811097711	56.5948408365928	39.8254210329149	35.3910832246632	42.0876803560119	33.0880357293291
Otx2	54.5341988283014	52.7626818681509	54.0612083736927	52.7579024747899	56.5940193625633	56.6257331594611	56.1169071413492	58.1547294636693
Pitx1	58.5737691118792	57.6481153744612	57.9929326190522	54.6763716556914	48.2097201977391	47.5251689016906	49.1022937486806	48.1280519699332
Pitx3	56.5539839700903	55.6939419719371	57.9929326190522	49.8801987034378	48.2097201977391	47.5251689016906	49.1022937486806	48.1280519699332
Q8VHG7	57.5638765409848	55.6939419719371	59.9587947417319	52.7579024747899	41.921495824121	37.4134308375011	41.0855927284878	37.0987067268235
Dmrtc2	45.4451656902511	41.0376414530063	45.2148288216339	42.2063219798319	44.017570615327	39.435778450339	45.0939432385842	37.0987067268235
Gata5	40.3957028357788	36.152207946696	41.2831045762744	39.3286182084798	50.3057949889452	47.5251689016906	50.1043813762046	47.1253842205596
Nfe2	42.4154879775677	39.0834680504821	48.1636220056535	39.3286182084798	49.2577575933421	44.4916474824337	48.1002061211565	45.1200487218124
Nfe2l3	42.4154879775677	39.0834680504821	48.1636220056535	39.3286182084798	49.2577575933421	44.4916474824337	48.1002061211565	45.1200487218124
Prox1	60.5935542536682	65.4648089845576	63.8905189870914	54.6763716556914	49.2577575933421	48.5363427081095	49.1022937486806	48.1280519699332
Prox2	60.5935542536682	65.4648089845576	63.8905189870914	54.6763716556914	49.2577575933421	48.5363427081095	49.1022937486806	48.1280519699332
Bach2	54.5341988283014	49.8314217643647	54.0612083736927	49.8801987034378	57.6420567581663	55.6145593530421	55.1148195138251	57.1520617142957
Fosb	46.4550582611456	43.9689015567924	47.1806909443136	43.1655565702827	40.8734584285179	38.42460464392	43.089767983536	39.1040422255708
Nr2c1	51.504521115618	54.716855270675	51.1124151896731	54.6763716556914	44.017570615327	44.4916474824337	45.0939432385842	44.1173809724388
Zfp57	63.6232319663516	54.716855270675	57.0100015577123	53.7171370652407	59.7381315493724	59.6592545787179	56.1169071413492	58.1547294636693
Epas1	50.4946285447235	57.6481153744612	47.1806909443136	55.6356062461421	64.9783185273875	63.7039498043937	61.1273452789697	66.1760714586582
Mecp2	42.4154879775677	42.9918148555304	46.1977598829738	45.0840257511841	54.4979445713573	55.6145593530421	57.1189947688733	58.1547294636693
Rfx7	57.5638765409848	64.4877222832955	62.9075879257515	69.0648905124523	66.0263559229905	69.7709926429074	64.1336081615419	70.1867424561526
Fos	47.4649508320401	45.9230749593165	49.1465530669934	44.1247911607334	40.8734584285179	38.42460464392	43.089767983536	39.1040422255708
Fosl2	45.4451656902511	43.9689015567924	45.2148288216339	42.2063219798319	41.921495824121	38.42460464392	43.089767983536	39.1040422255708
Thrb	47.4649508320401	46.9001616605786	51.1124151896731	45.0840257511841	41.921495824121	45.5028212888527	42.0876803560119	48.1280519699332
Hoxb8	44.4352731193567	39.0834680504821	46.1977598829738	39.3286182084798	44.017570615327	40.4469522567579	46.0960308661083	40.1067099749444
Hsf5	48.4748434029345	38.1063813492201	44.231897760294	38.369383618029	47.1616828021361	47.5251689016906	50.1043813762046	48.1280519699332
Irf4	54.5341988283014	53.739768569413	58.9758636803921	50.8394332938885	53.4499071757542	54.6033855466232	55.1148195138251	52.1387229674277
Msgn1	52.5144136865124	48.8543350631027	53.0782773123528	49.8801987034378	50.3057949889452	45.5028212888527	50.1043813762046	48.1280519699332
Rfx5	52.5144136865124	55.6939419719371	57.0100015577123	59.472544607945	62.8822437361814	67.7486450300695	66.1377834165901	66.1760714586582
Thap11	60.5935542536682	57.6481153744612	56.0270704963724	57.5540754270436	75.4586924834177	91.0056425777053	74.1544844367829	95.2534361904929
Foxo1	44.4352731193567	43.9689015567924	50.1294841283332	46.0432603416349	48.2097201977391	44.4916474824337	48.1002061211565	43.1147132230652
Hsf4	45.4451656902511	47.8772483618406	49.1465530669934	46.0432603416349	51.3538323845482	53.5922117402042	51.1064690037287	51.1360552180541
Foxd3	56.5539839700903	52.7626818681509	57.0100015577123	52.7579024747899	49.2577575933421	47.5251689016906	51.1064690037287	46.122716471186
Sox14	52.5144136865124	56.6710286731991	58.9758636803921	60.4317791983957	47.1616828021361	39.435778450339	47.0981184936324	41.109377724318
Sox7	52.5144136865124	55.6939419719371	57.0100015577123	57.5540754270436	45.06560801093	38.42460464392	45.0939432385842	38.1013744761972
Sox8	52.5144136865124	55.6939419719371	57.0100015577123	57.5540754270436	45.06560801093	38.42460464392	45.0939432385842	38.1013744761972
Zfp410	43.4253805484622	43.9689015567924	46.1977598829738	42.2063219798319	47.1616828021361	47.5251689016906	47.0981184936324	48.1280519699332
Fbxl19	59.5836616827737	50.8085084656268	42.2660356376143	34.5324452562261	66.0263559229905	74.8268616750021	66.1377834165901	71.1894102055263
Myb	42.4154879775677	41.0376414530063	46.1977598829738	44.1247911607334	56.5940193625633	56.6257331594611	57.1189947688733	57.1520617142957
Hsf3	41.4055954066733	40.0605547517442	45.2148288216339	41.2470873893812	50.3057949889452	54.6033855466232	51.1064690037287	51.1360552180541
Mef2a	50.4946285447235	45.9230749593165	57.0100015577123	52.7579024747899	44.017570615327	41.4581260631769	46.0960308661083	42.1120454736916
Zkscan17	47.4649508320401	45.9230749593165	50.1294841283332	48.920964112987	51.3538323845482	53.5922117402042	51.1064690037287	53.1413907168013
Bsx	42.4154879775677	33.2209478429098	43.2489666989542	36.4509144371276	51.3538323845482	64.7151236108127	56.1169071413492	66.1760714586582
Foxa3	48.4748434029345	44.9459882580545	51.1124151896731	46.0432603416349	52.4018697801512	51.5698641273663	55.1148195138251	52.1387229674277
Tlx3	59.5836616827737	50.8085084656268	60.9417258030718	52.7579024747899	64.9783185273875	65.7262974172316	64.1336081615419	68.1814069574054
Pax7	83.821083384241	66.4418956858196	65.8563811097711	68.1056559220016	100.61158997789	115.27381393176	96.2004122423129	122.32546542358
Dmrta1	27.2670994141507	26.3813409340754	35.3855182082352	29.7362723039725	49.2577575933421	51.5698641273663	49.1022937486806	53.1413907168013
Emx1	27.2670994141507	23.4500808302893	28.5050007788562	25.8993339421696	39.8254210329149	40.4469522567579	45.0939432385842	45.1200487218124
Evx1	36.3561325522009	25.4042542328134	34.4025871468954	28.7770377135218	42.969533219724	36.4022570310821	44.0918556110601	36.0960389774499
Hoxa2	33.3264548395175	26.3813409340754	36.3684492695751	29.7362723039725	47.1616828021361	39.435778450339	49.1022937486806	40.1067099749444
Hoxb2	33.3264548395175	26.3813409340754	36.3684492695751	29.7362723039725	47.1616828021361	39.435778450339	49.1022937486806	40.1067099749444
Hoxd3	27.2670994141507	22.4729941290272	27.5220697175163	24.9400993517189	48.2097201977391	45.5028212888527	50.1043813762046	49.1307197193069
Pax8	55.5440913991958	48.8543350631027	47.1806909443136	49.8801987034378	63.9302811317845	65.7262974172316	62.1294329064938	65.1734037092846
Gata4	40.3957028357788	37.129294647958	41.2831045762744	37.4101490275783	49.2577575933421	46.5139950952716	49.1022937486806	45.1200487218124
Zfp777	83.821083384241	101.617016931254	81.583278091209	102.638101178228	78.6028046702268	86.9609473520295	77.1607473193552	90.2400974436248
Zkscan1	47.4649508320401	42.0147281542683	50.1294841283332	41.2470873893812	46.1136454065331	47.5251689016906	46.0960308661083	49.1307197193069
Cenpb	86.8507610969244	100.639930229992	84.5320712752286	109.352743311383	60.7861689449754	65.7262974172316	59.1231700239215	66.1760714586582
Rfx1	53.5243062574069	57.6481153744612	55.0441394350326	62.3502483792972	57.6420567581663	61.6816021915558	59.1231700239215	61.1627327117902
Sox30	56.5539839700903	55.6939419719371	62.9075879257515	58.5133100174943	45.06560801093	38.42460464392	46.0960308661083	39.1040422255708
Sry	61.6034468245627	65.4648089845576	67.8222432324509	65.2279521506494	47.1616828021361	40.4469522567579	48.1002061211565	40.1067099749444
Nfatc3	57.5638765409848	55.6939419719371	60.9417258030718	60.4317791983957	52.4018697801512	47.5251689016906	54.112731886301	48.1280519699332
Rfx2	48.4748434029345	51.7855951668888	52.095346251013	54.6763716556914	57.6420567581663	61.6816021915558	61.1273452789697	60.1600649624166
Foxd1	47.4649508320401	42.0147281542683	50.1294841283332	45.0840257511841	51.3538323845482	47.5251689016906	52.1085566312528	48.1280519699332
Cphx1	127.246463932703	134.837964774163	114.020003115425	139.089015615355	121.572337889951	146.620201930747	118.246340047843	155.413501152909
Cphx2	127.246463932703	134.837964774163	114.020003115425	139.089015615355	121.572337889951	146.620201930747	118.246340047843	155.413501152909
Cphx3	127.246463932703	134.837964774163	114.020003115425	139.089015615355	121.572337889951	146.620201930747	118.246340047843	155.413501152909
Foxa1	46.4550582611456	42.9918148555304	50.1294841283332	44.1247911607334	49.2577575933421	46.5139950952716	51.1064690037287	46.122716471186
Junb	34.336347410412	30.2896877391237	40.3001735149346	31.654741484874	47.1616828021361	45.5028212888527	49.1022937486806	44.1173809724388
Pou2f2	52.5144136865124	51.7855951668888	57.9929326190522	55.6356062461421	49.2577575933421	48.5363427081095	50.1043813762046	50.1333874686805
Naif1	35.3462399813064	34.1980345441719	33.4196560855555	32.6139760753247	49.2577575933421	42.4692998695958	50.1043813762046	40.1067099749444
Dpf3	67.6628022499295	79.1440228022263	62.9075879257515	84.4126439596639	42.969533219724	38.42460464392	40.0835051009637	41.109377724318
Zbtb45	67.6628022499295	79.1440228022263	62.9075879257515	84.4126439596639	46.1136454065331	43.4804736760148	44.0918556110601	45.1200487218124
Zfp354b	48.4748434029345	49.8314217643647	53.0782773123528	52.7579024747899	46.1136454065331	41.4581260631769	47.0981184936324	43.1147132230652
Zfp558	45.4451656902511	41.0376414530063	44.231897760294	41.2470873893812	44.017570615327	44.4916474824337	46.0960308661083	43.1147132230652
Kdm2b	41.4055954066733	39.0834680504821	47.1806909443136	28.7770377135218	74.4106550878147	94.0391639969622	84.1753607120238	102.272110436108
Mecom	42.4154879775677	46.9001616605786	44.231897760294	47.9617295225363	41.921495824121	35.3910832246632	42.0876803560119	36.0960389774499
Duxbl1	115.12775308197	105.525363736302	91.4125887046077	115.108150854087	123.668412681157	145.609028124329	117.244252420319	150.400162406041
Duxbl2	115.12775308197	105.525363736302	91.4125887046077	115.108150854087	123.668412681157	145.609028124329	117.244252420319	150.400162406041
Duxbl3	115.12775308197	105.525363736302	91.4125887046077	115.108150854087	123.668412681157	145.609028124329	117.244252420319	150.400162406041
Lhx8	95.9397942349746	94.7774100224192	81.583278091209	100.719631997326	115.284113516333	134.48611625372	108.225463772602	138.368149413558
Hoxc6	36.3561325522009	28.3355143365996	38.3343113922548	30.6955068944232	48.2097201977391	46.5139950952716	53.1106442587769	51.1360552180541
Zfp637	52.5144136865124	47.8772483618406	49.1465530669934	36.4509144371276	45.06560801093	35.3910832246632	41.0855927284878	38.1013744761972
Hoxa11	42.4154879775677	35.1751212454339	44.231897760294	37.4101490275783	41.921495824121	40.4469522567579	43.089767983536	38.1013744761972
Hoxd13	40.3957028357788	35.1751212454339	43.2489666989542	36.4509144371276	53.4499071757542	54.6033855466232	55.1148195138251	63.1680682105374
Hoxd9	47.4649508320401	40.0605547517442	48.1636220056535	43.1655565702827	60.7861689449754	65.7262974172316	63.1315205340178	72.1920779548999
Pax2	34.336347410412	26.3813409340754	33.4196560855555	28.7770377135218	60.7861689449754	64.7151236108127	63.1315205340178	65.1734037092846
Pou1f1	54.5341988283014	48.8543350631027	59.9587947417319	52.7579024747899	50.3057949889452	41.4581260631769	51.1064690037287	41.109377724318
Sp140	28.2769919850452	30.2896877391237	41.2831045762744	29.7362723039725	54.4979445713573	47.5251689016906	55.1148195138251	47.1253842205596
Zfp12	44.4352731193567	44.9459882580545	50.1294841283332	45.0840257511841	40.8734584285179	37.4134308375011	42.0876803560119	38.1013744761972
Gsx2	40.3957028357788	38.1063813492201	45.2148288216339	42.2063219798319	41.921495824121	35.3910832246632	44.0918556110601	35.0933712280763
Hoxa1	37.3660251230954	35.1751212454339	41.2831045762744	36.4509144371276	49.2577575933421	49.5475165145285	53.1106442587769	55.1467262155485
Srebf2	90.8903313805023	173.921432824646	79.6174159685293	193.765387271047	72.3145802966087	116.284987738179	73.1523968092588	137.365481664184
Vax1	37.3660251230954	42.0147281542683	46.1977598829738	38.369383618029	41.921495824121	35.3910832246632	45.0939432385842	36.0960389774499
Vax2	37.3660251230954	35.1751212454339	41.2831045762744	36.4509144371276	39.8254210329149	33.3687356118253	42.0876803560119	34.0907034787027
Sox17	46.4550582611456	43.9689015567924	50.1294841283332	47.0024949320856	40.8734584285179	37.4134308375011	42.0876803560119	37.0987067268235
Vsx1	62.6133393954571	57.6481153744612	61.9246568644117	62.3502483792972	76.5067298790208	63.7039498043937	69.1440462991624	63.1680682105374
Rfx3	51.504521115618	56.6710286731991	55.0441394350326	58.5133100174943	60.7861689449754	65.7262974172316	63.1315205340178	64.170735959911
Gm5294	44.4352731193567	42.0147281542683	48.1636220056535	46.0432603416349	48.2097201977391	44.4916474824337	47.0981184936324	44.1173809724388
Foxl1	50.4946285447235	47.8772483618406	52.095346251013	47.0024949320856	50.3057949889452	45.5028212888527	50.1043813762046	45.1200487218124
Foxs1	50.4946285447235	47.8772483618406	52.095346251013	47.0024949320856	50.3057949889452	45.5028212888527	50.1043813762046	45.1200487218124
Thap12	50.4946285447235	57.6481153744612	51.1124151896731	47.9617295225363	41.921495824121	41.4581260631769	44.0918556110601	44.1173809724388
Foxk1	35.3462399813064	35.1751212454339	39.3172424535947	37.4101490275783	49.2577575933421	49.5475165145285	51.1064690037287	48.1280519699332
Foxk2	44.4352731193567	42.9918148555304	50.1294841283332	47.0024949320856	48.2097201977391	46.5139950952716	49.1022937486806	45.1200487218124
Foxo3	44.4352731193567	42.9918148555304	48.1636220056535	44.1247911607334	49.2577575933421	48.5363427081095	50.1043813762046	48.1280519699332
Trps1	60.5935542536682	53.739768569413	50.1294841283332	54.6763716556914	64.9783185273875	71.7933402557453	66.1377834165901	67.1787392080318
Foxn4	63.6232319663516	69.3731557896058	65.8563811097711	68.1056559220016	64.9783185273875	70.7821664493264	63.1315205340178	72.1920779548999
Ahr	63.6232319663516	60.5793754782473	69.7881053551306	59.472544607945	63.9302811317845	66.7374712236506	61.1273452789697	65.1734037092846
ENSMUSG00000097200	50.4946285447235	42.0147281542683	47.1806909443136	42.2063219798319	37.7293462417089	32.3575618054063	44.0918556110601	36.0960389774499
Gsx1	41.4055954066733	32.2438611416478	40.3001735149346	33.5732106657754	41.921495824121	38.42460464392	46.0960308661083	42.1120454736916
Lhx2	37.3660251230954	25.4042542328134	34.4025871468954	27.8178031230711	44.017570615327	44.4916474824337	50.1043813762046	50.1333874686805
Lhx6	33.3264548395175	25.4042542328134	34.4025871468954	28.7770377135218	49.2577575933421	50.5586903209474	54.112731886301	55.1467262155485
Msc	54.5341988283014	46.9001616605786	58.9758636803921	45.0840257511841	41.921495824121	32.3575618054063	42.0876803560119	32.0853679799555
Rhox6	50.4946285447235	42.0147281542683	47.1806909443136	42.2063219798319	37.7293462417089	32.3575618054063	44.0918556110601	36.0960389774499
Pax4	34.336347410412	27.3584276353375	38.3343113922548	30.6955068944232	61.8342063405784	60.6704283851369	63.1315205340178	62.1654004611638
Atoh7	50.4946285447235	45.9230749593165	55.0441394350326	44.1247911607334	46.1136454065331	43.4804736760148	46.0960308661083	43.1147132230652
Zscan20	47.4649508320401	46.9001616605786	65.8563811097711	45.0840257511841	39.8254210329149	43.4804736760148	41.0855927284878	48.1280519699332
Cxxc4	59.5836616827737	54.716855270675	63.8905189870914	59.472544607945	47.1616828021361	51.5698641273663	54.112731886301	60.1600649624166
Cxxc5	59.5836616827737	54.716855270675	63.8905189870914	59.472544607945	47.1616828021361	51.5698641273663	54.112731886301	60.1600649624166
Neurog3	43.4253805484622	39.0834680504821	51.1124151896731	36.4509144371276	46.1136454065331	41.4581260631769	49.1022937486806	41.109377724318
Tet3	59.5836616827737	54.716855270675	63.8905189870914	59.472544607945	47.1616828021361	51.5698641273663	54.112731886301	60.1600649624166
Runx2	63.6232319663516	62.5335488807714	56.0270704963724	55.6356062461421	53.4499071757542	51.5698641273663	51.1064690037287	50.1333874686805
Tbx19	42.4154879775677	38.1063813492201	41.2831045762744	37.4101490275783	52.4018697801512	46.5139950952716	50.1043813762046	48.1280519699332
Hoxa6	46.4550582611456	42.0147281542683	50.1294841283332	42.2063219798319	46.1136454065331	46.5139950952716	50.1043813762046	49.1307197193069
Hoxa7	45.4451656902511	41.0376414530063	46.1977598829738	42.2063219798319	45.06560801093	45.5028212888527	48.1002061211565	48.1280519699332
Hoxb1	29.2868845559396	20.5188207265031	29.487931840196	23.9808647612682	48.2097201977391	52.5810379337853	52.1085566312528	58.1547294636693
Hoxc10	32.316562268623	24.4271675315513	35.3855182082352	23.9808647612682	48.2097201977391	48.5363427081095	51.1064690037287	52.1387229674277
Hoxc8	49.484735973829	43.9689015567924	51.1124151896731	44.1247911607334	39.8254210329149	35.3910832246632	43.089767983536	34.0907034787027
Meox2	29.2868845559396	20.5188207265031	29.487931840196	23.9808647612682	48.2097201977391	52.5810379337853	52.1085566312528	58.1547294636693
Dbx2	71.7023725335073	61.5564621795094	70.7710364164705	62.3502483792972	47.1616828021361	39.435778450339	52.1085566312528	40.1067099749444
Dlx2	69.6825873917184	62.5335488807714	70.7710364164705	61.3910137888465	47.1616828021361	40.4469522567579	53.1106442587769	40.1067099749444
Dlx5	71.7023725335073	61.5564621795094	70.7710364164705	62.3502483792972	47.1616828021361	39.435778450339	52.1085566312528	40.1067099749444
Dmrta2	41.4055954066733	34.1980345441719	42.2660356376143	42.2063219798319	42.969533219724	41.4581260631769	44.0918556110601	42.1120454736916
Hoxd4	159.563026201326	121.158750956495	127.781037974183	125.659731349045	45.06560801093	36.4022570310821	49.1022937486806	38.1013744761972
Hoxa9	53.5243062574069	50.8085084656268	52.095346251013	48.920964112987	40.8734584285179	37.4134308375011	46.0960308661083	35.0933712280763
Rax	78.7716205297686	58.6252020757232	60.9417258030718	61.3910137888465	75.4586924834177	74.8268616750021	73.1523968092588	76.2027489523943
Emx2	48.4748434029345	36.152207946696	48.1636220056535	44.1247911607334	59.7381315493724	61.6816021915558	58.1210823963974	65.1734037092846
Gbx2	74.7320502461908	59.6022887769853	57.9929326190522	64.2687175601987	82.7949542526389	92.0168163841243	79.1649225744033	96.2561039398665
Msx1	74.7320502461908	59.6022887769853	57.9929326190522	64.2687175601987	82.7949542526389	92.0168163841243	79.1649225744033	96.2561039398665
Nkx11	91.9002239513967	75.2356759971781	75.6856917231698	80.575705597861	86.987103835051	97.072685416219	84.1753607120238	102.272110436108
Mtf1	69.6825873917184	73.281502594654	65.8563811097711	78.6572364169595	80.6988794614329	105.162075867571	92.1920617322165	103.274778185482
Sp100	116.137645652864	132.883791371639	145.4737970783	136.211311844003	53.4499071757542	57.63690696588	55.1148195138251	56.1493939649221
Creb3l1	52.5144136865124	44.9459882580545	48.1636220056535	46.0432603416349	66.0263559229905	73.8156878685832	64.1336081615419	75.2000812030207
Foxn2	34.336347410412	31.2667744403857	44.231897760294	32.6139760753247	59.7381315493724	62.6927759979748	61.1273452789697	63.1680682105374
Hif1a	52.5144136865124	55.6939419719371	44.231897760294	48.920964112987	58.6900941537693	58.648080772299	57.1189947688733	61.1627327117902
Barx2	45.4451656902511	42.9918148555304	51.1124151896731	43.1655565702827	56.5940193625633	61.6816021915558	59.1231700239215	65.1734037092846
Cux1	53.5243062574069	50.8085084656268	58.9758636803921	45.0840257511841	48.2097201977391	46.5139950952716	46.0960308661083	48.1280519699332
Dlx4	47.4649508320401	46.9001616605786	55.0441394350326	45.0840257511841	50.3057949889452	48.5363427081095	54.112731886301	47.1253842205596
Hmx2	53.5243062574069	52.7626818681509	59.9587947417319	50.8394332938885	52.4018697801512	51.5698641273663	59.1231700239215	51.1360552180541
Hmx3	49.484735973829	47.8772483618406	54.0612083736927	47.9617295225363	51.3538323845482	51.5698641273663	55.1148195138251	52.1387229674277
Hoxb7	46.4550582611456	42.0147281542683	50.1294841283332	42.2063219798319	40.8734584285179	36.4022570310821	44.0918556110601	36.0960389774499
Hoxd8	46.4550582611456	42.0147281542683	50.1294841283332	42.2063219798319	40.8734584285179	36.4022570310821	44.0918556110601	36.0960389774499
Klf9	42.4154879775677	39.0834680504821	54.0612083736927	33.5732106657754	72.3145802966087	75.8380354814211	73.1523968092588	81.2160876992623
Mnx1	52.5144136865124	62.5335488807714	69.7881053551306	53.7171370652407	59.7381315493724	67.7486450300695	63.1315205340178	70.1867424561526
Nanog	38.3759176939898	35.1751212454339	42.2660356376143	35.4916798466769	39.8254210329149	38.42460464392	42.0876803560119	36.0960389774499
Crebl2	101.999149660341	127.998357865329	87.4808644592482	134.292842663102	80.6988794614329	118.307335351017	82.1711854569756	139.370817162932
Grhl1	48.4748434029345	66.4418956858196	58.9758636803921	63.3094829697479	48.2097201977391	45.5028212888527	49.1022937486806	44.1173809724388
Dmrt3	30.2967771268341	34.1980345441719	40.3001735149346	36.4509144371276	45.06560801093	41.4581260631769	47.0981184936324	39.1040422255708
Ovol1	26.2572068432562	19.5417340252411	29.487931840196	24.9400993517189	42.969533219724	46.5139950952716	45.0939432385842	44.1173809724388
Rfx8	66.652909679035	67.4189823870817	71.7539674778103	64.2687175601987	66.0263559229905	70.7821664493264	65.135695789066	72.1920779548999
Neurod4	54.5341988283014	50.8085084656268	54.0612083736927	48.920964112987	52.4018697801512	44.4916474824337	50.1043813762046	44.1173809724388
Hsfy2	89.8804388096078	92.8232366198951	95.3443129499671	95.9234590450726	81.7469168570359	77.860383094259	74.1544844367829	80.2134199498887
Olig3	33.3264548395175	31.2667744403857	41.2831045762744	33.5732106657754	39.8254210329149	43.4804736760148	48.1002061211565	41.109377724318
Crebzf	83.821083384241	85.9836297110607	86.4979333979083	65.2279521506494	64.9783185273875	67.7486450300695	67.1398710441142	66.1760714586582
Hmga2	77.7617279588742	73.281502594654	80.6003470298691	67.1464213315508	52.4018697801512	45.5028212888527	54.112731886301	44.1173809724388
Homez	62.6133393954571	55.6939419719371	77.6515538458495	63.3094829697479	26.2009348900756	23.2569975476358	32.066804080771	21.0560227368458
Jun	47.4649508320401	49.8314217643647	52.095346251013	48.920964112987	74.4106550878147	88.9832949648674	76.1586596918311	100.266774937361
Jund	50.4946285447235	55.6939419719371	58.9758636803921	53.7171370652407	61.8342063405784	70.7821664493264	64.1336081615419	76.2027489523943
Cebpb	53.5243062574069	66.4418956858196	48.1636220056535	50.8394332938885	73.3626176922117	73.8156878685832	77.1607473193552	78.2080844511415
Irf6	52.5144136865124	54.716855270675	69.7881053551306	46.0432603416349	53.4499071757542	56.6257331594611	56.1169071413492	52.1387229674277
Zfp653	55.5440913991958	56.6710286731991	57.9929326190522	51.7986678843392	56.5940193625633	61.6816021915558	61.1273452789697	61.1627327117902
Setbp1	80.7914056715576	64.4877222832955	91.4125887046077	58.5133100174943	64.9783185273875	55.6145593530421	67.1398710441142	59.1573972130429
Zfp300	35.3462399813064	41.0376414530063	37.351380330915	46.0432603416349	46.1136454065331	41.4581260631769	46.0960308661083	44.1173809724388
Irf5	48.4748434029345	52.7626818681509	64.8734500484313	59.472544607945	49.2577575933421	47.5251689016906	49.1022937486806	45.1200487218124
Arid5b	36.3561325522009	40.0605547517442	47.1806909443136	37.4101490275783	37.7293462417089	30.3352141925684	39.0814174734396	30.0800324812083
Barx1	48.4748434029345	40.0605547517442	54.0612083736927	48.920964112987	54.4979445713573	48.5363427081095	53.1106442587769	51.1360552180541
Gmeb1	77.7617279588742	75.2356759971781	78.6344849071894	71.9425942838045	68.1224307141966	82.9162521263537	68.1419586716383	88.2347619448776
Gmeb2	93.9200090931857	78.1669361009643	96.327244011307	73.8610634647059	78.6028046702268	97.072685416219	80.1670102019274	113.301455679218
Mybl1	43.4253805484622	35.1751212454339	37.351380330915	48.920964112987	63.9302811317845	64.7151236108127	62.1294329064938	65.1734037092846
ENSMUSG00000097126	42.4154879775677	40.0605547517442	41.2831045762744	34.5324452562261	45.06560801093	43.4804736760148	46.0960308661083	46.122716471186
Rhox8	42.4154879775677	40.0605547517442	41.2831045762744	34.5324452562261	45.06560801093	43.4804736760148	46.0960308661083	46.122716471186
Fosl1	47.4649508320401	48.8543350631027	50.1294841283332	47.9617295225363	62.8822437361814	71.7933402557453	67.1398710441142	74.1974134536471
Tfcp2	49.484735973829	28.3355143365996	48.1636220056535	36.4509144371276	47.1616828021361	47.5251689016906	43.089767983536	48.1280519699332
Mypop	50.4946285447235	31.2667744403857	52.095346251013	39.3286182084798	74.4106550878147	74.8268616750021	73.1523968092588	74.1974134536471
Lcor	41.4055954066733	41.0376414530063	39.3172424535947	34.5324452562261	47.1616828021361	43.4804736760148	50.1043813762046	43.1147132230652
Hoxd11	48.4748434029345	42.0147281542683	54.0612083736927	44.1247911607334	39.8254210329149	34.3799094182442	41.0855927284878	34.0907034787027
Barhl1	55.5440913991958	50.8085084656268	67.8222432324509	62.3502483792972	82.7949542526389	100.106206835476	86.179535967072	105.280113684229
Barhl2	55.5440913991958	50.8085084656268	67.8222432324509	62.3502483792972	76.5067298790208	94.0391639969622	79.1649225744033	97.2587716892401
Cebpg	60.5935542536682	73.281502594654	61.9246568644117	69.0648905124523	81.7469168570359	91.0056425777053	77.1607473193552	110.293452431097
Hlf	39.3858102648843	28.3355143365996	43.2489666989542	39.3286182084798	42.969533219724	34.3799094182442	41.0855927284878	37.0987067268235
Atoh1	44.4352731193567	37.129294647958	50.1294841283332	35.4916798466769	49.2577575933421	42.4692998695958	51.1064690037287	44.1173809724388
Bhlhe23	44.4352731193567	37.129294647958	50.1294841283332	35.4916798466769	49.2577575933421	48.5363427081095	52.1085566312528	47.1253842205596
Neurod6	44.4352731193567	37.129294647958	50.1294841283332	35.4916798466769	42.969533219724	39.435778450339	48.1002061211565	40.1067099749444
Olig1	44.4352731193567	37.129294647958	50.1294841283332	35.4916798466769	52.4018697801512	47.5251689016906	54.112731886301	48.1280519699332
Dbp	42.4154879775677	31.2667744403857	47.1806909443136	42.2063219798319	53.4499071757542	49.5475165145285	53.1106442587769	55.1467262155485
